{
    "total_reward": -353.9178430592419,
    "avg_battery_power": 0.010555005957430655,
    "max_battery_power": 0.39230577647686005,
    "peak_grid_import": 10.501,
    "peak_grid_export": 2.3044980798528196,
    "export_energy_kwh": 5.359150471959572,
    "export_revenue": 0,
    "price_power_correlation": 0.002156154390027433,
    "avg_night_price": 57.6337298387096,
    "avg_day_price": 92.77206249999976,
    "night_charges_energy_kwh": 3.69084074292914,
    "day_charges_energy_kwh": 1.7548521964636166,
    "night_day_charge_ratio": 2.103220288504601,
    "avg_soc": 0.1276323443777273,
    "min_soc": 0.1,
    "max_soc": 0.5077150872675699,
    "pct_time_in_preferred_range": 5.813172043010752,
    "pct_time_at_high_soc": 0.0,
    "violation_percentage": 0.0,
    "top3_peaks": [
        10.003,
        9.258,
        8.952
    ],
    "peak_rolling_average": 9.404333333333334,
    "current_capacity_fee": 764.1020833333333,
    "fixed_grid_fee_total": 730.0,
    "months_in_episode": 2,
    "peak_reduction_due_to_discount": 0.49799999999999933,
    "estimated_savings": 40.46249999999995,
    "night_peaks": 156,
    "day_peaks": 68,
    "actions_modified": 2186,
    "pct_modified_actions": 73.45430107526882,
    "avg_action_delta": 0.023228656216577378,
    "max_action_delta": 0.06364963203668594,
    "reward_components": {
        "reward_grid_cost": -1883.7415682097826,
        "reward_capacity_penalty": -815.7440379055424,
        "reward_battery_cost": -43.13689401202844,
        "reward_soc_reward": 41.44992714490953,
        "reward_shaping": 19.27283421049698,
        "reward_arbitrage_bonus": 10.199707745964254,
        "reward_export_bonus": 1.8132939789341165,
        "reward_night_charging": 14.76336297171656,
        "reward_action_mod_penalty": -60.85137468903821,
        "reward_solar_soc": 0.0,
        "reward_night_peak_chain": 0.0
    },
    "reward_component_distributions": {
        "reward_grid_cost": {
            "min": -3.97501147,
            "max": -0.0,
            "mean": -0.6329776774898439,
            "median": -0.5522248111545884,
            "std": 0.4181705480123624,
            "p5": -1.4295584937494168,
            "p25": -0.7837565118309495,
            "p75": -0.349305274124209,
            "p95": -0.15472935,
            "zero_pct": 0.9408602150537635,
            "total": -1883.7415682097826
        },
        "reward_capacity_penalty": {
            "min": -2.7504999999999997,
            "max": -0.0,
            "mean": -0.27410753961879786,
            "median": 0.0,
            "std": 0.6007689711716435,
            "p5": -1.8607465442498219,
            "p25": -0.0,
            "p75": 0.0,
            "p95": 0.0,
            "zero_pct": 76.88172043010752,
            "total": -815.7440379055424
        },
        "reward_battery_cost": {
            "min": -0.2322863150191935,
            "max": -0.0,
            "mean": -0.014494924063181607,
            "median": 0.0,
            "std": 0.033637116590832745,
            "p5": -0.09231050621326034,
            "p25": -0.003976130823502899,
            "p75": 0.0,
            "p95": 0.0,
            "zero_pct": 72.58064516129032,
            "total": -43.13689401202844
        },
        "reward_soc_reward": {
            "min": -0.06000000000000001,
            "max": 1.4202234796964763,
            "mean": 0.013928066916973732,
            "median": -0.04,
            "std": 0.21676474792740205,
            "p5": -0.06000000000000001,
            "p25": -0.04,
            "p75": -0.019999999999999997,
            "p95": 0.42304516101765394,
            "zero_pct": 0.0,
            "total": 41.44992714490953
        },
        "reward_shaping": {
            "min": -1.5234294882459414,
            "max": 1.5122929766094737,
            "mean": 0.00647608676427988,
            "median": 0.010000000000000009,
            "std": 0.19669902150646768,
            "p5": -0.009441331269142511,
            "p25": 0.010000000000000009,
            "p75": 0.010000000000000009,
            "p95": 0.010000000000000009,
            "zero_pct": 0.0,
            "total": 19.27283421049698
        },
        "reward_arbitrage_bonus": {
            "min": 0.0,
            "max": 0.16580896684899926,
            "mean": 0.003427321151197666,
            "median": 0.0,
            "std": 0.015785334041662106,
            "p5": 0.0,
            "p25": 0.0,
            "p75": 0.0,
            "p95": 0.01818969554733485,
            "zero_pct": 89.34811827956989,
            "total": 10.199707745964254
        },
        "reward_export_bonus": {
            "min": 0.0,
            "max": 0.18455572872501308,
            "mean": 0.0006093057724913026,
            "median": 0.0,
            "std": 0.008930931225425634,
            "p5": 0.0,
            "p25": 0.0,
            "p75": 0.0,
            "p95": 0.0,
            "zero_pct": 99.05913978494624,
            "total": 1.8132939789341165
        },
        "reward_night_charging": {
            "min": 0.0,
            "max": 0.2923097088932991,
            "mean": 0.004960807450173576,
            "median": 0.0,
            "std": 0.026908934763559565,
            "p5": 0.0,
            "p25": 0.0,
            "p75": 0.0,
            "p95": 0.01602378790266812,
            "zero_pct": 91.59946236559139,
            "total": 14.76336297171656
        },
        "reward_action_mod_penalty": {
            "min": -0.07637955844402314,
            "max": -0.0,
            "mean": -0.020447370527230547,
            "median": -0.02060598805546761,
            "std": 0.017249320388669834,
            "p5": -0.045368777588009834,
            "p25": -0.035337541624903684,
            "p75": 0.0,
            "p95": 0.0,
            "zero_pct": 26.54569892473118,
            "total": -60.85137468903821
        },
        "reward_morning_soc": {
            "min": 0,
            "max": 0,
            "mean": 0,
            "median": 0,
            "std": 0,
            "p5": 0,
            "p25": 0,
            "p75": 0,
            "p95": 0,
            "zero_pct": 100.0,
            "total": 0
        },
        "reward_night_peak_chain": {
            "min": 0,
            "max": 0,
            "mean": 0,
            "median": 0,
            "std": 0,
            "p5": 0,
            "p25": 0,
            "p75": 0,
            "p95": 0,
            "zero_pct": 100.0,
            "total": 0
        }
    }
}