{
    "total_reward": 602.0453069030741,
    "avg_battery_power": 0.003636622651565628,
    "max_battery_power": 0.5217475444078445,
    "peak_grid_import": 9.83193993807959,
    "peak_grid_export": 12.191837412372916,
    "export_energy_kwh": 1080.773360464912,
    "export_revenue": 0,
    "price_power_correlation": -0.02582361016248877,
    "avg_night_price": 46.38616666666669,
    "avg_day_price": 60.66043541666658,
    "night_charges_energy_kwh": 4.713766282511642,
    "day_charges_energy_kwh": 25.06894897131133,
    "night_day_charge_ratio": 0.1880320665978471,
    "avg_soc": 0.25409486510332807,
    "min_soc": 0.1,
    "max_soc": 0.6347495137011173,
    "pct_time_in_preferred_range": 64.23611111111111,
    "pct_time_at_high_soc": 0.0,
    "violation_percentage": 0.0,
    "top3_peaks": [
        9.83193993807959,
        9.831937553893798,
        9.831934592288011
    ],
    "peak_rolling_average": 9.831937361420467,
    "current_capacity_fee": 798.8449106154129,
    "fixed_grid_fee_total": 730.0,
    "months_in_episode": 2,
    "peak_reduction_due_to_discount": 0.0,
    "estimated_savings": 0,
    "night_peaks": 16,
    "day_peaks": 52,
    "actions_modified": 393,
    "pct_modified_actions": 13.645833333333332,
    "avg_action_delta": 0.008162416219359543,
    "max_action_delta": 0.028697067871689796,
    "reward_components": {
        "reward_grid_cost": -1540.3400316316922,
        "reward_capacity_penalty": -417.38866183429974,
        "reward_battery_cost": -140.39996229361282,
        "reward_soc_reward": 4492.741411993527,
        "reward_shaping": 39.14328710591618,
        "reward_arbitrage_bonus": 0.0,
        "reward_export_bonus": 1228.7142987245697,
        "reward_night_charging": 18.85506513004657,
        "reward_action_mod_penalty": -8.030873049384246,
        "reward_morning_soc": -108.65436821769295,
        "reward_night_peak_chain": 52.96309200384302
    },
    "reward_component_distributions": {
        "reward_grid_cost": {
            "min": -3.851096976647265,
            "max": -0.0,
            "mean": -0.5348402887610051,
            "median": -0.35606798397592154,
            "std": 0.6615045429749267,
            "p5": -1.910922444474245,
            "p25": -0.8008602745030874,
            "p75": 0.0,
            "p95": 0.0,
            "zero_pct": 38.75,
            "total": -1540.3400316316922
        },
        "reward_capacity_penalty": {
            "min": -4.831939938079589,
            "max": -0.0,
            "mean": -0.14492661869246523,
            "median": 0.0,
            "std": 0.6353055722483437,
            "p5": -0.6402630492303171,
            "p25": -0.0,
            "p75": 0.0,
            "p95": 0.0,
            "zero_pct": 91.52777777777777,
            "total": -417.38866183429974
        },
        "reward_battery_cost": {
            "min": -0.3089294670835922,
            "max": -0.0,
            "mean": -0.04874998690750449,
            "median": -0.03288284866721369,
            "std": 0.05126205692763448,
            "p5": -0.1534100731514627,
            "p25": -0.07716203954623779,
            "p75": -0.009944842375261942,
            "p95": 0.0,
            "zero_pct": 12.916666666666668,
            "total": -140.39996229361282
        },
        "reward_soc_reward": {
            "min": -0.04999999999999999,
            "max": 4.996656630156038,
            "mean": 1.5599796569422266,
            "median": 1.111630518375852,
            "std": 1.6829745616286715,
            "p5": -0.04999999999999999,
            "p25": -0.04218906214437473,
            "p75": 3.0432583457143725,
            "p95": 4.339748929344423,
            "zero_pct": 0.0,
            "total": 4492.741411993527
        },
        "reward_shaping": {
            "min": -6.399024156341946,
            "max": 6.5215679961047135,
            "mean": 0.013591419133998646,
            "median": -0.005196016598618847,
            "std": 0.7984476095612904,
            "p5": -0.024158326393070938,
            "p25": -0.014567921089828753,
            "p75": 0.01066177967773077,
            "p95": 0.14000000000000057,
            "zero_pct": 0.0,
            "total": 39.14328710591618
        },
        "reward_arbitrage_bonus": {
            "min": 0,
            "max": 0,
            "mean": 0,
            "median": 0,
            "std": 0,
            "p5": 0,
            "p25": 0,
            "p75": 0,
            "p95": 0,
            "zero_pct": 100.0,
            "total": 0
        },
        "reward_export_bonus": {
            "min": 0.0,
            "max": 4.410675941756888,
            "mean": 0.4266369092793649,
            "median": 0.0,
            "std": 0.7718738468202873,
            "p5": 0.0,
            "p25": 0.0,
            "p75": 0.5744376834958993,
            "p95": 2.2118275879589557,
            "zero_pct": 61.38888888888889,
            "total": 1228.7142987245697
        },
        "reward_night_charging": {
            "min": 0.0,
            "max": 0.22507088258862495,
            "mean": 0.006546897614599503,
            "median": 0.0,
            "std": 0.02499367093351173,
            "p5": 0.0,
            "p25": 0.0,
            "p75": 0.0,
            "p95": 0.04681892367079854,
            "zero_pct": 88.33333333333333,
            "total": 18.85506513004657
        },
        "reward_action_mod_penalty": {
            "min": -0.08194456435739994,
            "max": -0.0,
            "mean": -0.002788497586591752,
            "median": 0.0,
            "std": 0.010063714026398825,
            "p5": -0.017351205623708624,
            "p25": -0.0,
            "p75": 0.0,
            "p95": 0.0,
            "zero_pct": 86.35416666666667,
            "total": -8.030873049384246
        },
        "reward_morning_soc": {
            "min": -1.5206437153636143,
            "max": 0.0,
            "mean": -0.03772721118669897,
            "median": 0.0,
            "std": 0.19273446124774843,
            "p5": -0.05158856203244987,
            "p25": 0.0,
            "p75": 0.0,
            "p95": 0.0,
            "zero_pct": 94.61805555555556,
            "total": -108.65436821769295
        },
        "reward_night_peak_chain": {
            "min": 0.0,
            "max": 1.956553291529417,
            "mean": 0.018389962501334386,
            "median": 0.0,
            "std": 0.13093645652895355,
            "p5": 0.0,
            "p25": 0.0,
            "p75": 0.0,
            "p95": 0.0,
            "zero_pct": 96.07638888888889,
            "total": 52.96309200384302
        }
    }
}