month,mae,rmse,mape,r2,bias,std_error,max_error,correlation
3,1100.1637999260433,1212.9522060666056,22238.536508610927,-1355.9280638038745,1100.1637999260433,510.7765338522656,1920.2477490949664,0.05637140288889262
4,3082.3114081271196,4450.254024930869,5157.133438438299,-3210.2064453703,2933.9387628685727,3346.156634431603,15129.544235283109,0.10293793824947255
