,mae,rmse,mape,r2,bias,std_error,max_error,correlation
0,42.76756608123354,66.58573819394968,3801.520136883192,0.5729584542850212,9.086029120477408,65.9629032536853,693.3122716513627,0.7691997333029656
