,mae,rmse,mape,r2,bias,std_error,max_error,correlation
0,2352.0464998425127,3612.5213677486704,11450.281937975587,-2125.8722071997367,2258.3374607318515,2819.6139001458937,15129.544235283109,0.2575426255828367
