year,mae,rmse,mape,r2,bias,std_error,max_error,correlation
2022,86.5257323330745,130.2519128600652,700.3560050618505,0.49917885470670054,-40.1135912486467,123.92118705387917,668.1280624638991,0.7593927853322541
2023,30.87164653256935,38.35005823131113,3716.893046208901,0.43559211739925474,14.417521867800128,35.53677010557459,229.6549509484743,0.7179767427844125
2024,34.543550797709436,42.75871876802247,6198.749127155391,0.12432701909347865,24.97391501517876,34.70751502913261,600.6132139327228,0.6504214949256613
2025,35.98679928900915,47.06345402277935,718.6370523594695,0.3124152011084669,12.667421468859635,45.32664931234759,334.690777228795,0.6096508979641907
