year,mae,rmse,mape,r2,bias,std_error,max_error,correlation
2022,85.07184964816037,130.19159489436188,593.0521220614258,0.4994435790575015,-41.451520598620576,123.41646090048026,693.3122716513627,0.7632016389048072
2023,33.777895234425436,43.306575470245505,3395.670298656669,0.2802714999820869,14.51231527922496,40.802600213668285,248.82688908446144,0.6636410543644292
2024,35.7596042405739,47.3637750491491,6045.3013130783775,-0.07440053289047688,23.141971737606916,41.32525052558303,642.0250745507702,0.5498286139384607
2025,35.82069264683827,49.763898619049094,544.1654268595578,0.22512057824850107,14.980677597315918,47.455504469895516,346.0457437519208,0.6005827382521658
