{
    "total_reward": -235.4875549729381,
    "avg_battery_power": -0.004779461608827807,
    "max_battery_power": 1.2204346805810928,
    "peak_grid_import": 12.671665623307229,
    "peak_grid_export": 2.0083549756756307,
    "export_energy_kwh": 67.99921731467684,
    "export_revenue": 0,
    "price_power_correlation": 0.30969001509995875,
    "avg_night_price": 28.219979838709616,
    "avg_day_price": 76.8684173387098,
    "night_charges_energy_kwh": 30.34437251590682,
    "day_charges_energy_kwh": 75.58427664970458,
    "night_day_charge_ratio": 0.401464085666095,
    "avg_soc": 0.70793359170957,
    "min_soc": 0.1,
    "max_soc": 0.9,
    "pct_time_in_preferred_range": 46.40456989247312,
    "pct_time_at_high_soc": 46.001344086021504,
    "violation_percentage": 0.0,
    "top3_peaks": [
        9.663350030183793,
        8.142953118890524,
        7.9859646488428115
    ],
    "peak_rolling_average": 8.597422599305709,
    "current_capacity_fee": 698.5405861935889,
    "fixed_grid_fee_total": 730.0,
    "months_in_episode": 2,
    "peak_reduction_due_to_discount": 3.008315593123436,
    "estimated_savings": 244.4256419412792,
    "night_peaks": 52,
    "day_peaks": 0,
    "actions_modified": 771,
    "pct_modified_actions": 25.90725806451613,
    "avg_action_delta": 0.1684294655950133,
    "max_action_delta": 0.4082598060697906,
    "reward_components": {
        "reward_grid_cost": -985.2661748223946,
        "reward_capacity_penalty": -686.6915071404599,
        "reward_battery_cost": -468.8842158961768,
        "reward_soc_reward": 650.4285164016401,
        "reward_shaping": 3.6844349752966443,
        "reward_arbitrage_bonus": 248.87857331506018,
        "reward_export_bonus": 49.33098645637812,
        "reward_night_charging": 121.37749006362728,
        "reward_action_mod_penalty": -155.20168172115984,
        "reward_solar_soc": 12.84998008981347,
        "reward_night_peak_chain": 0.0
    },
    "reward_component_distributions": {
        "reward_grid_cost": {
            "min": -1.4813664949929084,
            "max": -0.0,
            "mean": -0.33107062326021297,
            "median": -0.2812036875,
            "std": 0.2893435011385629,
            "p5": -0.9269431798355185,
            "p25": -0.4702297721581065,
            "p75": -0.11664071293386799,
            "p95": 0.0,
            "zero_pct": 16.46505376344086,
            "total": -985.2661748223946
        },
        "reward_capacity_penalty": {
            "min": -3.8358328116536144,
            "max": -0.0,
            "mean": -0.2307431139584877,
            "median": 0.0,
            "std": 0.6333039461001722,
            "p5": -1.795278555173427,
            "p25": -0.0,
            "p75": 0.0,
            "p95": 0.0,
            "zero_pct": 79.83870967741935,
            "total": -686.6915071404599
        },
        "reward_battery_cost": {
            "min": -1.1324989828281105,
            "max": -0.0,
            "mean": -0.15755518007264002,
            "median": -0.09767431024106613,
            "std": 0.1807885968500656,
            "p5": -0.5289124982848176,
            "p25": -0.2345556932452478,
            "p75": -0.0019739577319876924,
            "p95": 0.0,
            "zero_pct": 20.262096774193548,
            "total": -468.8842158961768
        },
        "reward_soc_reward": {
            "min": -0.35999999999999377,
            "max": 1.4999714420313661,
            "mean": 0.21855796922098017,
            "median": -0.013574934350117758,
            "std": 0.581125476709994,
            "p5": -0.33,
            "p25": -0.31500000000000006,
            "p75": 0.6720103068552397,
            "p95": 1.3356947477426493,
            "zero_pct": 0.0,
            "total": 650.4285164016401
        },
        "reward_shaping": {
            "min": -1.5049900531169296,
            "max": 1.6345503783996,
            "mean": 0.001238049386860441,
            "median": 0.006781557848126868,
            "std": 0.15973656354843066,
            "p5": -0.05312966994187955,
            "p25": -0.009731963565925898,
            "p75": 0.011650080532274426,
            "p95": 0.04418171124220912,
            "zero_pct": 0.0,
            "total": 3.6844349752966443
        },
        "reward_arbitrage_bonus": {
            "min": 0.0,
            "max": 1.0678803455084562,
            "mean": 0.08362855286124336,
            "median": 0.0,
            "std": 0.18647571647639852,
            "p5": 0.0,
            "p25": 0.0,
            "p75": 0.019478612230159342,
            "p95": 0.527447946369648,
            "zero_pct": 71.47177419354838,
            "total": 248.87857331506018
        },
        "reward_export_bonus": {
            "min": 0.0,
            "max": 0.6230564343312268,
            "mean": 0.01657627233077221,
            "median": 0.0,
            "std": 0.054233620127887905,
            "p5": 0.0,
            "p25": 0.0,
            "p75": 0.0,
            "p95": 0.11708024888283529,
            "zero_pct": 83.53494623655914,
            "total": 49.33098645637812
        },
        "reward_night_charging": {
            "min": 0.0,
            "max": 1.0807057470083237,
            "mean": 0.040785446929982275,
            "median": 0.0,
            "std": 0.15669305206197992,
            "p5": 0.0,
            "p25": 0.0,
            "p75": 0.0,
            "p95": 0.3883938305079937,
            "zero_pct": 88.50806451612904,
            "total": 121.37749006362728
        },
        "reward_action_mod_penalty": {
            "min": -0.48991176728374874,
            "max": -0.0,
            "mean": -0.052151102728884395,
            "median": 0.0,
            "std": 0.11016474079656677,
            "p5": -0.3220224112272263,
            "p25": -0.006970662508943591,
            "p75": 0.0,
            "p95": 0.0,
            "zero_pct": 74.09274193548387,
            "total": -155.20168172115984
        },
        "reward_morning_soc": {
            "min": 0,
            "max": 0,
            "mean": 0,
            "median": 0,
            "std": 0,
            "p5": 0,
            "p25": 0,
            "p75": 0,
            "p95": 0,
            "zero_pct": 100.0,
            "total": 0
        },
        "reward_night_peak_chain": {
            "min": 0,
            "max": 0,
            "mean": 0,
            "median": 0,
            "std": 0,
            "p5": 0,
            "p25": 0,
            "p75": 0,
            "p95": 0,
            "zero_pct": 100.0,
            "total": 0
        }
    }
}