{
    "total_reward": -5.117155228368285,
    "avg_battery_power": -0.03519170857111301,
    "max_battery_power": 3.215860426425934,
    "peak_grid_import": 11.842094038367271,
    "peak_grid_export": 13.175148468112035,
    "export_energy_kwh": 2536.3305414439587,
    "export_revenue": 0,
    "price_power_correlation": 0.3393728010808494,
    "avg_night_price": 22.03731666666666,
    "avg_day_price": 28.708862500000144,
    "night_charges_energy_kwh": 43.09722136607912,
    "day_charges_energy_kwh": 143.84088202719312,
    "night_day_charge_ratio": 0.29961733242105393,
    "avg_soc": 0.7770636102820546,
    "min_soc": 0.32529133291684986,
    "max_soc": 0.9,
    "pct_time_in_preferred_range": 42.74305555555556,
    "pct_time_at_high_soc": 57.25694444444444,
    "violation_percentage": 0.0,
    "top3_peaks": [
        8.53681768311863,
        6.935886134578254,
        6.485457748827839
    ],
    "peak_rolling_average": 7.319387188841574,
    "current_capacity_fee": 594.7002090933779,
    "fixed_grid_fee_total": 730.0,
    "months_in_episode": 2,
    "peak_reduction_due_to_discount": 3.305276355248642,
    "estimated_savings": 268.5537038639522,
    "night_peaks": 16,
    "day_peaks": 0,
    "actions_modified": 736,
    "pct_modified_actions": 25.555555555555554,
    "avg_action_delta": 0.15947732068816642,
    "max_action_delta": 0.5973113775253296,
    "reward_components": {
        "reward_grid_cost": -214.38852849197622,
        "reward_capacity_penalty": -116.8569886585397,
        "reward_battery_cost": -782.3172115290771,
        "reward_soc_reward": 170.9129964136713,
        "reward_shaping": 2.6174760071444956,
        "reward_arbitrage_bonus": 372.3856837774411,
        "reward_export_bonus": 893.2109549553281,
        "reward_night_charging": 172.38888546431647,
        "reward_action_mod_penalty": -139.20149877925988,
        "reward_solar_soc": 130.86147624999285,
        "reward_night_peak_chain": 0.0
    },
    "reward_component_distributions": {
        "reward_grid_cost": {
            "min": -1.163293305241461,
            "max": -0.0,
            "mean": -0.07444046128193613,
            "median": 0.0,
            "std": 0.15018583914890413,
            "p5": -0.3459842915940787,
            "p25": -0.09893165473850593,
            "p75": 0.0,
            "p95": 0.0,
            "zero_pct": 59.65277777777778,
            "total": -214.38852849197622
        },
        "reward_capacity_penalty": {
            "min": -3.4210470191836357,
            "max": -0.0,
            "mean": -0.04057534328421517,
            "median": 0.0,
            "std": 0.2717962557253268,
            "p5": -0.0,
            "p25": -0.0,
            "p75": 0.0,
            "p95": 0.0,
            "zero_pct": 96.38888888888889,
            "total": -116.8569886585397
        },
        "reward_battery_cost": {
            "min": -1.9041278840679874,
            "max": -0.0,
            "mean": -0.2716379206698184,
            "median": -0.16699766022104184,
            "std": 0.31889495668681334,
            "p5": -0.9429383170055716,
            "p25": -0.41150671156049756,
            "p75": -0.011210183392425903,
            "p95": 0.0,
            "zero_pct": 12.881944444444443,
            "total": -782.3172115290771
        },
        "reward_soc_reward": {
            "min": -0.36000000000000004,
            "max": 1.4968635617118586,
            "mean": 0.05934479042141406,
            "median": -0.11830405626125917,
            "std": 0.501196136167775,
            "p5": -0.3599999960001347,
            "p25": -0.32145263272925834,
            "p75": 0.20231803890851008,
            "p95": 1.2555044602165266,
            "zero_pct": 0.0,
            "total": 170.9129964136713
        },
        "reward_shaping": {
            "min": -1.4900000000000133,
            "max": 1.787497224985983,
            "mean": 0.0009088458358140644,
            "median": 0.002499995606571187,
            "std": 0.2225778729836648,
            "p5": -0.10216952939125364,
            "p25": -0.023223724860258997,
            "p75": 0.016542834692326175,
            "p95": 0.1208330983949686,
            "zero_pct": 0.0,
            "total": 2.6174760071444956
        },
        "reward_arbitrage_bonus": {
            "min": 0.0,
            "max": 2.811056077480316,
            "mean": 0.12930058464494482,
            "median": 0.0,
            "std": 0.36509888667103096,
            "p5": 0.0,
            "p25": 0.0,
            "p75": 2.209273464170991e-08,
            "p95": 0.8847500686533749,
            "zero_pct": 71.5625,
            "total": 372.3856837774411
        },
        "reward_export_bonus": {
            "min": 0.0,
            "max": 1.6464641780813374,
            "mean": 0.3101426926928228,
            "median": 0.1449515550222722,
            "std": 0.36456763032731143,
            "p5": 0.0,
            "p25": 0.0,
            "p75": 0.5592459615460177,
            "p95": 1.018484839680453,
            "zero_pct": 40.34722222222222,
            "total": 893.2109549553281
        },
        "reward_night_charging": {
            "min": 0.0,
            "max": 1.2165258079767227,
            "mean": 0.0598572518973321,
            "median": 0.0,
            "std": 0.17999578612432834,
            "p5": 0.0,
            "p25": 0.0,
            "p75": 0.0,
            "p95": 0.45995209738612075,
            "zero_pct": 81.07638888888889,
            "total": 172.38888546431647
        },
        "reward_action_mod_penalty": {
            "min": -0.7167736530303955,
            "max": -0.0,
            "mean": -0.04833385374279861,
            "median": 0.0,
            "std": 0.10646113741247443,
            "p5": -0.3002510118479953,
            "p25": -0.011232877846219937,
            "p75": 0.0,
            "p95": 0.0,
            "zero_pct": 74.44444444444444,
            "total": -139.20149877925988
        },
        "reward_morning_soc": {
            "min": 0,
            "max": 0,
            "mean": 0,
            "median": 0,
            "std": 0,
            "p5": 0,
            "p25": 0,
            "p75": 0,
            "p95": 0,
            "zero_pct": 100.0,
            "total": 0
        },
        "reward_night_peak_chain": {
            "min": 0,
            "max": 0,
            "mean": 0,
            "median": 0,
            "std": 0,
            "p5": 0,
            "p25": 0,
            "p75": 0,
            "p95": 0,
            "zero_pct": 100.0,
            "total": 0
        }
    }
}