{
    "mae": 0.6276592698155672,
    "rmse": 1.0466772323822713,
    "mape": 352.48335888263694
}