{
    "total_reward": -1224.3082449421797,
    "avg_battery_power": -0.019876280130672094,
    "max_battery_power": 0.9372527897357941,
    "peak_grid_import": 12.218100044816733,
    "peak_grid_export": 11.299474811725103,
    "export_energy_kwh": 1570.870605619166,
    "export_revenue": 0,
    "price_power_correlation": 0.1617771695898515,
    "avg_night_price": 33.81838333333334,
    "avg_day_price": 39.369108333333514,
    "night_charges_energy_kwh": 40.82022746785748,
    "day_charges_energy_kwh": 24.465323528153604,
    "night_day_charge_ratio": 1.6684932623467406,
    "avg_soc": 0.8627670234882971,
    "min_soc": 0.5016226793152534,
    "max_soc": 0.9,
    "pct_time_in_preferred_range": 4.097222222222222,
    "pct_time_at_high_soc": 90.69444444444444,
    "violation_percentage": 0.0,
    "top3_peaks": [
        6.109050022408367,
        5.559690835,
        5.13410709053278
    ],
    "peak_rolling_average": 5.600949315980382,
    "current_capacity_fee": 455.07713192340606,
    "fixed_grid_fee_total": 730.0,
    "months_in_episode": 2,
    "peak_reduction_due_to_discount": 6.109050022408367,
    "estimated_savings": 496.3603143206798,
    "night_peaks": 44,
    "day_peaks": 0,
    "actions_modified": 962,
    "pct_modified_actions": 33.40277777777778,
    "avg_action_delta": 0.06050883460874968,
    "max_action_delta": 0.1689680836575727,
    "reward_components": {
        "reward_grid_cost": -1099.8708964870164,
        "reward_capacity_penalty": -282.25256004243346,
        "reward_battery_cost": -260.27725044274825,
        "reward_soc_reward": -2280.6698123321717,
        "reward_shaping": 1.9841821898806318,
        "reward_arbitrage_bonus": 62.881186713963935,
        "reward_export_bonus": 130.67028708810224,
        "reward_night_charging": 326.5618197428598,
        "reward_action_mod_penalty": -114.58552243135811,
        "reward_solar_soc": 50.97462930192705,
        "reward_night_peak_chain": 15.909576218109578
    },
    "reward_component_distributions": {
        "reward_grid_cost": {
            "min": -4.741233722391133,
            "max": -0.0,
            "mean": -0.3818996168357697,
            "median": 0.0,
            "std": 0.8627097713341543,
            "p5": -2.6508205156220823,
            "p25": -0.2875180313160534,
            "p75": 0.0,
            "p95": 0.0,
            "zero_pct": 61.18055555555556,
            "total": -1099.8708964870164
        },
        "reward_capacity_penalty": {
            "min": -3.6090500224083666,
            "max": -0.0,
            "mean": -0.09800436112584505,
            "median": 0.0,
            "std": 0.45225118245102575,
            "p5": -0.5265934776725225,
            "p25": -0.0,
            "p75": 0.0,
            "p95": 0.0,
            "zero_pct": 93.47222222222223,
            "total": -282.25256004243346
        },
        "reward_battery_cost": {
            "min": -0.5549523097119834,
            "max": -0.0,
            "mean": -0.09037404529262089,
            "median": -0.05152701973565854,
            "std": 0.10496251403443382,
            "p5": -0.3066436195206878,
            "p25": -0.14664170624746475,
            "p75": -3.973900496168081e-09,
            "p95": 0.0,
            "zero_pct": 19.23611111111111,
            "total": -260.27725044274825
        },
        "reward_soc_reward": {
            "min": -1.1875,
            "max": 1.9907275467699805,
            "mean": -0.7918992403931153,
            "median": -1.0149429267744732,
            "std": 0.4882945945813343,
            "p5": -1.178054105973272,
            "p25": -1.1125,
            "p75": -0.6276071547635285,
            "p95": 0.22830821569150586,
            "zero_pct": 0.0,
            "total": -2280.6698123321717
        },
        "reward_shaping": {
            "min": -2.4970000000000088,
            "max": 2.5515426708029207,
            "mean": 0.0006889521492641075,
            "median": 0.0004999999990877302,
            "std": 0.3630316702109331,
            "p5": -0.031680425727735606,
            "p25": -0.007129559174298264,
            "p75": 0.0038665378500320202,
            "p95": 0.0342967344486936,
            "zero_pct": 0.0,
            "total": 1.9841821898806318
        },
        "reward_arbitrage_bonus": {
            "min": 0.0,
            "max": 0.42355015873908997,
            "mean": 0.021833745386793037,
            "median": 0.0,
            "std": 0.05140664064917588,
            "p5": 0.0,
            "p25": 0.0,
            "p75": 7.613868742784025e-05,
            "p95": 0.12970170285552737,
            "zero_pct": 69.75694444444444,
            "total": 62.881186713963935
        },
        "reward_export_bonus": {
            "min": 0.0,
            "max": 0.372155981552944,
            "mean": 0.04537162746114672,
            "median": 0.011530369225142542,
            "std": 0.06235625708506509,
            "p5": 0.0,
            "p25": 0.0,
            "p75": 0.07467960056009451,
            "p95": 0.1656471057039198,
            "zero_pct": 38.81944444444444,
            "total": 130.67028708810224
        },
        "reward_night_charging": {
            "min": 0.0,
            "max": 1.4878088235855103,
            "mean": 0.11338952074404846,
            "median": 0.0,
            "std": 0.2757363215600057,
            "p5": 0.0,
            "p25": 0.0,
            "p75": 0.0,
            "p95": 0.8128825053572655,
            "zero_pct": 76.11111111111111,
            "total": 326.5618197428598
        },
        "reward_action_mod_penalty": {
            "min": -0.3379361673151454,
            "max": -0.0,
            "mean": -0.03978663973311043,
            "median": 0.0,
            "std": 0.07233019054306228,
            "p5": -0.20739776814315394,
            "p25": -0.05180368218510596,
            "p75": 0.0,
            "p95": 0.0,
            "zero_pct": 66.59722222222221,
            "total": -114.58552243135811
        },
        "reward_morning_soc": {
            "min": 0,
            "max": 0,
            "mean": 0,
            "median": 0,
            "std": 0,
            "p5": 0,
            "p25": 0,
            "p75": 0,
            "p95": 0,
            "zero_pct": 100.0,
            "total": 0
        },
        "reward_night_peak_chain": {
            "min": 0.0,
            "max": 0.17353445291519165,
            "mean": 0.005524158409065826,
            "median": 0.0,
            "std": 0.019839966948235317,
            "p5": 0.0,
            "p25": 0.0,
            "p75": 0.0,
            "p95": 0.0435123939532785,
            "zero_pct": 88.95833333333333,
            "total": 15.909576218109578
        }
    }
}