{
    "total_reward": -187.67100533597468,
    "avg_battery_power": -0.008964509589149218,
    "max_battery_power": 2.8736090660095215,
    "peak_grid_import": 12.982160216093064,
    "peak_grid_export": 3.3593234371593477,
    "export_energy_kwh": 107.90576302847842,
    "export_revenue": 0,
    "price_power_correlation": 0.530633766847271,
    "avg_night_price": 28.219979838709616,
    "avg_day_price": 76.8684173387098,
    "night_charges_energy_kwh": 104.96315782995957,
    "day_charges_energy_kwh": 45.26791720045118,
    "night_day_charge_ratio": 2.31870968052653,
    "avg_soc": 0.45242609760496133,
    "min_soc": 0.1,
    "max_soc": 0.9,
    "pct_time_in_preferred_range": 41.63306451612903,
    "pct_time_at_high_soc": 19.018817204301076,
    "violation_percentage": 0.0,
    "top3_peaks": [
        9.761087938547135,
        8.635001848101616,
        8.206699147939682
    ],
    "peak_rolling_average": 8.867596311529477,
    "current_capacity_fee": 720.49220031177,
    "fixed_grid_fee_total": 730.0,
    "months_in_episode": 2,
    "peak_reduction_due_to_discount": 3.221072277545929,
    "estimated_savings": 261.7121225506067,
    "night_peaks": 52,
    "day_peaks": 0,
    "actions_modified": 586,
    "pct_modified_actions": 19.690860215053764,
    "avg_action_delta": 0.07803558276665616,
    "max_action_delta": 0.20169000327587128,
    "reward_components": {
        "reward_grid_cost": -987.8452337407999,
        "reward_capacity_penalty": -830.6758789174407,
        "reward_battery_cost": -661.1329542103327,
        "reward_soc_reward": 258.4519997492036,
        "reward_shaping": 1.1852625634041667,
        "reward_arbitrage_bonus": 431.89375816509545,
        "reward_export_bonus": 78.89429541721789,
        "reward_night_charging": 419.8526313198383,
        "reward_action_mod_penalty": -54.49005966754196,
        "reward_solar_soc": 14.097204804420471,
        "reward_night_peak_chain": 0.0
    },
    "reward_component_distributions": {
        "reward_grid_cost": {
            "min": -1.504576294213042,
            "max": -0.0,
            "mean": -0.33193724252042867,
            "median": -0.27543485614447094,
            "std": 0.3032411993868543,
            "p5": -0.957786004802795,
            "p25": -0.4782181934007842,
            "p75": -0.08466579597077703,
            "p95": 0.0,
            "zero_pct": 16.969086021505376,
            "total": -987.8452337407999
        },
        "reward_capacity_penalty": {
            "min": -3.991080108046532,
            "max": -0.0,
            "mean": -0.2791249593136559,
            "median": 0.0,
            "std": 0.715452572966398,
            "p5": -2.124257968783379,
            "p25": -0.0,
            "p75": 0.0,
            "p95": 0.0,
            "zero_pct": 78.29301075268818,
            "total": -830.6758789174407
        },
        "reward_battery_cost": {
            "min": -1.70147905224248,
            "max": -0.0,
            "mean": -0.22215489052766565,
            "median": -0.1726687837508507,
            "std": 0.22501501534159896,
            "p5": -0.6008727589658902,
            "p25": -0.3492200845166257,
            "p75": -0.03054136172776405,
            "p95": 0.0,
            "zero_pct": 16.129032258064516,
            "total": -661.1329542103327
        },
        "reward_soc_reward": {
            "min": -0.3960000000000001,
            "max": 0.7995661156144398,
            "mean": 0.08684543002325357,
            "median": -0.01339893232616618,
            "std": 0.28468518950997396,
            "p5": -0.32850000000000007,
            "p25": -0.06,
            "p75": 0.26284288908572573,
            "p95": 0.6688481851320416,
            "zero_pct": 0.0,
            "total": 258.4519997492036
        },
        "reward_shaping": {
            "min": -1.5433977173643103,
            "max": 1.6948258048281692,
            "mean": 0.0003982737108212942,
            "median": 0.00811241800317871,
            "std": 0.19482180356964188,
            "p5": -0.057178140042517964,
            "p25": -0.01861753348518888,
            "p75": 0.013780966729948354,
            "p95": 0.05463738298493395,
            "zero_pct": 0.0,
            "total": 1.1852625634041667
        },
        "reward_arbitrage_bonus": {
            "min": 0.0,
            "max": 2.5144079327583313,
            "mean": 0.14512559078128207,
            "median": 0.0,
            "std": 0.28483350428618437,
            "p5": 0.0,
            "p25": 0.0,
            "p75": 0.21780842450495402,
            "p95": 0.7115907361730933,
            "zero_pct": 64.88575268817203,
            "total": 431.89375816509545
        },
        "reward_export_bonus": {
            "min": 0.0,
            "max": 1.1303810519902917,
            "mean": 0.02651017991169955,
            "median": 0.0,
            "std": 0.09281823289893854,
            "p5": 0.0,
            "p25": 0.0,
            "p75": 0.0,
            "p95": 0.17653769104648454,
            "zero_pct": 83.03091397849462,
            "total": 78.89429541721789
        },
        "reward_night_charging": {
            "min": 0.0,
            "max": 1.2862655520439148,
            "mean": 0.14107951321231124,
            "median": 0.0,
            "std": 0.282051670389154,
            "p5": 0.0,
            "p25": 0.0,
            "p75": 0.01726258546113968,
            "p95": 0.8125605061650276,
            "zero_pct": 72.71505376344086,
            "total": 419.8526313198383
        },
        "reward_action_mod_penalty": {
            "min": -0.24202800393104557,
            "max": -0.0,
            "mean": -0.01830983187753426,
            "median": 0.0,
            "std": 0.04613328960783856,
            "p5": -0.126418753139631,
            "p25": -0.0,
            "p75": 0.0,
            "p95": 0.0,
            "zero_pct": 80.30913978494624,
            "total": -54.49005966754196
        },
        "reward_morning_soc": {
            "min": 0,
            "max": 0,
            "mean": 0,
            "median": 0,
            "std": 0,
            "p5": 0,
            "p25": 0,
            "p75": 0,
            "p95": 0,
            "zero_pct": 100.0,
            "total": 0
        },
        "reward_night_peak_chain": {
            "min": 0,
            "max": 0,
            "mean": 0,
            "median": 0,
            "std": 0,
            "p5": 0,
            "p25": 0,
            "p75": 0,
            "p95": 0,
            "zero_pct": 100.0,
            "total": 0
        }
    }
}