{
    "total_reward": -391.113030469213,
    "avg_battery_power": -0.000995952312494291,
    "max_battery_power": 1.0044682025909424,
    "peak_grid_import": 13.087692932844162,
    "peak_grid_export": 4.689030143776226,
    "export_energy_kwh": 220.84250199079324,
    "export_revenue": 0,
    "price_power_correlation": 0.31739070962498733,
    "avg_night_price": 48.77523214285708,
    "avg_day_price": 88.0496473214284,
    "night_charges_energy_kwh": 44.29237349026871,
    "day_charges_energy_kwh": 26.895252110730876,
    "night_day_charge_ratio": 1.6468473062796312,
    "avg_soc": 0.0,
    "min_soc": 0,
    "max_soc": 0,
    "pct_time_in_preferred_range": 0.0,
    "pct_time_at_high_soc": 0.0,
    "violation_percentage": 100.0,
    "top3_peaks": [
        11.047560313344002,
        11.047540625184775,
        11.047526301443577
    ],
    "peak_rolling_average": 11.047542413324118,
    "current_capacity_fee": 897.6128210825846,
    "fixed_grid_fee_total": 730.0,
    "months_in_episode": 2,
    "peak_reduction_due_to_discount": 2.0401326195001594,
    "estimated_savings": 165.76077533438794,
    "night_peaks": 80,
    "day_peaks": 8,
    "actions_modified": 350,
    "pct_modified_actions": 13.020833333333334,
    "avg_action_delta": 0.03886513789469788,
    "max_action_delta": 0.12362799793481827,
    "reward_components": {
        "reward_grid_cost": -2425.8888943057304,
        "reward_capacity_penalty": -1699.3101509254025,
        "reward_battery_cost": -319.1806841492494,
        "reward_soc_reward": 1328.2333598882137,
        "reward_shaping": 17.799441622545757,
        "reward_arbitrage_bonus": 0.0,
        "reward_export_bonus": 317.907034824133,
        "reward_night_charging": 177.16949396107483,
        "reward_action_mod_penalty": -35.88739037669693,
        "reward_morning_soc": -554.4456620559956,
        "reward_night_peak_chain": 347.9581257153768
    },
    "reward_component_distributions": {
        "reward_grid_cost": {
            "min": -6.601429664985662,
            "max": -0.0,
            "mean": -0.9024884279411227,
            "median": -0.5761622055639999,
            "std": 1.0839215672710087,
            "p5": -3.149873412570771,
            "p25": -1.4238924504822794,
            "p75": 0.0,
            "p95": -0.0,
            "zero_pct": 29.575892857142854,
            "total": -2425.8888943057304
        },
        "reward_capacity_penalty": {
            "min": -8.087692932844162,
            "max": -0.0,
            "mean": -0.6321838359097489,
            "median": 0.0,
            "std": 1.5220992520433805,
            "p5": -4.497999999999999,
            "p25": -0.0,
            "p75": 0.0,
            "p95": -0.0,
            "zero_pct": 77.52976190476191,
            "total": -1699.3101509254025
        },
        "reward_battery_cost": {
            "min": -0.5947509094288476,
            "max": -0.0,
            "mean": -0.11874281404361975,
            "median": -0.09171060114749707,
            "std": 0.11301343964785347,
            "p5": -0.3400391091494577,
            "p25": -0.18107294510762012,
            "p75": -0.025099222497374285,
            "p95": -0.0,
            "zero_pct": 8.519345238095239,
            "total": -319.1806841492494
        },
        "reward_soc_reward": {
            "min": -1.1500000000000001,
            "max": 4.9856028611192045,
            "mean": 0.49413443448222244,
            "median": -0.011626924040608083,
            "std": 1.418646923040934,
            "p5": -1.1500000000000001,
            "p25": -0.4553428785213754,
            "p75": 1.2454626113038594,
            "p95": 3.7213423044068072,
            "zero_pct": 0.0,
            "total": 1328.2333598882137
        },
        "reward_shaping": {
            "min": -6.373759473647673,
            "max": 6.56127693637849,
            "mean": 0.006621816079816127,
            "median": -0.004016568296840925,
            "std": 0.6003980898759742,
            "p5": -0.048374258175944394,
            "p25": -0.018919489103365897,
            "p75": 0.01746863978136637,
            "p95": 0.14000000000000057,
            "zero_pct": 0.0,
            "total": 17.799441622545757
        },
        "reward_arbitrage_bonus": {
            "min": 0,
            "max": 0,
            "mean": 0,
            "median": 0,
            "std": 0,
            "p5": 0,
            "p25": 0,
            "p75": 0,
            "p95": 0,
            "zero_pct": 100.0,
            "total": 0
        },
        "reward_export_bonus": {
            "min": 0.0,
            "max": 2.2285079554279377,
            "mean": 0.11826898616969246,
            "median": 0.0,
            "std": 0.28167066264992774,
            "p5": 0.0,
            "p25": 0.0,
            "p75": 0.0687324207362782,
            "p95": 0.7633807170447644,
            "zero_pct": 70.42410714285714,
            "total": 317.907034824133
        },
        "reward_night_charging": {
            "min": 0.0,
            "max": 0.6700052320957184,
            "mean": 0.06591127007480461,
            "median": 0.0,
            "std": 0.13825945383662339,
            "p5": 0.0,
            "p25": 0.0,
            "p75": 0.004647794412449002,
            "p95": 0.38555786944925796,
            "zero_pct": 72.39583333333334,
            "total": 177.16949396107483
        },
        "reward_action_mod_penalty": {
            "min": -0.3708839938044548,
            "max": -0.0,
            "mean": -0.013350963681806893,
            "median": 0.0,
            "std": 0.043662033805430364,
            "p5": -0.11310898996889591,
            "p25": -0.0,
            "p75": 0.0,
            "p95": -0.0,
            "zero_pct": 86.97916666666666,
            "total": -35.88739037669693
        },
        "reward_morning_soc": {
            "min": -2.75,
            "max": 0.0,
            "mean": -0.20626698737202218,
            "median": 0.0,
            "std": 0.6564186515723569,
            "p5": -2.3195196067685377,
            "p25": 0.0,
            "p75": 0.0,
            "p95": 0.0,
            "zero_pct": 88.83928571428571,
            "total": -554.4456620559956
        },
        "reward_night_peak_chain": {
            "min": 0.0,
            "max": 3.041932638734579,
            "mean": 0.12944870748339912,
            "median": 0.0,
            "std": 0.44925801074445326,
            "p5": 0.0,
            "p25": 0.0,
            "p75": 0.0,
            "p95": 1.106290959287435,
            "zero_pct": 88.20684523809523,
            "total": 347.9581257153768
        }
    }
}