{
    "total_reward": -124.86077680091296,
    "avg_battery_power": -0.011867757726591717,
    "max_battery_power": 5.207663178443909,
    "peak_grid_import": 13.608011037588119,
    "peak_grid_export": 5.168663178443909,
    "export_energy_kwh": 199.32068166245293,
    "export_revenue": 0,
    "price_power_correlation": 0.15238298311226617,
    "avg_night_price": 48.77523214285708,
    "avg_day_price": 88.0496473214284,
    "night_charges_energy_kwh": 80.59052515309304,
    "day_charges_energy_kwh": 97.99196015810594,
    "night_day_charge_ratio": 0.8224197681428517,
    "avg_soc": 0.16788997851508136,
    "min_soc": 0.1,
    "max_soc": 0.6279593088817852,
    "pct_time_in_preferred_range": 10.379464285714286,
    "pct_time_at_high_soc": 0.0,
    "violation_percentage": 0.0,
    "top3_peaks": [
        10.9,
        10.039,
        9.704176375865936
    ],
    "peak_rolling_average": 10.214392125288645,
    "current_capacity_fee": 829.9193601797024,
    "fixed_grid_fee_total": 730.0,
    "months_in_episode": 2,
    "peak_reduction_due_to_discount": 2.7080110375881183,
    "estimated_savings": 220.0258968040346,
    "night_peaks": 44,
    "day_peaks": 4,
    "actions_modified": 1080,
    "pct_modified_actions": 40.17857142857143,
    "avg_action_delta": 0.250114006531187,
    "max_action_delta": 0.7920007705688477,
    "reward_components": {
        "reward_grid_cost": -956.4433417904113,
        "reward_capacity_penalty": -817.81069105305,
        "reward_battery_cost": -785.7901068448898,
        "reward_soc_reward": 0.9058609497207806,
        "reward_shaping": 11.698636266520298,
        "reward_arbitrage_bonus": 356.303724709068,
        "reward_export_bonus": 118.7603797472069,
        "reward_night_charging": 322.36210061237216,
        "reward_action_mod_penalty": -320.99991963893495,
        "reward_solar_soc": 0.0,
        "reward_night_peak_chain": 0.0
    },
    "reward_component_distributions": {
        "reward_grid_cost": {
            "min": -2.710218697834401,
            "max": -0.0,
            "mean": -0.3558196956065514,
            "median": -0.22081717749001173,
            "std": 0.4272378950883022,
            "p5": -1.1866512000704132,
            "p25": -0.5348669922000128,
            "p75": -0.0037709949999999996,
            "p95": -0.0,
            "zero_pct": 22.395833333333336,
            "total": -956.4433417904113
        },
        "reward_capacity_penalty": {
            "min": -4.304005518794059,
            "max": -0.0,
            "mean": -0.3042450487548556,
            "median": 0.0,
            "std": 0.7609584296674826,
            "p5": -2.38346425665915,
            "p25": -0.0,
            "p75": 0.0,
            "p95": -0.0,
            "zero_pct": 79.61309523809523,
            "total": -817.81069105305
        },
        "reward_battery_cost": {
            "min": -3.0834847767102094,
            "max": -0.0,
            "mean": -0.29233262903455687,
            "median": -0.11030380827325739,
            "std": 0.4631681136821202,
            "p5": -1.1416919493238982,
            "p25": -0.41895992861827835,
            "p75": 0.0,
            "p95": -0.0,
            "zero_pct": 38.058035714285715,
            "total": -785.7901068448898
        },
        "reward_soc_reward": {
            "min": -0.06999999999999999,
            "max": 1.4779846839497295,
            "mean": 0.0003370018414138521,
            "median": -0.04493450082372874,
            "std": 0.2150038089281813,
            "p5": -0.06999999999999999,
            "p25": -0.05783304495133715,
            "p75": -0.030497619644421232,
            "p95": 0.08851104231551826,
            "zero_pct": 0.0,
            "total": 0.9058609497207806
        },
        "reward_shaping": {
            "min": -1.693876991877689,
            "max": 1.6010634935702281,
            "mean": 0.0043521712301043325,
            "median": 0.010000000000000009,
            "std": 0.32964169001294535,
            "p5": -0.11124113508597933,
            "p25": 0.007140655739911073,
            "p75": 0.016211216020429783,
            "p95": 0.0683153584451241,
            "zero_pct": 0.0,
            "total": 11.698636266520298
        },
        "reward_arbitrage_bonus": {
            "min": 0.0,
            "max": 4.3561311811208725,
            "mean": 0.13255346901379017,
            "median": 0.0,
            "std": 0.42946423528168887,
            "p5": 0.0,
            "p25": 0.0,
            "p75": 0.0,
            "p95": 0.7698328942060471,
            "zero_pct": 79.46428571428571,
            "total": 356.303724709068
        },
        "reward_export_bonus": {
            "min": 0.0,
            "max": 0.8309940270509774,
            "mean": 0.04418168889405024,
            "median": 0.0,
            "std": 0.12051349437011241,
            "p5": 0.0,
            "p25": 0.0,
            "p75": 0.0,
            "p95": 0.3180121960454158,
            "zero_pct": 77.60416666666666,
            "total": 118.7603797472069
        },
        "reward_night_charging": {
            "min": 0.0,
            "max": 2.012840211391449,
            "mean": 0.11992637671591226,
            "median": 0.0,
            "std": 0.30890771506575937,
            "p5": 0.0,
            "p25": 0.0,
            "p75": 0.0,
            "p95": 0.8581150248646738,
            "zero_pct": 78.75744047619048,
            "total": 322.36210061237216
        },
        "reward_action_mod_penalty": {
            "min": -0.9504009246826173,
            "max": -0.0,
            "mean": -0.11941961296091327,
            "median": 0.0,
            "std": 0.19636313986776174,
            "p5": -0.530694678425789,
            "p25": -0.1884366497397423,
            "p75": 0.0,
            "p95": -0.0,
            "zero_pct": 59.82142857142857,
            "total": -320.99991963893495
        },
        "reward_morning_soc": {
            "min": 0,
            "max": 0,
            "mean": 0,
            "median": 0,
            "std": 0,
            "p5": 0,
            "p25": 0,
            "p75": 0,
            "p95": 0,
            "zero_pct": 100.0,
            "total": 0
        },
        "reward_night_peak_chain": {
            "min": 0,
            "max": 0,
            "mean": 0,
            "median": 0,
            "std": 0,
            "p5": 0,
            "p25": 0,
            "p75": 0,
            "p95": 0,
            "zero_pct": 100.0,
            "total": 0
        }
    }
}