{
    "total_reward": -31.580339374171313,
    "avg_battery_power": -0.016223898425771665,
    "max_battery_power": 2.0948000252246857,
    "peak_grid_import": 12.259496697172523,
    "peak_grid_export": 9.294859700136374,
    "export_energy_kwh": 1028.5034677095841,
    "export_revenue": 0,
    "price_power_correlation": 0.39385461286213885,
    "avg_night_price": 34.81749193548385,
    "avg_day_price": 58.76215725806439,
    "night_charges_energy_kwh": 30.37235473769877,
    "day_charges_energy_kwh": 92.59262348685654,
    "night_day_charge_ratio": 0.32802132172019194,
    "avg_soc": 0.6807140466547199,
    "min_soc": 0.1,
    "max_soc": 0.9,
    "pct_time_in_preferred_range": 44.69086021505376,
    "pct_time_at_high_soc": 46.63978494623656,
    "violation_percentage": 0.0,
    "top3_peaks": [
        7.500597665041685,
        6.890893904209137,
        6.129748348586261
    ],
    "peak_rolling_average": 6.840413305945694,
    "current_capacity_fee": 555.7835811080877,
    "fixed_grid_fee_total": 730.0,
    "months_in_episode": 2,
    "peak_reduction_due_to_discount": 4.758899032130838,
    "estimated_savings": 386.6605463606306,
    "night_peaks": 17,
    "day_peaks": 0,
    "actions_modified": 807,
    "pct_modified_actions": 27.116935483870968,
    "avg_action_delta": 0.1757005933325824,
    "max_action_delta": 0.7204080820083618,
    "reward_components": {
        "reward_grid_cost": -499.26698847864935,
        "reward_capacity_penalty": -268.4991592571286,
        "reward_battery_cost": -525.4822673134156,
        "reward_soc_reward": 426.86598375166847,
        "reward_shaping": 3.455152694792218,
        "reward_arbitrage_bonus": 325.1961710851794,
        "reward_export_bonus": 405.7617280669835,
        "reward_night_charging": 121.48941895079508,
        "reward_action_mod_penalty": -169.18408768174302,
        "reward_solar_soc": 74.90398560650647,
        "reward_night_peak_chain": 0.0
    },
    "reward_component_distributions": {
        "reward_grid_cost": {
            "min": -2.6935493437066467,
            "max": -0.0,
            "mean": -0.1677644450533093,
            "median": -0.002317773474624753,
            "std": 0.3085666805429674,
            "p5": -0.712475389799037,
            "p25": -0.22037415625,
            "p75": 0.0,
            "p95": 0.0,
            "zero_pct": 47.88306451612903,
            "total": -499.26698847864935
        },
        "reward_capacity_penalty": {
            "min": -3.6297483485862614,
            "max": -0.0,
            "mean": -0.09022149168586303,
            "median": 0.0,
            "std": 0.3521167272116423,
            "p5": -0.6487629338167609,
            "p25": -0.0,
            "p75": 0.0,
            "p95": 0.0,
            "zero_pct": 87.97043010752688,
            "total": -268.4991592571286
        },
        "reward_battery_cost": {
            "min": -1.6696697724983096,
            "max": -0.0,
            "mean": -0.17657334251122858,
            "median": -0.09055397839983925,
            "std": 0.22520865605445778,
            "p5": -0.6010249821303757,
            "p25": -0.25666592226480134,
            "p75": -0.00028303772493199625,
            "p95": 0.0,
            "zero_pct": 18.98521505376344,
            "total": -525.4822673134156
        },
        "reward_soc_reward": {
            "min": -0.36000000000000004,
            "max": 1.4975413773739632,
            "mean": 0.1434361504541899,
            "median": -0.032302107461683306,
            "std": 0.5332145966521411,
            "p5": -0.35999999999999965,
            "p25": -0.31500000000000006,
            "p75": 0.5127657383655497,
            "p95": 1.265184132533907,
            "zero_pct": 0.0,
            "total": 426.86598375166847
        },
        "reward_shaping": {
            "min": -1.5049851859434173,
            "max": 1.9333090806363868,
            "mean": 0.0011610056098092228,
            "median": 0.004623968169122708,
            "std": 0.19908029188991927,
            "p5": -0.06250982513847303,
            "p25": -0.009755995319086871,
            "p75": 0.01146006624037374,
            "p95": 0.05526689764660378,
            "zero_pct": 0.0,
            "total": 3.455152694792218
        },
        "reward_arbitrage_bonus": {
            "min": 0.0,
            "max": 1.5622641146183014,
            "mean": 0.10927290695066506,
            "median": 0.0,
            "std": 0.22809639374170676,
            "p5": 0.0,
            "p25": 0.0,
            "p75": 0.08815981331281364,
            "p95": 0.6952265836298466,
            "zero_pct": 66.86827956989248,
            "total": 325.1961710851794
        },
        "reward_export_bonus": {
            "min": 0.0,
            "max": 1.4312503812060993,
            "mean": 0.1363446666891746,
            "median": 0.0,
            "std": 0.22017433254222243,
            "p5": 0.0,
            "p25": 0.0,
            "p75": 0.2263778599419577,
            "p95": 0.570437907035808,
            "zero_pct": 52.11693548387096,
            "total": 405.7617280669835
        },
        "reward_night_charging": {
            "min": 0.0,
            "max": 1.2984143197536469,
            "mean": 0.0408230574431435,
            "median": 0.0,
            "std": 0.1571235052659352,
            "p5": 0.0,
            "p25": 0.0,
            "p75": 0.0,
            "p95": 0.29572756960988045,
            "zero_pct": 85.4502688172043,
            "total": 121.48941895079508
        },
        "reward_action_mod_penalty": {
            "min": -0.8644896984100341,
            "max": -0.0,
            "mean": -0.056849491828542785,
            "median": 0.0,
            "std": 0.12546734410744995,
            "p5": -0.3306911319494248,
            "p25": -0.0332473061978817,
            "p75": 0.0,
            "p95": 0.0,
            "zero_pct": 72.88306451612904,
            "total": -169.18408768174302
        },
        "reward_morning_soc": {
            "min": 0,
            "max": 0,
            "mean": 0,
            "median": 0,
            "std": 0,
            "p5": 0,
            "p25": 0,
            "p75": 0,
            "p95": 0,
            "zero_pct": 100.0,
            "total": 0
        },
        "reward_night_peak_chain": {
            "min": 0,
            "max": 0,
            "mean": 0,
            "median": 0,
            "std": 0,
            "p5": 0,
            "p25": 0,
            "p75": 0,
            "p95": 0,
            "zero_pct": 100.0,
            "total": 0
        }
    }
}