{
    "total_reward": -77.62374653835951,
    "avg_battery_power": -0.018052776139619538,
    "max_battery_power": 3.18207323551178,
    "peak_grid_import": 12.630275843322277,
    "peak_grid_export": 4.219254453227234,
    "export_energy_kwh": 222.2684592351462,
    "export_revenue": 366.0459898025217,
    "price_power_correlation": 0.31756020636396237,
    "avg_night_price": 48.77523214285708,
    "avg_day_price": 88.0496473214284,
    "night_charges_energy_kwh": 68.46714587998576,
    "day_charges_energy_kwh": 119.17712704162113,
    "night_day_charge_ratio": 0.5744990467514329,
    "avg_soc": 0.2754454156797865,
    "min_soc": 0.1,
    "max_soc": 0.6656740291927823,
    "pct_time_in_preferred_range": 38.98809523809524,
    "pct_time_at_high_soc": 0.0,
    "violation_percentage": 0.0,
    "top3_peaks": [
        10.801416711509228,
        10.522164760380983,
        9.594849156439304
    ],
    "peak_rolling_average": 10.306143542776505,
    "current_capacity_fee": 837.374162850591,
    "fixed_grid_fee_total": 730.0,
    "months_in_episode": 2,
    "peak_reduction_due_to_discount": 1.828859131813049,
    "estimated_savings": 148.59480445981023,
    "night_peaks": 116,
    "day_peaks": 8,
    "actions_modified": 143,
    "pct_modified_actions": 5.319940476190476,
    "avg_action_delta": 0.0639359824006202,
    "max_action_delta": 0.27612096071243286,
    "reward_components": {
        "reward_grid_cost": -976.1726429917211,
        "reward_capacity_penalty": -822.7481166776905,
        "reward_battery_cost": -816.7778613178406,
        "reward_soc_reward": 289.0394713656336,
        "reward_shaping": 2.6837541111249728,
        "reward_arbitrage_bonus": 387.2827843898904,
        "reward_export_bonus": 146.41839592100868,
        "reward_night_charging": 273.86858351994306,
        "reward_action_mod_penalty": -10.56117108000559,
        "reward_solar_soc": 0.0,
        "reward_night_peak_chain": 0.0
    },
    "reward_component_distributions": {
        "reward_grid_cost": {
            "min": -2.6180153581012413,
            "max": -0.0,
            "mean": -0.3631594653987057,
            "median": -0.24897907944731995,
            "std": 0.4262920714907797,
            "p5": -1.2390259414863194,
            "p25": -0.5431635732909911,
            "p75": 0.0,
            "p95": -0.0,
            "zero_pct": 26.22767857142857,
            "total": -976.1726429917211
        },
        "reward_capacity_penalty": {
            "min": -3.8151379216611385,
            "max": -0.0,
            "mean": -0.3060818886449746,
            "median": 0.0,
            "std": 0.7619378244371362,
            "p5": -2.412116953536868,
            "p25": -0.0,
            "p75": 0.0,
            "p95": -0.0,
            "zero_pct": 77.86458333333334,
            "total": -822.7481166776905
        },
        "reward_battery_cost": {
            "min": -1.8841223105003964,
            "max": -0.0,
            "mean": -0.303860811502173,
            "median": -0.22817091923207045,
            "std": 0.30585151242182107,
            "p5": -0.8442174216830419,
            "p25": -0.411169734376017,
            "p75": -0.08086126211932615,
            "p95": -0.0022219929596758413,
            "zero_pct": 4.6875,
            "total": -816.7778613178406
        },
        "reward_soc_reward": {
            "min": -0.06999999999999999,
            "max": 1.4992456447389362,
            "mean": 0.10752956524019097,
            "median": -0.020758562848945547,
            "std": 0.31504650631722525,
            "p5": -0.059010848196233964,
            "p25": -0.03877461983701136,
            "p75": -0.002050133303863849,
            "p95": 0.9198086834317626,
            "zero_pct": 0.0,
            "total": 289.0394713656336
        },
        "reward_shaping": {
            "min": -1.5531849127676798,
            "max": 1.5321678229965354,
            "mean": 0.0009984204282458991,
            "median": 0.007638772666292606,
            "std": 0.18277084587833284,
            "p5": -0.0674321003607948,
            "p25": -0.012466488314879065,
            "p75": 0.01965940666566826,
            "p95": 0.05602668435577526,
            "zero_pct": 0.0,
            "total": 2.6837541111249728
        },
        "reward_arbitrage_bonus": {
            "min": 0.0,
            "max": 2.642693370580673,
            "mean": 0.1440784168117152,
            "median": 0.0,
            "std": 0.34632566094213074,
            "p5": 0.0,
            "p25": 0.0,
            "p75": 0.11102888965979218,
            "p95": 0.7692644800990824,
            "zero_pct": 66.36904761904762,
            "total": 387.2827843898904
        },
        "reward_export_bonus": {
            "min": 0.0,
            "max": 0.9219597513363005,
            "mean": 0.05447112943489912,
            "median": 0.0,
            "std": 0.13275504033679547,
            "p5": 0.0,
            "p25": 0.0,
            "p75": 0.00938293725034191,
            "p95": 0.36530622440499194,
            "zero_pct": 73.77232142857143,
            "total": 146.41839592100868
        },
        "reward_night_charging": {
            "min": 0.0,
            "max": 1.4730997383594513,
            "mean": 0.10188563374997882,
            "median": 0.0,
            "std": 0.23060884862653716,
            "p5": 0.0,
            "p25": 0.0,
            "p75": 0.004150762688368559,
            "p95": 0.6464575603604317,
            "zero_pct": 74.92559523809523,
            "total": 273.86858351994306
        },
        "reward_action_mod_penalty": {
            "min": -0.33134515285491944,
            "max": -0.0,
            "mean": -0.003929007098216365,
            "median": 0.0,
            "std": 0.02209215821031879,
            "p5": -0.00487389899790287,
            "p25": -0.0,
            "p75": 0.0,
            "p95": -0.0,
            "zero_pct": 94.68005952380952,
            "total": -10.56117108000559
        },
        "reward_morning_soc": {
            "min": 0,
            "max": 0,
            "mean": 0,
            "median": 0,
            "std": 0,
            "p5": 0,
            "p25": 0,
            "p75": 0,
            "p95": 0,
            "zero_pct": 100.0,
            "total": 0
        },
        "reward_night_peak_chain": {
            "min": 0,
            "max": 0,
            "mean": 0,
            "median": 0,
            "std": 0,
            "p5": 0,
            "p25": 0,
            "p75": 0,
            "p95": 0,
            "zero_pct": 100.0,
            "total": 0
        }
    }
}