{
    "total_reward": -413.75623781484705,
    "avg_battery_power": -0.065103743678888,
    "max_battery_power": 9.548491835594177,
    "peak_grid_import": 17.006,
    "peak_grid_export": 10.130043668094178,
    "export_energy_kwh": 376.50783706975477,
    "export_revenue": 0,
    "price_power_correlation": 0.2681885493290073,
    "avg_night_price": 28.219979838709616,
    "avg_day_price": 76.8684173387098,
    "night_charges_energy_kwh": 325.754216653934,
    "day_charges_energy_kwh": 208.68749839331932,
    "night_day_charge_ratio": 1.5609666087423009,
    "avg_soc": 0.6101685933041845,
    "min_soc": 0.1,
    "max_soc": 0.9,
    "pct_time_in_preferred_range": 24.731182795698924,
    "pct_time_at_high_soc": 48.622311827956985,
    "violation_percentage": 0.0,
    "top3_peaks": [
        10.716000000000001,
        10.015,
        9.432206063747406
    ],
    "peak_rolling_average": 10.054402021249137,
    "current_capacity_fee": 816.9201642264924,
    "fixed_grid_fee_total": 730.0,
    "months_in_episode": 2,
    "peak_reduction_due_to_discount": 6.289999999999999,
    "estimated_savings": 511.06249999999994,
    "night_peaks": 20,
    "day_peaks": 0,
    "actions_modified": 1687,
    "pct_modified_actions": 56.68682795698925,
    "avg_action_delta": 0.6729488651980341,
    "max_action_delta": 1.0,
    "reward_components": {
        "reward_grid_cost": -4292.3460084782,
        "reward_capacity_penalty": -1273.8262794645734,
        "reward_battery_cost": -2293.4325258480976,
        "reward_soc_reward": -167.7816794448647,
        "reward_shaping": -1.9759969793504184,
        "reward_arbitrage_bonus": 1170.0254458259274,
        "reward_export_bonus": 64.31525244684795,
        "reward_night_charging": 1303.016866615736,
        "reward_action_mod_penalty": -1354.8108222094074,
        "reward_solar_soc": 23.69425701443106,
        "reward_night_peak_chain": 211.90467612507854
    },
    "reward_component_distributions": {
        "reward_grid_cost": {
            "min": -7.6584543140624985,
            "max": -0.0,
            "mean": -1.4423205673649866,
            "median": -1.0978006640625002,
            "std": 1.3659016511666837,
            "p5": -4.166388521802533,
            "p25": -2.1710678249999997,
            "p75": -0.25009154128965233,
            "p95": 0.0,
            "zero_pct": 20.19489247311828,
            "total": -4292.3460084782
        },
        "reward_capacity_penalty": {
            "min": -6.003,
            "max": -0.0,
            "mean": -0.4280330240136323,
            "median": 0.0,
            "std": 0.9027711635810365,
            "p5": -2.35725,
            "p25": -0.3620000000000001,
            "p75": 0.0,
            "p95": 0.0,
            "zero_pct": 70.56451612903226,
            "total": -1273.8262794645734
        },
        "reward_battery_cost": {
            "min": -5.6537122710755,
            "max": -0.0,
            "mean": -0.7706426498145484,
            "median": -5.302834404835587e-07,
            "std": 1.1231041650342826,
            "p5": -2.671875,
            "p25": -1.5691669365072525,
            "p75": 0.0,
            "p95": 0.0,
            "zero_pct": 43.346774193548384,
            "total": -2293.4325258480976
        },
        "reward_soc_reward": {
            "min": -0.42750000000000005,
            "max": 0.9989184196530414,
            "mean": -0.05637825250163511,
            "median": -0.075,
            "std": 0.3662440966249014,
            "p5": -0.4050000000000001,
            "p25": -0.3375000000000001,
            "p75": -0.0030087922022646683,
            "p95": 0.7950568098463471,
            "zero_pct": 0.0,
            "total": -167.7816794448647
        },
        "reward_shaping": {
            "min": -2.081784591543236,
            "max": 2.3806522930880845,
            "mean": -0.0006639774796203448,
            "median": 0.0020000000000000018,
            "std": 0.3444450246810411,
            "p5": -0.3039344239723174,
            "p25": 0.0004995015783098855,
            "p75": 0.0055259808653243675,
            "p95": 0.24210940720699742,
            "zero_pct": 0.0,
            "total": -1.9759969793504184
        },
        "reward_arbitrage_bonus": {
            "min": 0.0,
            "max": 9.548491835594177,
            "mean": 0.393153711635056,
            "median": 0.0,
            "std": 1.1308693460334331,
            "p5": 0.0,
            "p25": 0.0,
            "p75": 0.0,
            "p95": 3.021603375673294,
            "zero_pct": 77.21774193548387,
            "total": 1170.0254458259274
        },
        "reward_export_bonus": {
            "min": 0.0,
            "max": 0.6656428254745657,
            "mean": 0.021611307945849475,
            "median": 0.0,
            "std": 0.06411708252182867,
            "p5": 0.0,
            "p25": 0.0,
            "p75": 0.0,
            "p95": 0.15939669877760937,
            "zero_pct": 79.80510752688173,
            "total": 64.31525244684795
        },
        "reward_night_charging": {
            "min": 0.0,
            "max": 5.0,
            "mean": 0.43784168905098686,
            "median": 0.0,
            "std": 1.3652959550505919,
            "p5": 0.0,
            "p25": 0.0,
            "p75": 0.0,
            "p95": 5.0,
            "zero_pct": 80.81317204301075,
            "total": 1303.016866615736
        },
        "reward_action_mod_penalty": {
            "min": -1.2000000000000002,
            "max": -0.0,
            "mean": -0.4552455719789631,
            "median": -0.21652595400810243,
            "std": 0.5078279041950691,
            "p5": -1.2000000000000002,
            "p25": -1.1654369627413783,
            "p75": 0.0,
            "p95": 0.0,
            "zero_pct": 43.31317204301075,
            "total": -1354.8108222094074
        },
        "reward_morning_soc": {
            "min": 0,
            "max": 0,
            "mean": 0,
            "median": 0,
            "std": 0,
            "p5": 0,
            "p25": 0,
            "p75": 0,
            "p95": 0,
            "zero_pct": 100.0,
            "total": 0
        },
        "reward_night_peak_chain": {
            "min": 0.0,
            "max": 2.3871229588985443,
            "mean": 0.07120452826783552,
            "median": 0.0,
            "std": 0.26426020908912956,
            "p5": 0.0,
            "p25": 0.0,
            "p75": 0.0,
            "p95": 0.6735171936452389,
            "zero_pct": 90.32258064516128,
            "total": 211.90467612507854
        }
    }
}