{
  "total_reward": -49055.63015073042,
  "avg_battery_power": 0.009649122807017537,
  "max_battery_power": 5.0,
  "peak_grid_import": 13.482784884160353,
  "peak_grid_export": 12.52891073427179,
  "export_energy_kwh": 1740.2867842541825,
  "export_revenue": 0,
  "price_power_correlation": 0.012823745564914371,
  "avg_night_price": 53.2352791666665,
  "avg_day_price": 115.24523541666667,
  "night_charges_energy_kwh": 6.947368421052627,
  "day_charges_energy_kwh": 0,
  "night_day_charge_ratio": Infinity,
  "avg_soc": 0.7997597598781189,
  "min_soc": 0.5539772510528564,
  "max_soc": 0.800000011920929,
  "pct_time_in_preferred_range": 0.06944444444444445,
  "pct_time_at_high_soc": 99.6875,
  "violation_percentage": 99.6875,
  "top3_peaks": [
    6.741392442080176,
    6.741392442080176,
    6.741392442080176
  ],
  "peak_rolling_average": 6.741392442080176,
  "current_capacity_fee": 547.7381359190143,
  "fixed_grid_fee_total": 730.0,
  "months_in_episode": 2,
  "peak_reduction_due_to_discount": 6.741392442080176,
  "estimated_savings": 547.7381359190143,
  "night_peaks": 6,
  "day_peaks": 0,
  "actions_modified": 2875,
  "pct_modified_actions": 99.82638888888889,
  "avg_action_delta": 0.9995229308604102,
  "max_action_delta": 1.0,
  "reward_components": {
    "reward_grid_cost": -44189.12213922454,
    "reward_capacity_penalty": -30140.068425989502,
    "reward_battery_cost": -296.9999999999999,
    "reward_soc_reward": -33298.31287567872,
    "reward_shaping": 2813.2309280880963,
    "reward_arbitrage_bonus": 0.0,
    "reward_export_bonus": 245604.474459318,
    "reward_night_charging": 27.78947368421051,
    "reward_action_mod_penalty": -126505.7499869409
  },
  "reward_component_distributions": {
    "reward_grid_cost": {
      "min": -102.39838049897683,
      "max": -0.0,
      "mean": -15.343445187230737,
      "median": 0.0,
      "std": 24.541247127581073,
      "p5": -71.6624375,
      "p25": -27.03836838761864,
      "p75": 0.0,
      "p95": 0.0,
      "zero_pct": 61.63194444444444,
      "total": -44189.12213922454
    },
    "reward_capacity_penalty": {
      "min": -323.36089273722695,
      "max": -0.0,
      "mean": -10.465301536801917,
      "median": 0.0,
      "std": 36.994214759137684,
      "p5": -133.4188170554226,
      "p25": -0.0,
      "p75": 0.0,
      "p95": 0.0,
      "zero_pct": 91.25,
      "total": -30140.068425989502
    },
    "reward_battery_cost": {
      "min": -53.4375,
      "max": -0.0,
      "mean": -0.10312499999999993,
      "median": 0.0,
      "std": 2.286079769886807,
      "p5": -0.0,
      "p25": -0.0,
      "p75": 0.0,
      "p95": 0.0,
      "zero_pct": 99.40972222222221,
      "total": -296.9999999999999
    },
    "reward_soc_reward": {
      "min": -11.589278520980853,
      "max": 17.352526063236176,
      "mean": -11.561914192944318,
      "median": -11.589278520980853,
      "std": 0.732701103368776,
      "p5": -11.589278520980853,
      "p25": -11.589278520980853,
      "p75": -11.589278520980853,
      "p95": -11.589278520980853,
      "zero_pct": 0.0,
      "total": -33298.31287567872
    },
    "reward_shaping": {
      "min": -48.5,
      "max": 1.0,
      "mean": 0.9768162944750335,
      "median": 1.0,
      "std": 0.925674479474799,
      "p5": 1.0,
      "p25": 1.0,
      "p75": 1.0,
      "p95": 1.0,
      "zero_pct": 0.0,
      "total": 2813.2309280880963
    },
    "reward_arbitrage_bonus": {
      "min": 0,
      "max": 0,
      "mean": 0,
      "median": 0,
      "std": 0,
      "p5": 0,
      "p25": 0,
      "p75": 0,
      "p95": 0,
      "zero_pct": 100.0,
      "total": 0
    },
    "reward_export_bonus": {
      "min": 0.0,
      "max": 670.0898730545908,
      "mean": 85.27933140948541,
      "median": 0.0,
      "std": 149.18672650875604,
      "p5": 0.0,
      "p25": 0.0,
      "p75": 126.4160685597826,
      "p95": 457.0655545841009,
      "zero_pct": 51.388888888888886,
      "total": 245604.474459318
    },
    "reward_night_charging": {
      "min": 0.0,
      "max": 5.0,
      "mean": 0.009649122807017537,
      "median": 0.0,
      "std": 0.21390220069116314,
      "p5": 0.0,
      "p25": 0.0,
      "p75": 0.0,
      "p95": 0.0,
      "zero_pct": 99.40972222222221,
      "total": 27.78947368421051
    },
    "reward_action_mod_penalty": {
      "min": -44.032775568425244,
      "max": -0.0,
      "mean": -43.92560763435332,
      "median": -44.032775568425244,
      "std": 2.006994919984301,
      "p5": -44.032775568425244,
      "p25": -44.032775568425244,
      "p75": -44.032775568425244,
      "p95": -44.032775568425244,
      "zero_pct": 0.1736111111111111,
      "total": -126505.7499869409
    }
  }
}