{
    "total_reward": -54.58339094830101,
    "avg_battery_power": -0.05104271817503738,
    "max_battery_power": 4.687709808349609,
    "peak_grid_import": 11.989,
    "peak_grid_export": 10.738544027492523,
    "export_energy_kwh": 1586.9736289678594,
    "export_revenue": 0,
    "price_power_correlation": 0.3790765769998519,
    "avg_night_price": 33.81838333333334,
    "avg_day_price": 39.369108333333514,
    "night_charges_energy_kwh": 118.25510341084596,
    "day_charges_energy_kwh": 198.34254968050953,
    "night_day_charge_ratio": 0.596216513306557,
    "avg_soc": 0.7308310057572064,
    "min_soc": 0.20263057486090136,
    "max_soc": 0.9,
    "pct_time_in_preferred_range": 63.50694444444444,
    "pct_time_at_high_soc": 45.90277777777778,
    "violation_percentage": 0.0,
    "top3_peaks": [
        5.9945,
        5.9945,
        5.9945
    ],
    "peak_rolling_average": 5.9944999999999995,
    "current_capacity_fee": 487.05312499999997,
    "fixed_grid_fee_total": 730.0,
    "months_in_episode": 2,
    "peak_reduction_due_to_discount": 5.9945,
    "estimated_savings": 487.053125,
    "night_peaks": 60,
    "day_peaks": 0,
    "actions_modified": 734,
    "pct_modified_actions": 25.48611111111111,
    "avg_action_delta": 0.24263031117812828,
    "max_action_delta": 0.6371375091977025,
    "reward_components": {
        "reward_grid_cost": -3770.3493353859044,
        "reward_capacity_penalty": -584.011351344911,
        "reward_battery_cost": -1339.522763495393,
        "reward_soc_reward": 2712.9613201397797,
        "reward_shaping": 40.30410673419562,
        "reward_arbitrage_bonus": 0.0,
        "reward_export_bonus": 1403.9394846534183,
        "reward_night_charging": 473.02041364338385,
        "reward_action_mod_penalty": -466.03884935489117,
        "reward_morning_soc": -806.0054072260846,
        "reward_night_peak_chain": 709.5704952604137
    },
    "reward_component_distributions": {
        "reward_grid_cost": {
            "min": -16.136778416539656,
            "max": -0.0,
            "mean": -1.3091490747867713,
            "median": 0.0,
            "std": 2.906771870247849,
            "p5": -8.40013818732719,
            "p25": -1.1524211803989126,
            "p75": 0.0,
            "p95": 0.0,
            "zero_pct": 62.22222222222222,
            "total": -3770.3493353859044
        },
        "reward_capacity_penalty": {
            "min": -6.989000000000001,
            "max": -0.0,
            "mean": -0.20278171921698318,
            "median": 0.0,
            "std": 0.9458497338393664,
            "p5": -1.163585694015026,
            "p25": -0.0,
            "p75": 0.0,
            "p95": 0.0,
            "zero_pct": 93.92361111111111,
            "total": -584.011351344911
        },
        "reward_battery_cost": {
            "min": -2.77561764968069,
            "max": -0.0,
            "mean": -0.46511207065812277,
            "median": -0.33153644839522284,
            "std": 0.479632533834011,
            "p5": -1.3718583719118647,
            "p25": -0.7588287374298824,
            "p75": -0.0227523209111645,
            "p95": 0.0,
            "zero_pct": 12.5,
            "total": -1339.522763495393
        },
        "reward_soc_reward": {
            "min": -1.5750000000000002,
            "max": 4.995369831439816,
            "mean": 0.9420004583818705,
            "median": 0.9579397558908744,
            "std": 2.1658901137681994,
            "p5": -1.5750000000000002,
            "p25": -1.5693545286837118,
            "p75": 2.743483762390152,
            "p95": 4.494914213551595,
            "zero_pct": 0.0,
            "total": 2712.9613201397797
        },
        "reward_shaping": {
            "min": -6.360000000000026,
            "max": 7.237007022599853,
            "mean": 0.013994481504929048,
            "median": 0.004178415903798263,
            "std": 0.9663289324396661,
            "p5": -0.17994674018620554,
            "p25": -0.03599099901066774,
            "p75": 0.050138366047670205,
            "p95": 0.14574729054456198,
            "zero_pct": 0.0,
            "total": 40.30410673419562
        },
        "reward_arbitrage_bonus": {
            "min": 0,
            "max": 0,
            "mean": 0,
            "median": 0,
            "std": 0,
            "p5": 0,
            "p25": 0,
            "p75": 0,
            "p95": 0,
            "zero_pct": 100.0,
            "total": 0
        },
        "reward_export_bonus": {
            "min": 0.0,
            "max": 3.6304862815054344,
            "mean": 0.48747898772688125,
            "median": 0.22055317768983196,
            "std": 0.6133853971468713,
            "p5": 0.0,
            "p25": 0.0,
            "p75": 0.8735443703465059,
            "p95": 1.6320941107071778,
            "zero_pct": 37.77777777777778,
            "total": 1403.9394846534183
        },
        "reward_night_charging": {
            "min": 0.0,
            "max": 2.6340267062187195,
            "mean": 0.16424319918173053,
            "median": 0.0,
            "std": 0.4455819814548308,
            "p5": 0.0,
            "p25": 0.0,
            "p75": 0.0,
            "p95": 1.2409425228834143,
            "zero_pct": 76.49305555555556,
            "total": 473.02041364338385
        },
        "reward_action_mod_penalty": {
            "min": -1.9109243328587295,
            "max": -0.0,
            "mean": -0.1618190449148926,
            "median": 0.0,
            "std": 0.3445615252258414,
            "p5": -0.99407479763031,
            "p25": -0.021536569038749565,
            "p75": 0.0,
            "p95": 0.0,
            "zero_pct": 74.51388888888889,
            "total": -466.03884935489117
        },
        "reward_morning_soc": {
            "min": -3.25,
            "max": 0.0,
            "mean": -0.2798629886201682,
            "median": 0.0,
            "std": 0.7956410109678608,
            "p5": -2.6215464799826544,
            "p25": 0.0,
            "p75": 0.0,
            "p95": 0.0,
            "zero_pct": 87.5,
            "total": -806.0054072260846
        },
        "reward_night_peak_chain": {
            "min": 0.0,
            "max": 12.86512278020382,
            "mean": 0.24637864418764366,
            "median": 0.0,
            "std": 1.4280057992275004,
            "p5": 0.0,
            "p25": 0.0,
            "p75": 0.0,
            "p95": 0.0,
            "zero_pct": 96.11111111111111,
            "total": 709.5704952604137
        }
    }
}