{
    "total_reward": -1045.7773938300686,
    "avg_battery_power": -0.06804351820067396,
    "max_battery_power": 10.0,
    "peak_grid_import": 16.991,
    "peak_grid_export": 10.0135089255,
    "export_energy_kwh": 383.12622214059195,
    "export_revenue": 0,
    "price_power_correlation": 0.3641301673274598,
    "avg_night_price": 28.219979838709616,
    "avg_day_price": 76.8684173387098,
    "night_charges_energy_kwh": 495.9025232093451,
    "day_charges_energy_kwh": 121.54346281746713,
    "night_day_charge_ratio": 4.080042741205152,
    "avg_soc": 0.47343276071266865,
    "min_soc": 0.1,
    "max_soc": 0.9,
    "pct_time_in_preferred_range": 27.486559139784944,
    "pct_time_at_high_soc": 29.67069892473118,
    "violation_percentage": 0.0,
    "top3_peaks": [
        10.015,
        9.980708191871642,
        9.164044128417968
    ],
    "peak_rolling_average": 9.719917440096538,
    "current_capacity_fee": 789.7432920078437,
    "fixed_grid_fee_total": 730.0,
    "months_in_episode": 2,
    "peak_reduction_due_to_discount": 6.975999999999999,
    "estimated_savings": 566.8,
    "night_peaks": 64,
    "day_peaks": 0,
    "actions_modified": 1449,
    "pct_modified_actions": 48.689516129032256,
    "avg_action_delta": 0.5436848355406,
    "max_action_delta": 1.0,
    "reward_components": {
        "reward_grid_cost": -4152.738754322717,
        "reward_capacity_penalty": -1427.3348306483604,
        "reward_battery_cost": -5324.526051511768,
        "reward_soc_reward": 294.20086768323296,
        "reward_shaping": -3.719717850385859,
        "reward_arbitrage_bonus": 817.9496750412812,
        "reward_export_bonus": 69.69585097155323,
        "reward_night_charging": 1983.6100928373803,
        "reward_action_mod_penalty": -935.4758592512732,
        "reward_solar_soc": 30.961817674105987,
        "reward_night_peak_chain": 238.001098724839
    },
    "reward_component_distributions": {
        "reward_grid_cost": {
            "min": -7.6584543140624985,
            "max": -0.0,
            "mean": -1.3954095276622012,
            "median": -1.0489718622936723,
            "std": 1.3978693535788251,
            "p5": -4.239580366044822,
            "p25": -2.0268446984301782,
            "p75": -0.0460635421875,
            "p95": 0.0,
            "zero_pct": 20.29569892473118,
            "total": -4152.738754322717
        },
        "reward_capacity_penalty": {
            "min": -5.9955,
            "max": -0.0,
            "mean": -0.47961519847055106,
            "median": 0.0,
            "std": 1.0806959365684479,
            "p5": -2.9000000000000004,
            "p25": -0.2227796518292947,
            "p75": 0.0,
            "p95": 0.0,
            "zero_pct": 71.90860215053763,
            "total": -1427.3348306483604
        },
        "reward_battery_cost": {
            "min": -11.842105263157897,
            "max": -0.0,
            "mean": -1.7891552592445483,
            "median": -0.33786955084284087,
            "std": 2.390561923146276,
            "p5": -6.269753038098939,
            "p25": -3.3372133676158757,
            "p75": 0.0,
            "p95": 0.0,
            "zero_pct": 33.568548387096776,
            "total": -5324.526051511768
        },
        "reward_soc_reward": {
            "min": -0.4050000000000001,
            "max": 1.4989441170325974,
            "mean": 0.09885781844194703,
            "median": -0.06,
            "std": 0.491201811660504,
            "p5": -0.36000000000000004,
            "p25": -0.18029905250269287,
            "p75": 0.13073018605343945,
            "p95": 1.2607102816500988,
            "zero_pct": 0.0,
            "total": 294.20086768323296
        },
        "reward_shaping": {
            "min": -1.931797256762616,
            "max": 2.2925282371876916,
            "mean": -0.0012499051916618437,
            "median": 0.0020000000000000018,
            "std": 0.38108330703057447,
            "p5": -0.35283563094766573,
            "p25": -0.00018493949666570364,
            "p75": 0.036247616058017074,
            "p95": 0.25891401313951135,
            "zero_pct": 0.0,
            "total": -3.719717850385859
        },
        "reward_arbitrage_bonus": {
            "min": 0.0,
            "max": 6.25,
            "mean": 0.2748486811294628,
            "median": 0.0,
            "std": 0.8566783866769622,
            "p5": 0.0,
            "p25": 0.0,
            "p75": 0.0,
            "p95": 1.8030818086117506,
            "zero_pct": 77.58736559139786,
            "total": 817.9496750412812
        },
        "reward_export_bonus": {
            "min": 0.0,
            "max": 1.231301111515182,
            "mean": 0.02341930476194665,
            "median": 0.0,
            "std": 0.08518558200999646,
            "p5": 0.0,
            "p25": 0.0,
            "p75": 0.0,
            "p95": 0.16929704450622465,
            "zero_pct": 79.70430107526882,
            "total": 69.69585097155323
        },
        "reward_night_charging": {
            "min": 0.0,
            "max": 5.0,
            "mean": 0.6665356494749258,
            "median": 0.0,
            "std": 1.5106852589257902,
            "p5": 0.0,
            "p25": 0.0,
            "p75": 2.642735807967256e-09,
            "p95": 4.868287295103073,
            "zero_pct": 71.16935483870968,
            "total": 1983.6100928373803
        },
        "reward_action_mod_penalty": {
            "min": -1.2000000000000002,
            "max": -0.0,
            "mean": -0.31434000646884175,
            "median": 0.0,
            "std": 0.4194430234928439,
            "p5": -1.1999948525181012,
            "p25": -0.6147059381008149,
            "p75": 0.0,
            "p95": 0.0,
            "zero_pct": 51.31048387096774,
            "total": -935.4758592512732
        },
        "reward_morning_soc": {
            "min": 0,
            "max": 0,
            "mean": 0,
            "median": 0,
            "std": 0,
            "p5": 0,
            "p25": 0,
            "p75": 0,
            "p95": 0,
            "zero_pct": 100.0,
            "total": 0
        },
        "reward_night_peak_chain": {
            "min": 0.0,
            "max": 2.5,
            "mean": 0.0799734874747443,
            "median": 0.0,
            "std": 0.33269765103631255,
            "p5": 0.0,
            "p25": 0.0,
            "p75": 0.0,
            "p95": 0.7163229212164879,
            "zero_pct": 92.33870967741935,
            "total": 238.001098724839
        }
    }
}