{
    "total_reward": 684.7741726412171,
    "avg_battery_power": -0.1245946641993379,
    "max_battery_power": 10.0,
    "peak_grid_import": 16.82,
    "peak_grid_export": 14.4624049,
    "export_energy_kwh": 1900.577792612616,
    "export_revenue": 0,
    "price_power_correlation": 0.334707606023738,
    "avg_night_price": 33.81838333333334,
    "avg_day_price": 39.369108333333514,
    "night_charges_energy_kwh": 421.64831104717257,
    "day_charges_energy_kwh": 548.5525138659755,
    "night_day_charge_ratio": 0.7686562368943793,
    "avg_soc": 0.5933015264232153,
    "min_soc": 0.1,
    "max_soc": 0.9,
    "pct_time_in_preferred_range": 29.062500000000004,
    "pct_time_at_high_soc": 44.02777777777778,
    "violation_percentage": 0.0,
    "top3_peaks": [
        9.2343351,
        8.9532192675,
        8.41
    ],
    "peak_rolling_average": 8.865851455833333,
    "current_capacity_fee": 720.3504307864583,
    "fixed_grid_fee_total": 730.0,
    "months_in_episode": 2,
    "peak_reduction_due_to_discount": 7.585664900000001,
    "estimated_savings": 616.3352731250001,
    "night_peaks": 31,
    "day_peaks": 0,
    "actions_modified": 1467,
    "pct_modified_actions": 50.9375,
    "avg_action_delta": 0.7995947548592575,
    "max_action_delta": 1.0,
    "reward_components": {
        "reward_grid_cost": -1696.6904008789363,
        "reward_capacity_penalty": -504.82463722079194,
        "reward_battery_cost": -4159.181631727268,
        "reward_soc_reward": 277.7691407898227,
        "reward_shaping": 12.030685239019045,
        "reward_arbitrage_bonus": 1382.2361249559883,
        "reward_export_bonus": 190.47230654849236,
        "reward_night_charging": 3373.1864883773806,
        "reward_action_mod_penalty": -869.0811805674126,
        "reward_solar_soc": 287.9955224506557,
        "reward_night_peak_chain": 392.068674918848
    },
    "reward_component_distributions": {
        "reward_grid_cost": {
            "min": -6.535594968750001,
            "max": -0.0,
            "mean": -0.5891286114162964,
            "median": 0.0,
            "std": 1.1593417054781379,
            "p5": -2.949806509519252,
            "p25": -0.6188115220054687,
            "p75": 0.0,
            "p95": 0.0,
            "zero_pct": 57.43055555555555,
            "total": -1696.6904008789363
        },
        "reward_capacity_penalty": {
            "min": -5.91,
            "max": -0.0,
            "mean": -0.1752863323683306,
            "median": 0.0,
            "std": 0.7089441451997324,
            "p5": -1.2119999999999997,
            "p25": -0.0,
            "p75": 0.0,
            "p95": 0.0,
            "zero_pct": 85.59027777777779,
            "total": -504.82463722079194
        },
        "reward_battery_cost": {
            "min": -5.921052631578949,
            "max": -0.0,
            "mean": -1.444160288794194,
            "median": -0.41535277115671265,
            "std": 1.7157123696422358,
            "p5": -5.321536855069174,
            "p25": -2.671875,
            "p75": 0.0,
            "p95": 0.0,
            "zero_pct": 26.770833333333332,
            "total": -4159.181631727268
        },
        "reward_soc_reward": {
            "min": -0.285,
            "max": 1.4983199280771347,
            "mean": 0.09644761832979903,
            "median": -0.03,
            "std": 0.4902375193964375,
            "p5": -0.285,
            "p25": -0.2849999995685252,
            "p75": 0.2148900731043389,
            "p95": 1.2531100478468897,
            "zero_pct": 0.0,
            "total": 277.7691407898227
        },
        "reward_shaping": {
            "min": -3.2775541377143615,
            "max": 3.295960925039872,
            "mean": 0.004177321263548245,
            "median": 0.015000000000000124,
            "std": 0.7223759074501485,
            "p5": -0.4252796988889103,
            "p25": -0.04300000000000037,
            "p75": 0.06319944962582662,
            "p95": 0.3711013065158083,
            "zero_pct": 0.0,
            "total": 12.030685239019045
        },
        "reward_arbitrage_bonus": {
            "min": 0.0,
            "max": 5.0,
            "mean": 0.4799430989430516,
            "median": 0.0,
            "std": 1.1061442580746246,
            "p5": 0.0,
            "p25": 0.0,
            "p75": 0.030344955560287157,
            "p95": 3.192390054464338,
            "zero_pct": 65.48611111111111,
            "total": 1382.2361249559883
        },
        "reward_export_bonus": {
            "min": 0.0,
            "max": 0.6947261022788931,
            "mean": 0.06613621755155998,
            "median": 0.028683963534875,
            "std": 0.09537434278875606,
            "p5": 0.0,
            "p25": 0.0,
            "p75": 0.0970736234968212,
            "p95": 0.2511062228092014,
            "zero_pct": 42.56944444444444,
            "total": 190.47230654849236
        },
        "reward_night_charging": {
            "min": 0.0,
            "max": 10.0,
            "mean": 1.171245308464368,
            "median": 0.0,
            "std": 3.088785391449859,
            "p5": 0.0,
            "p25": 0.0,
            "p75": 0.0,
            "p95": 10.0,
            "zero_pct": 76.35416666666667,
            "total": 3373.1864883773806
        },
        "reward_action_mod_penalty": {
            "min": -0.75,
            "max": -0.0,
            "mean": -0.30176429880812916,
            "median": -0.020335991866886616,
            "std": 0.33910046068503286,
            "p5": -0.75,
            "p25": -0.7497036906852389,
            "p75": 0.0,
            "p95": 0.0,
            "zero_pct": 49.0625,
            "total": -869.0811805674126
        },
        "reward_morning_soc": {
            "min": 0,
            "max": 0,
            "mean": 0,
            "median": 0,
            "std": 0,
            "p5": 0,
            "p25": 0,
            "p75": 0,
            "p95": 0,
            "zero_pct": 100.0,
            "total": 0
        },
        "reward_night_peak_chain": {
            "min": 0.0,
            "max": 2.5,
            "mean": 0.13613495656904448,
            "median": 0.0,
            "std": 0.4995628020215933,
            "p5": 0.0,
            "p25": 0.0,
            "p75": 0.0,
            "p95": 1.3436230272054672,
            "zero_pct": 91.31944444444444,
            "total": 392.068674918848
        }
    }
}