,mae,rmse,mape,r2,bias,std_error,max_error,correlation
0,41.43048407460592,64.09980736027568,4014.5190424515717,0.6043507301904032,9.79977402523945,63.34626849845769,668.1280624638991,0.8072827092836532
