{
    "total_reward": -31.578789810041876,
    "avg_battery_power": -0.04366362061075661,
    "max_battery_power": 4.268776476383209,
    "peak_grid_import": 10.768600025981664,
    "peak_grid_export": 1.4577764763832093,
    "export_energy_kwh": 11.883360408447016,
    "export_revenue": 0,
    "price_power_correlation": 0.4616096362202217,
    "avg_night_price": 57.6337298387096,
    "avg_day_price": 92.77206249999976,
    "night_charges_energy_kwh": 193.85271578126412,
    "day_charges_energy_kwh": 55.05575072368716,
    "night_day_charge_ratio": 3.5210257463233723,
    "avg_soc": 0.40715678523597476,
    "min_soc": 0.1,
    "max_soc": 0.9,
    "pct_time_in_preferred_range": 43.145161290322584,
    "pct_time_at_high_soc": 13.911290322580644,
    "violation_percentage": 0.0,
    "top3_peaks": [
        10.077191062450408,
        9.824364060044289,
        9.637754831790923
    ],
    "peak_rolling_average": 9.84643665142854,
    "current_capacity_fee": 800.0229779285689,
    "fixed_grid_fee_total": 730.0,
    "months_in_episode": 2,
    "peak_reduction_due_to_discount": 0.6914089635312557,
    "estimated_savings": 56.176978286914526,
    "night_peaks": 231,
    "day_peaks": 36,
    "actions_modified": 711,
    "pct_modified_actions": 23.891129032258064,
    "avg_action_delta": 0.12243883948440347,
    "max_action_delta": 0.43932542204856284,
    "reward_components": {
        "reward_grid_cost": -1834.372260657144,
        "reward_capacity_penalty": -930.2744302345988,
        "reward_battery_cost": -1044.6220037161584,
        "reward_soc_reward": 859.2405463720578,
        "reward_shaping": -1.5182451154421925,
        "reward_arbitrage_bonus": 695.3809265675119,
        "reward_export_bonus": 12.910008021311244,
        "reward_night_charging": 775.4108631250565,
        "reward_action_mod_penalty": -103.14776556860042,
        "reward_solar_soc": 4.894069321453571,
        "reward_night_peak_chain": 0.0
    },
    "reward_component_distributions": {
        "reward_grid_cost": {
            "min": -2.5612042535269164,
            "max": -0.0,
            "mean": -0.6163885284466193,
            "median": -0.5341322809843125,
            "std": 0.40676238249263086,
            "p5": -1.4875022471991943,
            "p25": -0.7856332209069485,
            "p75": -0.33714212244796804,
            "p95": -0.08168570002584999,
            "zero_pct": 2.6545698924731185,
            "total": -1834.372260657144
        },
        "reward_capacity_penalty": {
            "min": -2.884300012990832,
            "max": -0.0,
            "mean": -0.31259221446055063,
            "median": 0.0,
            "std": 0.707616653815352,
            "p5": -2.2729234085753562,
            "p25": -0.0,
            "p75": 0.0,
            "p95": 0.0,
            "zero_pct": 76.44489247311827,
            "total": -930.2744302345988
        },
        "reward_battery_cost": {
            "min": -2.5275650189111114,
            "max": -0.0,
            "mean": -0.35101545823795643,
            "median": -0.20218607696006075,
            "std": 0.4085906992971904,
            "p5": -1.1835100787360908,
            "p25": -0.580485522027103,
            "p75": -0.011361075681634247,
            "p95": 0.0,
            "zero_pct": 19.724462365591396,
            "total": -1044.6220037161584
        },
        "reward_soc_reward": {
            "min": -0.36000000000000004,
            "max": 1.4989574779947985,
            "mean": 0.28872330187233053,
            "median": -0.006641164856047099,
            "std": 0.5122928510416528,
            "p5": -0.3299999999980773,
            "p25": -0.04,
            "p75": 0.6524082827765998,
            "p95": 1.3282685438370438,
            "zero_pct": 0.0,
            "total": 859.2405463720578
        },
        "reward_shaping": {
            "min": -1.6179983465820464,
            "max": 1.6833967945749677,
            "mean": -0.0005101630092211477,
            "median": 0.010000000000000009,
            "std": 0.21647757351866695,
            "p5": -0.10502921995862606,
            "p25": -0.01869651281782142,
            "p75": 0.019523521692899143,
            "p95": 0.09228648232649429,
            "zero_pct": 0.0,
            "total": -1.5182451154421925
        },
        "reward_arbitrage_bonus": {
            "min": 0.0,
            "max": 3.735179416835308,
            "mean": 0.23366294575521243,
            "median": 0.0,
            "std": 0.5249626491296558,
            "p5": 0.0,
            "p25": 0.0,
            "p75": 0.17435604922816594,
            "p95": 1.3361123017966747,
            "zero_pct": 67.06989247311827,
            "total": 695.3809265675119
        },
        "reward_export_bonus": {
            "min": 0.0,
            "max": 0.8883557569398274,
            "mean": 0.004338040329741681,
            "median": 0.0,
            "std": 0.050386081844513965,
            "p5": 0.0,
            "p25": 0.0,
            "p75": 0.0,
            "p95": 0.0,
            "zero_pct": 97.34543010752688,
            "total": 12.910008021311244
        },
        "reward_night_charging": {
            "min": 0.0,
            "max": 2.697134017944336,
            "mean": 0.2605547255124518,
            "median": 0.0,
            "std": 0.5298866741964003,
            "p5": 0.0,
            "p25": 0.0,
            "p75": 0.1508248783648014,
            "p95": 1.4883797615766525,
            "zero_pct": 70.39650537634408,
            "total": 775.4108631250565
        },
        "reward_action_mod_penalty": {
            "min": -0.5271905064582755,
            "max": -0.0,
            "mean": -0.03465986746256733,
            "median": 0.0,
            "std": 0.081287226248445,
            "p5": -0.2263715207576752,
            "p25": -0.0,
            "p75": 0.0,
            "p95": 0.0,
            "zero_pct": 76.10887096774194,
            "total": -103.14776556860042
        },
        "reward_morning_soc": {
            "min": 0,
            "max": 0,
            "mean": 0,
            "median": 0,
            "std": 0,
            "p5": 0,
            "p25": 0,
            "p75": 0,
            "p95": 0,
            "zero_pct": 100.0,
            "total": 0
        },
        "reward_night_peak_chain": {
            "min": 0,
            "max": 0,
            "mean": 0,
            "median": 0,
            "std": 0,
            "p5": 0,
            "p25": 0,
            "p75": 0,
            "p95": 0,
            "zero_pct": 100.0,
            "total": 0
        }
    }
}