{
    "total_reward": -181.05164811944715,
    "avg_battery_power": 2.1604320583328294,
    "max_battery_power": 10.0,
    "peak_grid_import": 17.786,
    "peak_grid_export": 12.226656675000001,
    "export_energy_kwh": 527.2616907344329,
    "export_revenue": 0,
    "price_power_correlation": -0.037856541550222104,
    "avg_night_price": 48.77523214285708,
    "avg_day_price": 88.0496473214284,
    "night_charges_energy_kwh": 199.48203897612115,
    "day_charges_energy_kwh": 561.5632764368904,
    "night_day_charge_ratio": 0.3552262894429838,
    "avg_soc": 0.3523262365876387,
    "min_soc": 