{
    "total_reward": -1056.195207251712,
    "avg_battery_power": -0.011772191386960902,
    "max_battery_power": 1.9114972651004791,
    "peak_grid_import": 14.459659821510314,
    "peak_grid_export": 4.4127178,
    "export_energy_kwh": 184.3836730780993,
    "export_revenue": 0,
    "price_power_correlation": 0.03931243471630257,
    "avg_night_price": 48.77523214285708,
    "avg_day_price": 88.0496473214284,
    "night_charges_energy_kwh": 8.11738135562913,
    "day_charges_energy_kwh": 8.712491588347755,
    "night_day_charge_ratio": 0.9316945988774857,
    "avg_soc": 0.0,
    "min_soc": 0,
    "max_soc": 0,
    "pct_time_in_preferred_range": 0.0,
    "pct_time_at_high_soc": 0.0,
    "violation_percentage": 100.0,
    "top3_peaks": [
        10.9,
        10.9,
        10.9
    ],
    "peak_rolling_average": 10.9,
    "current_capacity_fee": 885.625,
    "fixed_grid_fee_total": 730.0,
    "months_in_episode": 2,
    "peak_reduction_due_to_discount": 3.559659821510314,
    "estimated_savings": 289.222360497713,
    "night_peaks": 32,
    "day_peaks": 0,
    "actions_modified": 2543,
    "pct_modified_actions": 94.60565476190477,
    "avg_action_delta": 0.21821398469898037,
    "max_action_delta": 0.5078746840953846,
    "reward_components": {
        "reward_grid_cost": -2405.1357654943886,
        "reward_capacity_penalty": -1592.5371306528987,
        "reward_battery_cost": -57.09770683550124,
        "reward_soc_reward": -2977.610723690078,
        "reward_shaping": 331.716532947426,
        "reward_arbitrage_bonus": 0.0,
        "reward_export_bonus": 260.1862028122016,
        "reward_night_charging": 32.46952542251652,
        "reward_action_mod_penalty": -1647.716387942588,
        "reward_morning_soc": -823.5486289584976,
        "reward_night_peak_chain": 36.3738599116914
    },
    "reward_component_distributions": {
        "reward_grid_cost": {
            "min": -6.498383346875,
            "max": -0.0,
            "mean": -0.8947677699011879,
            "median": -0.5641574609375002,
            "std": 1.0703350254393476,
            "p5": -3.1287504375,
            "p25": -1.4049036192286728,
            "p75": -0.008898330964176094,
            "p95": -0.0,
            "zero_pct": 22.321428571428573,
            "total": -2405.1357654943886
        },
        "reward_capacity_penalty": {
            "min": -9.459659821510314,
            "max": -0.0,
            "mean": -0.5924617301536093,
            "median": 0.0,
            "std": 1.4883185738529507,
            "p5": -4.536,
            "p25": -0.0,
            "p75": 0.0,
            "p95": -0.0,
            "zero_pct": 77.82738095238095,
            "total": -1592.5371306528987
        },
        "reward_battery_cost": {
            "min": -1.5243900921195745,
            "max": -0.0,
            "mean": -0.02124170641201683,
            "median": 0.0,
            "std": 0.12356958167351217,
            "p5": -0.05170666674201037,
            "p25": -0.0,
            "p75": 0.0,
            "p95": -0.0,
            "zero_pct": 89.32291666666666,
            "total": -57.09770683550124
        },
        "reward_soc_reward": {
            "min": -1.1500000000000001,
            "max": 4.242801706052639,
            "mean": -1.1077420847060817,
            "median": -1.1500000000000001,
            "std": 0.2702208749514261,
            "p5": -1.1500000000000001,
            "p25": -1.1500000000000001,
            "p75": -1.1500000000000001,
            "p95": -1.1307804861110726,
            "zero_pct": 0.0,
            "total": -2977.610723690078
        },
        "reward_shaping": {
            "min": -6.36000000000001,
            "max": 6.626251581237076,
            "mean": 0.12340644826913927,
            "median": 0.14000000000000057,
            "std": 0.6245032382172083,
            "p5": 0.009998762155587686,
            "p25": 0.14000000000000057,
            "p75": 0.14000000000000057,
            "p95": 0.14000000000000057,
            "zero_pct": 0.0,
            "total": 331.716532947426
        },
        "reward_arbitrage_bonus": {
            "min": 0,
            "max": 0,
            "mean": 0,
            "median": 0,
            "std": 0,
            "p5": 0,
            "p25": 0,
            "p75": 0,
            "p95": 0,
            "zero_pct": 100.0,
            "total": 0
        },
        "reward_export_bonus": {
            "min": 0.0,
            "max": 2.2285079554279377,
            "mean": 0.09679546235572964,
            "median": 0.0,
            "std": 0.2624117941504158,
            "p5": 0.0,
            "p25": 0.0,
            "p75": 0.0,
            "p95": 0.660097620905875,
            "zero_pct": 77.67857142857143,
            "total": 260.1862028122016
        },
        "reward_night_charging": {
            "min": 0.0,
            "max": 2.852659821510315,
            "mean": 0.012079436541114773,
            "median": 0.0,
            "std": 0.1689505368097067,
            "p5": 0.0,
            "p25": 0.0,
            "p75": 0.0,
            "p95": 0.0,
            "zero_pct": 98.06547619047619,
            "total": 32.46952542251652
        },
        "reward_action_mod_penalty": {
            "min": -1.5205374956130981,
            "max": -0.0,
            "mean": -0.6129897276572128,
            "median": -0.6014658138155937,
            "std": 0.3191550524694539,
            "p5": -1.1627933353185653,
            "p25": -0.8393539935350418,
            "p75": -0.42031657638136644,
            "p95": -0.0,
            "zero_pct": 5.394345238095238,
            "total": -1647.716387942588
        },
        "reward_morning_soc": {
            "min": -2.75,
            "max": 0.0,
            "mean": -0.3063796982732506,
            "median": 0.0,
            "std": 0.8644341087781198,
            "p5": -2.75,
            "p25": 0.0,
            "p75": 0.0,
            "p95": 0.0,
            "zero_pct": 88.83928571428571,
            "total": -823.5486289584976
        },
        "reward_night_peak_chain": {
            "min": 0.0,
            "max": 3.490160498768091,
            "mean": 0.013531941931432812,
            "median": 0.0,
            "std": 0.19333660167569378,
            "p5": 0.0,
            "p25": 0.0,
            "p75": 0.0,
            "p95": 0.0,
            "zero_pct": 99.14434523809523,
            "total": 36.3738599116914
        }
    }
}