{
    "total_reward": 108.63546919059985,
    "avg_battery_power": -0.05940327308508357,
    "max_battery_power": 5.731309652328491,
    "peak_grid_import": 12.820809097647667,
    "peak_grid_export": 11.16724887784767,
    "export_energy_kwh": 1584.3838363801174,
    "export_revenue": 1474.1265440042885,
    "price_power_correlation": 0.4772364978664477,
    "avg_night_price": 33.81838333333334,
    "avg_day_price": 39.369108333333514,
    "night_charges_energy_kwh": 104.61400787578896,
    "day_charges_energy_kwh": 349.5495538417884,
    "night_day_charge_ratio": 0.29928233844389024,
    "avg_soc": 0.43695145285589154,
    "min_soc": 0.1,
    "max_soc": 0.8999999999999999,
    "pct_time_in_preferred_range": 71.63194444444444,
    "pct_time_at_high_soc": 2.2916666666666665,
    "violation_percentage": 0.0,
    "top3_peaks": [
        6.410404548823833,
        6.161365571392135,
        5.738509868924713
    ],
    "peak_rolling_average": 6.103426663046894,
    "current_capacity_fee": 495.9034163725601,
    "fixed_grid_fee_total": 730.0,
    "months_in_episode": 2,
    "peak_reduction_due_to_discount": 6.410404548823833,
    "estimated_savings": 520.8453695919364,
    "night_peaks": 28,
    "day_peaks": 0,
    "actions_modified": 143,
    "pct_modified_actions": 4.965277777777778,
    "avg_action_delta": 0.17311079074671204,
    "max_action_delta": 0.567995548248291,
    "reward_components": {
        "reward_grid_cost": -304.37791507446207,
        "reward_capacity_penalty": -301.90483884687404,
        "reward_battery_cost": -1945.1269410310192,
        "reward_soc_reward": 1600.587898869224,
        "reward_shaping": -6.788421040546038,
        "reward_arbitrage_bonus": 1209.8118634732057,
        "reward_export_bonus": 589.6506176017153,
        "reward_night_charging": 418.4560315031558,
        "reward_action_mod_penalty": -28.64750572743497,
        "reward_solar_soc": 82.65165713615716,
        "reward_night_peak_chain": 0.0
    },
    "reward_component_distributions": {
        "reward_grid_cost": {
            "min": -1.3298384236535041,
            "max": -0.0,
            "mean": -0.10568677606752147,
            "median": 0.0,
            "std": 0.23589048173926708,
            "p5": -0.7225505605505171,
            "p25": -0.09397277401309502,
            "p75": 0.0,
            "p95": 0.0,
            "zero_pct": 63.68055555555555,
            "total": -304.37791507446207
        },
        "reward_capacity_penalty": {
            "min": -3.9104045488238333,
            "max": -0.0,
            "mean": -0.1048280690440537,
            "median": 0.0,
            "std": 0.47326903236372764,
            "p5": -0.8055051573663952,
            "p25": -0.0,
            "p75": 0.0,
            "p95": 0.0,
            "zero_pct": 93.47222222222223,
            "total": -301.90483884687404
        },
        "reward_battery_cost": {
            "min": -3.393538609931344,
            "max": -0.0,
            "mean": -0.6753912989691042,
            "median": -0.5387324356706813,
            "std": 0.5505348481413012,
            "p5": -1.7193632190556905,
            "p25": -1.0720842812014255,
            "p75": -0.1996637634461207,
            "p95": -0.009154618108004815,
            "zero_pct": 3.75,
            "total": -1945.1269410310192
        },
        "reward_soc_reward": {
            "min": -0.3299999999999996,
            "max": 1.499589129797326,
            "mean": 0.5557596871073683,
            "median": 0.49886190618715776,
            "std": 0.5442657168807779,
            "p5": -0.049999999999999996,
            "p25": -0.012330649753510673,
            "p75": 1.0582976786316936,
            "p95": 1.4210800790770317,
            "zero_pct": 0.0,
            "total": 1600.587898869224
        },
        "reward_shaping": {
            "min": -1.6427236080216,
            "max": 1.6213051185570657,
            "mean": -0.0023570906390784703,
            "median": 0.0011948012820058168,
            "std": 0.1969385475569367,
            "p5": -0.15702266082347224,
            "p25": -0.0549485964124031,
            "p75": 0.04788792231685321,
            "p95": 0.1451987185748714,
            "zero_pct": 0.0,
            "total": -6.788421040546038
        },
        "reward_arbitrage_bonus": {
            "min": 0.0,
            "max": 5.01489594578743,
            "mean": 0.42007356370597426,
            "median": 0.0,
            "std": 0.69112140451575,
            "p5": 0.0,
            "p25": 0.0,
            "p75": 0.6883077276870608,
            "p95": 1.8272775113582609,
            "zero_pct": 58.81944444444444,
            "total": 1209.8118634732057
        },
        "reward_export_bonus": {
            "min": 0.0,
            "max": 1.4938791093525001,
            "mean": 0.20473979777837326,
            "median": 0.11012181644484498,
            "std": 0.2515955761921029,
            "p5": 0.0,
            "p25": 0.0,
            "p75": 0.33260404868101145,
            "p95": 0.6821028677318672,
            "zero_pct": 36.31944444444444,
            "total": 589.6506176017153
        },
        "reward_night_charging": {
            "min": 0.0,
            "max": 1.9044306874275208,
            "mean": 0.145297233160818,
            "median": 0.0,
            "std": 0.3518756093288933,
            "p5": 0.0,
            "p25": 0.0,
            "p75": 0.0,
            "p95": 1.004441224038601,
            "zero_pct": 78.71527777777779,
            "total": 418.4560315031558
        },
        "reward_action_mod_penalty": {
            "min": -0.6815946578979493,
            "max": -0.0,
            "mean": -0.009947050599803813,
            "median": 0.0,
            "std": 0.054263101289501355,
            "p5": -0.0,
            "p25": -0.0,
            "p75": 0.0,
            "p95": 0.0,
            "zero_pct": 95.03472222222223,
            "total": -28.64750572743497
        },
        "reward_morning_soc": {
            "min": 0,
            "max": 0,
            "mean": 0,
            "median": 0,
            "std": 0,
            "p5": 0,
            "p25": 0,
            "p75": 0,
            "p95": 0,
            "zero_pct": 100.0,
            "total": 0
        },
        "reward_night_peak_chain": {
            "min": 0,
            "max": 0,
            "mean": 0,
            "median": 0,
            "std": 0,
            "p5": 0,
            "p25": 0,
            "p75": 0,
            "p95": 0,
            "zero_pct": 100.0,
            "total": 0
        }
    }
}