{
    "total_reward": -310.51922522007084,
    "avg_battery_power": -0.04484661056431162,
    "max_battery_power": 5.5839502811431885,
    "peak_grid_import": 16.166977602005005,
    "peak_grid_export": 5.586775262643188,
    "export_energy_kwh": 183.95769340094637,
    "export_revenue": 0,
    "price_power_correlation": 0.3382042539552916,
    "avg_night_price": 28.219979838709616,
    "avg_day_price": 76.8684173387098,
    "night_charges_energy_kwh": 274.8177205331833,
    "day_charges_energy_kwh": 101.31295541193282,
    "night_day_charge_ratio": 2.712562469585354,
    "avg_soc": 0.5543377435250472,
    "min_soc": 0.1,
    "max_soc": 0.9,
    "pct_time_in_preferred_range": 37.163978494623656,
    "pct_time_at_high_soc": 38.138440860215056,
    "violation_percentage": 0.0,
    "top3_peaks": [
        8.451000019388198,
        8.083488801002503,
        7.982973219633102
    ],
    "peak_rolling_average": 8.1724873466746,
    "current_capacity_fee": 664.0145969173113,
    "fixed_grid_fee_total": 730.0,
    "months_in_episode": 2,
    "peak_reduction_due_to_discount": 7.715977582616807,
    "estimated_savings": 626.9231785876156,
    "night_peaks": 36,
    "day_peaks": 0,
    "actions_modified": 1306,
    "pct_modified_actions": 43.884408602150536,
    "avg_action_delta": 0.34563254030084944,
    "max_action_delta": 1.0,
    "reward_components": {
        "reward_grid_cost": -514.023785035309,
        "reward_capacity_penalty": -2056.1578335149643,
        "reward_battery_cost": -1615.7906827714808,
        "reward_soc_reward": 76.48901785736771,
        "reward_shaping": 72.89853803939694,
        "reward_arbitrage_bonus": 484.4379042550599,
        "reward_export_bonus": 35.39218085260651,
        "reward_night_charging": 2198.5417642654666,
        "reward_action_mod_penalty": -896.0229799069235,
        "reward_solar_soc": 20.973590668290854,
        "reward_night_peak_chain": 396.0633351607997
    },
    "reward_component_distributions": {
        "reward_grid_cost": {
            "min": -0.9205656243614402,
            "max": -0.0,
            "mean": -0.1727230460468105,
            "median": -0.133553289375,
            "std": 0.16985010668689698,
            "p5": -0.5172755902390302,
            "p25": -0.25564709477912717,
            "p75": -0.012867601273640695,
            "p95": 0.0,
            "zero_pct": 18.245967741935484,
            "total": -514.023785035309
        },
        "reward_capacity_penalty": {
            "min": -11.166977602005005,
            "max": -0.0,
            "mean": -0.6909132505090595,
            "median": 0.0,
            "std": 1.7359575037442776,
            "p5": -4.717873148202895,
            "p25": -0.0,
            "p75": 0.0,
            "p95": 0.0,
            "zero_pct": 75.26881720430107,
            "total": -2056.1578335149643
        },
        "reward_battery_cost": {
            "min": -3.3062863506768885,
            "max": -0.0,
            "mean": -0.5429404175979434,
            "median": -0.1700904133643857,
            "std": 0.687757938466946,
            "p5": -1.9653170490637422,
            "p25": -1.0451256585074589,
            "p75": 0.0,
            "p95": 0.0,
            "zero_pct": 35.61827956989247,
            "total": -1615.7906827714808
        },
        "reward_soc_reward": {
            "min": -0.825,
            "max": 1.9988907559929292,
            "mean": 0.02570195492519062,
            "median": -0.05,
            "std": 0.799444008738592,
            "p5": -0.825,
            "p25": -0.8249999999975155,
            "p75": 0.563261473962096,
            "p95": 1.6099247278462199,
            "zero_pct": 0.0,
            "total": 76.48901785736771
        },
        "reward_shaping": {
            "min": -6.734057071220495,
            "max": 6.933191482236511,
            "mean": 0.024495476491732875,
            "median": 0.07000000000000028,
            "std": 1.0679802296076129,
            "p5": -0.1755533776965672,
            "p25": -0.023385688221676984,
            "p75": 0.07000000000000028,
            "p95": 0.16685759454933552,
            "zero_pct": 0.0,
            "total": 72.89853803939694
        },
        "reward_arbitrage_bonus": {
            "min": 0.0,
            "max": 2.7919751405715942,
            "mean": 0.16278155384914644,
            "median": 0.0,
            "std": 0.42319142465078313,
            "p5": 0.0,
            "p25": 0.0,
            "p75": 0.0,
            "p95": 1.3787946850061417,
            "zero_pct": 78.29301075268818,
            "total": 484.4379042550599
        },
        "reward_export_bonus": {
            "min": 0.0,
            "max": 0.5488727356783801,
            "mean": 0.011892533888644662,
            "median": 0.0,
            "std": 0.04296242932567596,
            "p5": 0.0,
            "p25": 0.0,
            "p75": 0.0,
            "p95": 0.08731716159172578,
            "zero_pct": 81.75403225806451,
            "total": 35.39218085260651
        },
        "reward_night_charging": {
            "min": 0.0,
            "max": 8.496819734573364,
            "mean": 0.7387573132612458,
            "median": 0.0,
            "std": 1.9020880547872425,
            "p5": 0.0,
            "p25": 0.0,
            "p75": 0.0,
            "p95": 5.807309001684189,
            "zero_pct": 79.33467741935483,
            "total": 2198.5417642654666
        },
        "reward_action_mod_penalty": {
            "min": -2.0,
            "max": -0.0,
            "mean": -0.30108299056012217,
            "median": 0.0,
            "std": 0.4791592496337765,
            "p5": -1.4417963027954102,
            "p25": -0.4862819164991379,
            "p75": 0.0,
            "p95": 0.0,
            "zero_pct": 56.115591397849464,
            "total": -896.0229799069235
        },
        "reward_morning_soc": {
            "min": 0,
            "max": 0,
            "mean": 0,
            "median": 0,
            "std": 0,
            "p5": 0,
            "p25": 0,
            "p75": 0,
            "p95": 0,
            "zero_pct": 100.0,
            "total": 0
        },
        "reward_night_peak_chain": {
            "min": 0.0,
            "max": 2.7919751405715942,
            "mean": 0.13308579810510743,
            "median": 0.0,
            "std": 0.40661770591698904,
            "p5": 0.0,
            "p25": 0.0,
            "p75": 0.0,
            "p95": 1.3471129909157753,
            "zero_pct": 87.33198924731182,
            "total": 396.0633351607997
        }
    }
}