{
    "total_reward": -204.82390149074462,
    "avg_battery_power": -0.051992422715264316,
    "max_battery_power": 10.0,
    "peak_grid_import": 15.560822083473205,
    "peak_grid_export": 9.894,
    "export_energy_kwh": 323.5752303982451,
    "export_revenue": 0,
    "price_power_correlation": 0.3767920571185275,
    "avg_night_price": 28.219979838709616,
    "avg_day_price": 76.8684173387098,
    "night_charges_energy_kwh": 436.40272580564806,
    "day_charges_energy_kwh": 55.126144598119154,
    "night_day_charge_ratio": 7.9164383612732765,
    "avg_soc": 0.40079526658061343,
    "min_soc": 0.1,
    "max_soc": 0.9,
    "pct_time_in_preferred_range": 28.158602150537636,
    "pct_time_at_high_soc": 20.766129032258064,
    "violation_percentage": 0.0,
    "top3_peaks": [
        10.038199729621411,
        9.90263431763649,
        8.98775935959816
    ],
    "peak_rolling_average": 9.64286446895202,
    "current_capacity_fee": 783.4827381023516,
    "fixed_grid_fee_total": 730.0,
    "months_in_episode": 2,
    "peak_reduction_due_to_discount": 5.522622353851794,
    "estimated_savings": 448.71306625045827,
    "night_peaks": 66,
    "day_peaks": 0,
    "actions_modified": 1502,
    "pct_modified_actions": 50.47043010752689,
    "avg_action_delta": 0.4921078089568952,
    "max_action_delta": 1.0,
    "reward_components": {
        "reward_grid_cost": -1067.7500226915945,
        "reward_capacity_penalty": -1322.31068718447,
        "reward_battery_cost": -2123.1741634176565,
        "reward_soc_reward": 122.22265678311584,
        "reward_shaping": 8.008987436093797,
        "reward_arbitrage_bonus": 1232.542650724425,
        "reward_export_bonus": 222.46042513579206,
        "reward_night_charging": 1745.6109032225922,
        "reward_action_mod_penalty": -881.4312777805416,
        "reward_solar_soc": 21.486550755798817,
        "reward_night_peak_chain": 0.0
    },
    "reward_component_distributions": {
        "reward_grid_cost": {
            "min": -1.7725836231227063,
            "max": -0.0,
            "mean": -0.35878696999045423,
            "median": -0.2747124250003439,
            "std": 0.36075944053145587,
            "p5": -1.107214261670885,
            "p25": -0.5420719800000001,
            "p75": -0.013658169375000001,
            "p95": 0.0,
            "zero_pct": 18.212365591397848,
            "total": -1067.7500226915945
        },
        "reward_capacity_penalty": {
            "min": -5.280411041736603,
            "max": -0.0,
            "mean": -0.44432482768295295,
            "median": 0.0,
            "std": 1.001906157643016,
            "p5": -2.6960245959162714,
            "p25": -0.11095031181846216,
            "p75": 0.0,
            "p95": 0.0,
            "zero_pct": 73.62231182795699,
            "total": -1322.31068718447
        },
        "reward_battery_cost": {
            "min": -5.921052631578949,
            "max": -0.0,
            "mean": -0.7134321785677608,
            "median": -0.06674971068595209,
            "std": 0.9724215884378626,
            "p5": -2.6039298035596548,
            "p25": -1.3200844649691135,
            "p75": 0.0,
            "p95": 0.0,
            "zero_pct": 42.23790322580645,
            "total": -2123.1741634176565
        },
        "reward_soc_reward": {
            "min": -0.3960000000000001,
            "max": 0.7987367034798847,
            "mean": 0.041069441123359474,
            "median": -0.06,
            "std": 0.29894686445631946,
            "p5": -0.35100000000000003,
            "p25": -0.09000000000000002,
            "p75": 0.13213594835381803,
            "p95": 0.689053782876313,
            "zero_pct": 0.0,
            "total": 122.22265678311584
        },
        "reward_shaping": {
            "min": -2.0152502035710547,
            "max": 2.1121112022274424,
            "mean": 0.0026911920148165137,
            "median": 0.010000000000000009,
            "std": 0.30510017640268916,
            "p5": -0.282723509072994,
            "p25": 0.0024993984361490473,
            "p75": 0.03488020262206896,
            "p95": 0.20054305973526254,
            "zero_pct": 0.0,
            "total": 8.008987436093797
        },
        "reward_arbitrage_bonus": {
            "min": 0.0,
            "max": 8.75,
            "mean": 0.41416083693697064,
            "median": 0.0,
            "std": 1.0644570536562394,
            "p5": 0.0,
            "p25": 0.0,
            "p75": 3.555240546404548e-10,
            "p95": 2.615911280736327,
            "zero_pct": 73.79032258064517,
            "total": 1232.542650724425
        },
        "reward_export_bonus": {
            "min": 0.0,
            "max": 2.7039411540000002,
            "mean": 0.07475148694079035,
            "median": 0.0,
            "std": 0.26251172180980803,
            "p5": 0.0,
            "p25": 0.0,
            "p75": 0.0,
            "p95": 0.5343127552765419,
            "zero_pct": 81.78763440860214,
            "total": 222.46042513579206
        },
        "reward_night_charging": {
            "min": 0.0,
            "max": 4.2663198709487915,
            "mean": 0.5865628035022151,
            "median": 0.0,
            "std": 1.1210539589889075,
            "p5": 0.0,
            "p25": 0.0,
            "p75": 0.07507675437722083,
            "p95": 3.149397522211075,
            "zero_pct": 71.27016129032258,
            "total": 1745.6109032225922
        },
        "reward_action_mod_penalty": {
            "min": -1.2000000000000002,
            "max": -0.0,
            "mean": -0.2961798648456116,
            "median": -0.018494614541523083,
            "std": 0.35956045876949433,
            "p5": -1.0263590812683108,
            "p25": -0.5753630161285401,
            "p75": 0.0,
            "p95": 0.0,
            "zero_pct": 49.52956989247312,
            "total": -881.4312777805416
        },
        "reward_morning_soc": {
            "min": 0,
            "max": 0,
            "mean": 0,
            "median": 0,
            "std": 0,
            "p5": 0,
            "p25": 0,
            "p75": 0,
            "p95": 0,
            "zero_pct": 100.0,
            "total": 0
        },
        "reward_night_peak_chain": {
            "min": 0,
            "max": 0,
            "mean": 0,
            "median": 0,
            "std": 0,
            "p5": 0,
            "p25": 0,
            "p75": 0,
            "p95": 0,
            "zero_pct": 100.0,
            "total": 0
        }
    }
}