{
    "total_reward": -375.79890113781664,
    "avg_battery_power": 0.011571484172671797,
    "max_battery_power": 1.2614426016807556,
    "peak_grid_import": 11.989,
    "peak_grid_export": 11.2995075,
    "export_energy_kwh": 1558.8890670802593,
    "export_revenue": 0,
    "price_power_correlation": 0.03702992700208296,
    "avg_night_price": 33.81838333333334,
    "avg_day_price": 39.369108333333514,
    "night_charges_energy_kwh": 0.34227855037897825,
    "day_charges_energy_kwh": 0.08960240986198187,
    "night_day_charge_ratio": 3.8199703658216717,
    "avg_soc": 0.10226907237621123,
    "min_soc": 0.1,
    "max_soc": 0.48993265607425474,
    "pct_time_in_preferred_range": 0.9375,
    "pct_time_at_high_soc": 0.0,
    "violation_percentage": 0.0,
    "top3_peaks": [
        5.9945,
        5.9945,
        5.9945
    ],
    "peak_rolling_average": 5.9944999999999995,
    "current_capacity_fee": 487.05312499999997,
    "fixed_grid_fee_total": 730.0,
    "months_in_episode": 2,
    "peak_reduction_due_to_discount": 5.9945,
    "estimated_savings": 487.053125,
    "night_peaks": 48,
    "day_peaks": 0,
    "actions_modified": 2823,
    "pct_modified_actions": 98.02083333333333,
    "avg_action_delta": 0.10007325354576824,
    "max_action_delta": 0.18845202028751373,
    "reward_components": {
        "reward_grid_cost": -1050.8272994112463,
        "reward_capacity_penalty": -522.3704273213895,
        "reward_battery_cost": -346.85515444479626,
        "reward_soc_reward": -70.8118586390474,
        "reward_shaping": 387.16611153657846,
        "reward_arbitrage_bonus": 0.0,
        "reward_export_bonus": 1290.1959810709072,
        "reward_night_charging": 1.369114201515913,
        "reward_action_mod_penalty": -2029.238269532112,
        "reward_morning_soc": 0.0,
        "reward_night_peak_chain": 0.0
    },
    "reward_component_distributions": {
        "reward_grid_cost": {
            "min": -4.65233145,
            "max": -0.0,
            "mean": -0.3648705900733499,
            "median": 0.0,
            "std": 0.8403085419471964,
            "p5": -2.475716365137667,
            "p25": -0.2967660852629911,
            "p75": 0.0,
            "p95": 0.0,
            "zero_pct": 53.05555555555556,
            "total": -1050.8272994112463
        },
        "reward_capacity_penalty": {
            "min": -6.989000000000001,
            "max": -0.0,
            "mean": -0.1813786205977048,
            "median": 0.0,
            "std": 0.8535855505930434,
            "p5": -1.0960499999999989,
            "p25": -0.0,
            "p75": 0.0,
            "p95": 0.0,
            "zero_pct": 93.88888888888889,
            "total": -522.3704273213895
        },
        "reward_battery_cost": {
            "min": -11.950508858028213,
            "max": -0.0,
            "mean": -0.12043581751555425,
            "median": 0.0,
            "std": 1.0657139674547869,
            "p5": -0.0,
            "p25": -0.0,
            "p75": 0.0,
            "p95": 0.0,
            "zero_pct": 97.84722222222221,
            "total": -346.85515444479626
        },
        "reward_soc_reward": {
            "min": -0.04999999999999999,
            "max": 4.856180801060782,
            "mean": -0.02458745091633722,
            "median": -0.04999999999999999,
            "std": 0.29703452265847474,
            "p5": -0.04999999999999999,
            "p25": -0.04999999999999999,
            "p75": -0.04999999999999999,
            "p95": -0.04999999999999999,
            "zero_pct": 0.0,
            "total": -70.8118586390474
        },
        "reward_shaping": {
            "min": -6.456035781374385,
            "max": 6.531250273757191,
            "mean": 0.1344326776168766,
            "median": 0.14000000000000057,
            "std": 0.3627984933732135,
            "p5": 0.14000000000000057,
            "p25": 0.14000000000000057,
            "p75": 0.14000000000000057,
            "p95": 0.14000000000000057,
            "zero_pct": 0.0,
            "total": 387.16611153657846
        },
        "reward_arbitrage_bonus": {
            "min": 0,
            "max": 0,
            "mean": 0,
            "median": 0,
            "std": 0,
            "p5": 0,
            "p25": 0,
            "p75": 0,
            "p95": 0,
            "zero_pct": 100.0,
            "total": 0
        },
        "reward_export_bonus": {
            "min": 0.0,
            "max": 3.7346977733812503,
            "mean": 0.4479847156496203,
            "median": 0.040007511186578124,
            "std": 0.633214524172857,
            "p5": 0.0,
            "p25": 0.0,
            "p75": 0.7629298093448751,
            "p95": 1.6636931263521604,
            "zero_pct": 46.94444444444444,
            "total": 1290.1959810709072
        },
        "reward_night_charging": {
            "min": 0.0,
            "max": 0.13585790991783142,
            "mean": 0.00047538687552635867,
            "median": 0.0,
            "std": 0.0065543443567734685,
            "p5": 0.0,
            "p25": 0.0,
            "p75": 0.0,
            "p95": 0.0,
            "zero_pct": 99.34027777777777,
            "total": 1.369114201515913
        },
        "reward_action_mod_penalty": {
            "min": -1.3568545460700987,
            "max": -0.0,
            "mean": -0.7045966213653166,
            "median": -0.7177307546138763,
            "std": 0.26803613433237966,
            "p5": -1.1399628424644468,
            "p25": -0.8749086320400238,
            "p75": -0.5351954072713851,
            "p95": -0.23744934707880022,
            "zero_pct": 1.9791666666666665,
            "total": -2029.238269532112
        },
        "reward_morning_soc": {
            "min": 0,
            "max": 0,
            "mean": 0,
            "median": 0,
            "std": 0,
            "p5": 0,
            "p25": 0,
            "p75": 0,
            "p95": 0,
            "zero_pct": 100.0,
            "total": 0
        },
        "reward_night_peak_chain": {
            "min": 0,
            "max": 0,
            "mean": 0,
            "median": 0,
            "std": 0,
            "p5": 0,
            "p25": 0,
            "p75": 0,
            "p95": 0,
            "zero_pct": 100.0,
            "total": 0
        }
    }
}