{
    "total_reward": 22.99740620057855,
    "avg_battery_power": -0.041376670095498884,
    "max_battery_power": 9.389031529426575,
    "peak_grid_import": 16.08823996448517,
    "peak_grid_export": 9.391856510926575,
    "export_energy_kwh": 206.52679109261032,
    "export_revenue": 0,
    "price_power_correlation": 0.445579260574045,
    "avg_night_price": 28.219979838709616,
    "avg_day_price": 76.8684173387098,
    "night_charges_energy_kwh": 325.20035747282,
    "day_charges_energy_kwh": 79.808985160523,
    "night_day_charge_ratio": 4.07473365083808,
    "avg_soc": 0.5766846054099964,
    "min_soc": 0.1,
    "max_soc": 0.9,
    "pct_time_in_preferred_range": 41.196236559139784,
    "pct_time_at_high_soc": 34.87903225806452,
    "violation_percentage": 0.0,
    "top3_peaks": [
        10.303894325494767,
        9.299805755376816,
        8.086289853096009
    ],
    "peak_rolling_average": 9.229996644655865,
    "current_capacity_fee": 749.937227378289,
    "fixed_grid_fee_total": 730.0,
    "months_in_episode": 2,
    "peak_reduction_due_to_discount": 5.784345638990402,
    "estimated_savings": 469.97808316797017,
    "night_peaks": 44,
    "day_peaks": 0,
    "actions_modified": 995,
    "pct_modified_actions": 33.43413978494624,
    "avg_action_delta": 0.36529856299437613,
    "max_action_delta": 0.9885470271110515,
    "reward_components": {
        "reward_grid_cost": -1024.5332436841297,
        "reward_capacity_penalty": -1179.192505637034,
        "reward_battery_cost": -1752.03007533683,
        "reward_soc_reward": 639.1411100570772,
        "reward_shaping": 2.242728507515973,
        "reward_arbitrage_bonus": 1022.206437833439,
        "reward_export_bonus": 173.7909016101616,
        "reward_night_charging": 1300.80142989128,
        "reward_action_mod_penalty": -431.80372432068094,
        "reward_solar_soc": 26.380127891898155,
        "reward_night_peak_chain": 0.0
    },
    "reward_component_distributions": {
        "reward_grid_cost": {
            "min": -1.6945226856754718,
            "max": -0.0,
            "mean": -0.34426520285085,
            "median": -0.251537125,
            "std": 0.34985248827244175,
            "p5": -1.100537303621639,
            "p25": -0.4803451304302854,
            "p75": -0.058635224507007075,
            "p95": 0.0,
            "zero_pct": 19.556451612903224,
            "total": -1024.5332436841297
        },
        "reward_capacity_penalty": {
            "min": -5.544119982242584,
            "max": -0.0,
            "mean": -0.39623404087265934,
            "median": 0.0,
            "std": 0.9661506615646195,
            "p5": -2.9181348622739316,
            "p25": -0.0,
            "p75": 0.0,
            "p95": 0.0,
            "zero_pct": 75.57123655913979,
            "total": -1179.192505637034
        },
        "reward_battery_cost": {
            "min": -5.5592949845288935,
            "max": -0.0,
            "mean": -0.5887197833793113,
            "median": -0.311328014849048,
            "std": 0.6985327420342515,
            "p5": -1.8772269766777754,
            "p25": -1.0383545764182744,
            "p75": -2.246259428462238e-12,
            "p95": 0.0,
            "zero_pct": 23.25268817204301,
            "total": -1752.03007533683
        },
        "reward_soc_reward": {
            "min": -0.36000000000000004,
            "max": 1.4975423290023022,
            "mean": 0.21476515794928752,
            "median": -0.024183883291210195,
            "std": 0.5687525869526434,
            "p5": -0.33,
            "p25": -0.307067513694189,
            "p75": 0.62743899802659,
            "p95": 1.345338372826332,
            "zero_pct": 0.0,
            "total": 639.1411100570772
        },
        "reward_shaping": {
            "min": -1.7086220516428425,
            "max": 1.8047059107876637,
            "mean": 0.0007536050092459766,
            "median": 0.010000000000000009,
            "std": 0.2870910137813922,
            "p5": -0.18038593349326623,
            "p25": -0.02902853475996827,
            "p75": 0.03382454408960543,
            "p95": 0.16089237752137708,
            "zero_pct": 0.0,
            "total": 2.242728507515973
        },
        "reward_arbitrage_bonus": {
            "min": 0.0,
            "max": 8.215402588248253,
            "mean": 0.3434833460461827,
            "median": 0.0,
            "std": 0.811867857289943,
            "p5": 0.0,
            "p25": 0.0,
            "p75": 0.0007642247319804564,
            "p95": 2.08380370400846,
            "zero_pct": 70.32930107526882,
            "total": 1022.206437833439
        },
        "reward_export_bonus": {
            "min": 0.0,
            "max": 3.6908117716639253,
            "mean": 0.05839748037975864,
            "median": 0.0,
            "std": 0.23206850320496952,
            "p5": 0.0,
            "p25": 0.0,
            "p75": 0.0,
            "p95": 0.37125873839166146,
            "zero_pct": 80.44354838709677,
            "total": 173.7909016101616
        },
        "reward_night_charging": {
            "min": 0.0,
            "max": 5.0,
            "mean": 0.43709725466776894,
            "median": 0.0,
            "std": 1.0146290520136345,
            "p5": 0.0,
            "p25": 0.0,
            "p75": 0.0,
            "p95": 2.94231079518795,
            "zero_pct": 75.73924731182797,
            "total": 1300.80142989128
        },
        "reward_action_mod_penalty": {
            "min": -1.1862564325332619,
            "max": -0.0,
            "mean": -0.1450953374733472,
            "median": 0.0,
            "std": 0.26648742109560936,
            "p5": -0.7889005942186168,
            "p25": -0.1781584784388437,
            "p75": 0.0,
            "p95": 0.0,
            "zero_pct": 66.56586021505376,
            "total": -431.80372432068094
        },
        "reward_morning_soc": {
            "min": 0,
            "max": 0,
            "mean": 0,
            "median": 0,
            "std": 0,
            "p5": 0,
            "p25": 0,
            "p75": 0,
            "p95": 0,
            "zero_pct": 100.0,
            "total": 0
        },
        "reward_night_peak_chain": {
            "min": 0,
            "max": 0,
            "mean": 0,
            "median": 0,
            "std": 0,
            "p5": 0,
            "p25": 0,
            "p75": 0,
            "p95": 0,
            "zero_pct": 100.0,
            "total": 0
        }
    }
}