{
    "mae": 20.613445658315264,
    "rmse": 35.171893344744646,
    "mape": 1529.5510319901484
}