{
    "rl_agent": {
        "strategy_name": "RL Agent",
        "bill": {
            "energy_consumption_kwh": 2323.2063770145123,
            "energy_export_kwh": 106.07900182968613,
            "spot_cost_sek": 1104.0615424119399,
            "energy_tax_sek": 1274.8594993867105,
            "grid_fee_sek": 145.20039856340702,
            "vat_sek": 0.0,
            "export_revenue_sek": 63.64740109781188,
            "net_energy_cost_sek": 2460.4740392642457,
            "capacity_fee_sek": 695.6175684198272,
            "fixed_grid_fee_sek": 371.71484888304866,
            "total_bill_sek": 3689.1958512193646,
            "battery_degradation_cost_sek": 161.3893946522429,
            "top_3_peaks_kw": [
                9.603709166698158,
                8.3765,
                7.704131821110844
            ],
            "average_peak_kw": 8.561446995936334
        }
    },
    "no_battery": {
        "strategy_name": "No Battery",
        "bill": {
            "energy_consumption_kwh": 2248.382845064049,
            "energy_export_kwh": 42.08143882502252,
            "spot_cost_sek": 1080.8611515977334,
            "energy_tax_sek": 1233.8000862288932,
            "grid_fee_sek": 140.52392781650306,
            "vat_sek": 0.0,
            "export_revenue_sek": 25.248863295013457,
            "net_energy_cost_sek": 2429.936302348116,
            "capacity_fee_sek": 732.2520833333333,
            "fixed_grid_fee_sek": 371.71484888304866,
            "total_bill_sek": 3533.903234564498,
            "battery_degradation_cost_sek": 0.0,
            "top_3_peaks_kw": [
                10.01525,
                8.645249999999999,
                8.3765
            ],
            "average_peak_kw": 9.012333333333332
        }
    },
    "time_of_use": {
        "strategy_name": "Time Of Use",
        "bill": {
            "energy_consumption_kwh": 2272.891894200237,
            "energy_export_kwh": 80.99175726984178,
            "spot_cost_sek": 1127.6339354252511,
            "energy_tax_sek": 1247.2494269423769,
            "grid_fee_sek": 142.0557433875148,
            "vat_sek": 0.0,
            "export_revenue_sek": 48.59505436190502,
            "net_energy_cost_sek": 2468.344051393238,
            "capacity_fee_sek": 810.5026041666666,
            "fixed_grid_fee_sek": 371.71484888304866,
            "total_bill_sek": 3757.7234192446754,
            "battery_degradation_cost_sek": 107.16191480172256,
            "top_3_peaks_kw": [
                11.26575,
                10.01525,
                8.645249999999999
            ],
            "average_peak_kw": 9.975416666666666
        }
    },
    "price_based": {
        "strategy_name": "Price Based",
        "bill": {
            "energy_consumption_kwh": 2261.9213203416466,
            "energy_export_kwh": 55.632310116469384,
            "spot_cost_sek": 1145.6892760687126,
            "energy_tax_sek": 1241.229324537474,
            "grid_fee_sek": 141.3700825213529,
            "vat_sek": 0.0,
            "export_revenue_sek": 33.37938606988154,
            "net_energy_cost_sek": 2494.9092970576576,
            "capacity_fee_sek": 732.2520833327874,
            "fixed_grid_fee_sek": 371.71484888304866,
            "total_bill_sek": 3637.809477686178,
            "battery_degradation_cost_sek": 38.93324841268501,
            "top_3_peaks_kw": [
                10.01525,
                8.645249999999999,
                8.376499999979842
            ],
            "average_peak_kw": 9.012333333326614
        }
    },
    "solar_following": {
        "strategy_name": "Solar Following",
        "bill": {
            "energy_consumption_kwh": 2284.0093943423235,
            "energy_export_kwh": 75.74658988504052,
            "spot_cost_sek": 1106.5501223184983,
            "energy_tax_sek": 1253.3501551453458,
            "grid_fee_sek": 142.75058714639522,
            "vat_sek": 0.0,
            "export_revenue_sek": 45.44795393102443,
            "net_energy_cost_sek": 2457.2029106792147,
            "capacity_fee_sek": 732.2520833333333,
            "fixed_grid_fee_sek": 371.71484888304866,
            "total_bill_sek": 3592.3511080478306,
            "battery_degradation_cost_sek": 31.18126515223434,
            "top_3_peaks_kw": [
                10.01525,
                8.645249999999999,
                8.3765
            ],
            "average_peak_kw": 9.012333333333332
        }
    },
    "peak_shaving": {
        "strategy_name": "Peak Shaving",
        "bill": {
            "energy_consumption_kwh": 2254.9223782697495,
            "energy_export_kwh": 43.52241852252249,
            "spot_cost_sek": 1081.3642135414368,
            "energy_tax_sek": 1237.3886550755203,
            "grid_fee_sek": 140.93264864185934,
            "vat_sek": 0.0,
            "export_revenue_sek": 26.11345111351347,
            "net_energy_cost_sek": 2433.5720661453033,
            "capacity_fee_sek": 732.2520833333333,
            "fixed_grid_fee_sek": 371.71484888304866,
            "total_bill_sek": 3541.130229168125,
            "battery_degradation_cost_sek": 3.591230806439907,
            "top_3_peaks_kw": [
                10.01525,
                8.645249999999999,
                8.3765
            ],
            "average_peak_kw": 9.012333333333332
        }
    }
}