{
    "total_reward": -1238.3892204753872,
    "avg_battery_power": 0.007619532628693495,
    "max_battery_power": 5.122689604759216,
    "peak_grid_import": 12.012,
    "peak_grid_export": 3.027689604759216,
    "export_energy_kwh": 46.3875236951927,
    "export_revenue": 0,
    "price_power_correlation": 0.03160570300215252,
    "avg_night_price": 28.219979838709616,
    "avg_day_price": 76.8684173387098,
    "night_charges_energy_kwh": 9.938278847839683,
    "day_charges_energy_kwh": 19.692006717668846,
    "night_day_charge_ratio": 0.5046859362952819,
    "avg_soc": 0.10949412535017862,
    "min_soc": 0.1,
    "max_soc": 0.5036712315208703,
    "pct_time_in_preferred_range": 3.293010752688172,
    "pct_time_at_high_soc": 0.0,
    "violation_percentage": 0.0,
    "top3_peaks": [
        10.015,
        8.451,
        8.327
    ],
    "peak_rolling_average": 8.931,
    "current_capacity_fee": 725.64375,
    "fixed_grid_fee_total": 730.0,
    "months_in_episode": 2,
    "peak_reduction_due_to_discount": 1.9969999999999999,
    "estimated_savings": 162.25625,
    "night_peaks": 72,
    "day_peaks": 4,
    "actions_modified": 2565,
    "pct_modified_actions": 86.18951612903226,
    "avg_action_delta": 0.13363236258374375,
    "max_action_delta": 0.5335161685943604,
    "reward_components": {
        "reward_grid_cost": -2452.3914977930935,
        "reward_capacity_penalty": -4289.077300066201,
        "reward_battery_cost": -146.93814607293461,
        "reward_soc_reward": -119.57078732388975,
        "reward_shaping": 58.443140598853496,
        "reward_arbitrage_bonus": 70.9230508644281,
        "reward_export_bonus": 80.34938509750214,
        "reward_night_charging": 39.75311539135873,
        "reward_action_mod_penalty": -2036.8038511942002,
        "reward_solar_soc": 0.0,
        "reward_night_peak_chain": 10.140589525886373
    },
    "reward_component_distributions": {
        "reward_grid_cost": {
            "min": -3.8615681843750003,
            "max": -0.0,
            "mean": -0.8240562828605829,
            "median": -0.6655070044321272,
            "std": 0.7470498379359295,
            "p5": -2.3378375625,
            "p25": -1.1756661406250002,
            "p75": -0.25577064043376485,
            "p95": 0.0,
            "zero_pct": 10.416666666666668,
            "total": -2452.3914977930935
        },
        "reward_capacity_penalty": {
            "min": -21.036,
            "max": -0.0,
            "mean": -1.4412222110437554,
            "median": 0.0,
            "std": 3.8520013545479186,
            "p5": -11.131605376571414,
            "p25": -0.0,
            "p75": 0.0,
            "p95": 0.0,
            "zero_pct": 79.46908602150538,
            "total": -4289.077300066201
        },
        "reward_battery_cost": {
            "min": -3.0331714765021682,
            "max": -0.0,
            "mean": -0.04937437704063662,
            "median": 0.0,
            "std": 0.189214268982448,
            "p5": -0.317550055976761,
            "p25": -0.0,
            "p75": 0.0,
            "p95": 0.0,
            "zero_pct": 85.14784946236558,
            "total": -146.93814607293461
        },
        "reward_soc_reward": {
            "min": -0.10000000000000003,
            "max": 0.49792159109759904,
            "mean": -0.04017835595560894,
            "median": -0.05,
            "std": 0.058870774485681676,
            "p5": -0.10000000000000003,
            "p25": -0.05,
            "p75": -0.024999999999999994,
            "p95": -0.014307084938578844,
            "zero_pct": 0.0,
            "total": -119.57078732388975
        },
        "reward_shaping": {
            "min": -4.740714785253459,
            "max": 4.638291569465602,
            "mean": 0.01963815208294905,
            "median": 0.025000000000000355,
            "std": 0.6723028607137,
            "p5": -0.005683625771336381,
            "p25": 0.025000000000000355,
            "p75": 0.025000000000000355,
            "p95": 0.029100635603641775,
            "zero_pct": 0.0,
            "total": 58.443140598853496
        },
        "reward_arbitrage_bonus": {
            "min": 0.0,
            "max": 2.7732450515031815,
            "mean": 0.02383167031734815,
            "median": 0.0,
            "std": 0.15491407462995221,
            "p5": 0.0,
            "p25": 0.0,
            "p75": 0.0,
            "p95": 0.0,
            "zero_pct": 95.09408602150538,
            "total": 70.9230508644281
        },
        "reward_export_bonus": {
            "min": 0.0,
            "max": 2.2935061348892427,
            "mean": 0.026999121336526245,
            "median": 0.0,
            "std": 0.12007003318531644,
            "p5": 0.0,
            "p25": 0.0,
            "p75": 0.0,
            "p95": 0.202389158822196,
            "zero_pct": 89.58333333333334,
            "total": 80.34938509750214
        },
        "reward_night_charging": {
            "min": 0.0,
            "max": 1.4314714074134827,
            "mean": 0.013357901677203875,
            "median": 0.0,
            "std": 0.08233251818268363,
            "p5": 0.0,
            "p25": 0.0,
            "p75": 0.0,
            "p95": 0.0,
            "zero_pct": 95.32930107526882,
            "total": 39.75311539135873
        },
        "reward_action_mod_penalty": {
            "min": -3.201097011566162,
            "max": -0.0,
            "mean": -0.6844098962346102,
            "median": -0.6834268569946289,
            "std": 0.48529432241491544,
            "p5": -1.4651618152856827,
            "p25": -1.0262017026543617,
            "p75": -0.30064330995082855,
            "p95": 0.0,
            "zero_pct": 13.81048387096774,
            "total": -2036.8038511942002
        },
        "reward_morning_soc": {
            "min": 0,
            "max": 0,
            "mean": 0,
            "median": 0,
            "std": 0,
            "p5": 0,
            "p25": 0,
            "p75": 0,
            "p95": 0,
            "zero_pct": 100.0,
            "total": 0
        },
        "reward_night_peak_chain": {
            "min": 0.0,
            "max": 1.1092980206012726,
            "mean": 0.003407456157891926,
            "median": 0.0,
            "std": 0.04650877947067621,
            "p5": 0.0,
            "p25": 0.0,
            "p75": 0.0,
            "p95": 0.0,
            "zero_pct": 99.1263440860215,
            "total": 10.140589525886373
        }
    }
}