{
    "total_reward": 218.90847475181903,
    "avg_battery_power": -0.03509363525277194,
    "max_battery_power": 6.445508003234863,
    "peak_grid_import": 10.010170068502426,
    "peak_grid_export": 7.901962550907134,
    "export_energy_kwh": 642.0959799060396,
    "export_revenue": 0,
    "price_power_correlation": 0.4079139112812084,
    "avg_night_price": 51.704693548387134,
    "avg_day_price": 63.98262096774203,
    "night_charges_energy_kwh": 186.75310593393198,
    "day_charges_energy_kwh": 172.14918562506207,
    "night_day_charge_ratio": 1.0848329328764703,
    "avg_soc": 0.38056954027425066,
    "min_soc": 0.1,
    "max_soc": 0.9,
    "pct_time_in_preferred_range": 42.876344086021504,
    "pct_time_at_high_soc": 9.979838709677418,
    "violation_percentage": 0.0,
    "top3_peaks": [
        8.823085091659543,
        8.6398338655,
        8.546649719927673
    ],
    "peak_rolling_average": 8.669856225695739,
    "current_capacity_fee": 704.4258183377788,
    "fixed_grid_fee_total": 730.0,
    "months_in_episode": 2,
    "peak_reduction_due_to_discount": 1.1870849768428826,
    "estimated_savings": 96.45065436848421,
    "night_peaks": 153,
    "day_peaks": 11,
    "actions_modified": 697,
    "pct_modified_actions": 23.42069892473118,
    "avg_action_delta": 0.2133251319425656,
    "max_action_delta": 0.754849910736084,
    "reward_components": {
        "reward_grid_cost": -972.1692144245211,
        "reward_capacity_penalty": -513.8130288350671,
        "reward_battery_cost": -1555.346711991134,
        "reward_soc_reward": 885.748608564875,
        "reward_shaping": 1.2208310174477635,
        "reward_arbitrage_bonus": 916.2827777350822,
        "reward_export_bonus": 314.333683627749,
        "reward_night_charging": 747.0124237357279,
        "reward_action_mod_penalty": -176.0564950881387,
        "reward_solar_soc": 59.94309125468135,
        "reward_night_peak_chain": 0.0
    },
    "reward_component_distributions": {
        "reward_grid_cost": {
            "min": -1.5191535150000002,
            "max": -0.0,
            "mean": -0.32666976291146604,
            "median": -0.2658883975,
            "std": 0.3410541164966666,
            "p5": -1.0820438885284909,
            "p25": -0.48170451064025016,
            "p75": 0.0,
            "p95": 0.0,
            "zero_pct": 30.813172043010752,
            "total": -972.1692144245211
        },
        "reward_capacity_penalty": {
            "min": -2.5050850342512128,
            "max": -0.0,
            "mean": -0.17265222743113803,
            "median": 0.0,
            "std": 0.49423323012814063,
            "p5": -1.5515468766391276,
            "p25": -0.0,
            "p75": 0.0,
            "p95": 0.0,
            "zero_pct": 85.95430107526882,
            "total": -513.8130288350671
        },
        "reward_battery_cost": {
            "min": -3.816419212441696,
            "max": -0.0,
            "mean": -0.5226299435454086,
            "median": -0.3515289214341656,
            "std": 0.5868586503305155,
            "p5": -1.7544910164647982,
            "p25": -0.7936339341900557,
            "p75": -0.028129567377618514,
            "p95": 0.0,
            "zero_pct": 20.698924731182796,
            "total": -1555.346711991134
        },
        "reward_soc_reward": {
            "min": -0.36000000000000004,
            "max": 1.4981384262909458,
            "mean": 0.2976305808349691,
            "median": -0.009733763436383557,
            "std": 0.5074314468185531,
            "p5": -0.27756192324101187,
            "p25": -0.04,
            "p75": 0.6672900876924854,
            "p95": 1.337139062530241,
            "zero_pct": 0.0,
            "total": 885.748608564875
        },
        "reward_shaping": {
            "min": -1.6840200980307052,
            "max": 1.6151736015547067,
            "mean": 0.000410225476292937,
            "median": 0.010000000000000009,
            "std": 0.23946187071005584,
            "p5": -0.17936882453242237,
            "p25": -0.02852466570589355,
            "p75": 0.03621146053762591,
            "p95": 0.13233801730119676,
            "zero_pct": 0.0,
            "total": 1.2208310174477635
        },
        "reward_arbitrage_bonus": {
            "min": 0.0,
            "max": 4.549586772918701,
            "mean": 0.30789071832496034,
            "median": 0.0,
            "std": 0.703114349336006,
            "p5": 0.0,
            "p25": 0.0,
            "p75": 0.3062909934669733,
            "p95": 1.8272522557526827,
            "zero_pct": 67.43951612903226,
            "total": 916.2827777350822
        },
        "reward_export_bonus": {
            "min": 0.0,
            "max": 1.1099503749603696,
            "mean": 0.10562287756308782,
            "median": 0.0,
            "std": 0.2090038654627605,
            "p5": 0.0,
            "p25": 0.0,
            "p75": 0.11193621588777501,
            "p95": 0.5983017924848766,
            "zero_pct": 69.18682795698925,
            "total": 314.333683627749
        },
        "reward_night_charging": {
            "min": 0.0,
            "max": 4.261260032653809,
            "mean": 0.25101223915851073,
            "median": 0.0,
            "std": 0.5822055662838755,
            "p5": 0.0,
            "p25": 0.0,
            "p75": 0.0,
            "p95": 1.6083865240216255,
            "zero_pct": 76.57930107526882,
            "total": 747.0124237357279
        },
        "reward_action_mod_penalty": {
            "min": -0.9058198928833008,
            "max": -0.0,
            "mean": -0.0591587685107993,
            "median": 0.0,
            "std": 0.14324750393484692,
            "p5": -0.4051616668701172,
            "p25": -0.0,
            "p75": 0.0,
            "p95": 0.0,
            "zero_pct": 76.57930107526882,
            "total": -176.0564950881387
        },
        "reward_morning_soc": {
            "min": 0,
            "max": 0,
            "mean": 0,
            "median": 0,
            "std": 0,
            "p5": 0,
            "p25": 0,
            "p75": 0,
            "p95": 0,
            "zero_pct": 100.0,
            "total": 0
        },
        "reward_night_peak_chain": {
            "min": 0,
            "max": 0,
            "mean": 0,
            "median": 0,
            "std": 0,
            "p5": 0,
            "p25": 0,
            "p75": 0,
            "p95": 0,
            "zero_pct": 100.0,
            "total": 0
        }
    }
}