{
    "total_reward": -164.0783577679312,
    "avg_battery_power": 2.18958924572053,
    "max_battery_power": 10.0,
    "peak_grid_import": 16.972446024894715,
    "peak_grid_export": 13.279644925,
    "export_energy_kwh": 549.6784056036573,
    "export_revenue": 0,
    "price_power_correlation": -0.018605959648288758,
    "avg_night_price": 48.77523214285708,
    "avg_day_price": 88.0496473214284,
    "night_charges_energy_kwh": 220.2685113780059,
    "day_charges_energy_kwh": 552.1878803999978,
    "night_day_charge_ratio": 0.3989013870033624,
    "avg_soc": 0.3236758881137662,
    "min_soc": 0.19470812380313873,
    "max_soc": 0.800000011920929,
    "pct_time_in_preferred_range": 30.580357142857146,
    "pct_time_at_high_soc": 1.1904761904761905,
    "violation_percentage": 34.933035714285715,
    "top3_peaks": [
        14.184747004508973,
        11.986,
        11.948676327466965
    ],
    "peak_rolling_average": 12.70647444399198,
    "current_capacity_fee": 1032.4010485743484,
    "fixed_grid_fee_total": 730.0,
    "months_in_episode": 2,
    "peak_reduction_due_to_discount": 2.787699020385743,
    "estimated_savings": 226.50054540634162,
    "night_peaks": 24,
    "day_peaks": 1,
    "actions_modified": 956,
    "pct_modified_actions": 35.56547619047619,
    "avg_action_delta": 0.5349698098483967,
    "max_action_delta": 1.0,
    "reward_components": {
        "reward_grid_cost": -3177.5693112959566,
        "reward_capacity_penalty": -2236.6891699805824,
        "reward_battery_cost": -3306.527703771723,
        "reward_soc_reward": 1804.353397404634,
        "reward_shaping": 121.78717751839805,
        "reward_arbitrage_bonus": 0.0,
        "reward_export_bonus": 814.1659806754739,
        "reward_night_charging": 881.0740455120236,
        "reward_action_mod_penalty": -827.9007752593292,
        "reward_morning_soc": -80.74161311240427,
        "reward_night_peak_chain": 2406.097465620443
    },
    "reward_component_distributions": {
        "reward_grid_cost": {
            "min": -8.842230359959219,
            "max": -0.0,
            "mean": -1.18213144021427,
            "median": -0.7909943793739826,
            "std": 1.3394632876270767,
            "p5": -3.8055972081897167,
            "p25": -1.857207983329694,
            "p75": 0.0,
            "p95": -0.0,
            "zero_pct": 27.641369047619047,
            "total": -3177.5693112959566
        },
        "reward_capacity_penalty": {
            "min": -11.972446024894715,
            "max": -0.0,
            "mean": -0.832101625736824,
            "median": 0.0,
            "std": 1.8150855165539022,
            "p5": -5.109999999999999,
            "p25": -0.5306634993871784,
            "p75": 0.0,
            "p95": -0.0,
            "zero_pct": 70.16369047619048,
            "total": -2236.6891699805824
        },
        "reward_battery_cost": {
            "min": -5.921052631578949,
            "max": -0.0,
            "mean": -1.2301070326531727,
            "median": -0.8560718670487404,
            "std": 1.333767789278369,
            "p5": -3.8229731548773622,
            "p25": -2.0592263855505735,
            "p75": -0.020601436612196267,
            "p95": -0.0,
            "zero_pct": 22.767857142857142,
            "total": -3306.527703771723
        },
        "reward_soc_reward": {
            "min": -1.1500000000000001,
            "max": 4.994452427208641,
            "mean": 0.6712624246296967,
            "median": -0.013018800025463018,
            "std": 1.4221250742325786,
            "p5": -0.09822701756779198,
            "p25": -0.04790525338108388,
            "p75": 0.8160018858196323,
            "p95": 4.126480504772907,
            "zero_pct": 0.0,
            "total": 1804.353397404634
        },
        "reward_shaping": {
            "min": -7.356464195888284,
            "max": 7.037703124935233,
            "mean": 0.04530772973154692,
            "median": 0.13986035541173142,
            "std": 3.0700059485763687,
            "p5": -6.604253600780092,
            "p25": -0.15195410721536617,
            "p75": 0.16046288273875603,
            "p95": 6.707011522582248,
            "zero_pct": 0.0,
            "total": 121.78717751839805
        },
        "reward_arbitrage_bonus": {
            "min": 0,
            "max": 0,
            "mean": 0,
            "median": 0,
            "std": 0,
            "p5": 0,
            "p25": 0,
            "p75": 0,
            "p95": 0,
            "zero_pct": 100.0,
            "total": 0
        },
        "reward_export_bonus": {
            "min": 0.0,
            "max": 7.091974524742358,
            "mean": 0.30288912971557796,
            "median": 0.0,
            "std": 0.7631403508469945,
            "p5": 0.0,
            "p25": 0.0,
            "p75": 0.09839400997350627,
            "p95": 1.9006397435103364,
            "zero_pct": 72.35863095238095,
            "total": 814.1659806754739
        },
        "reward_night_charging": {
            "min": 0.0,
            "max": 5.0,
            "mean": 0.3277805228839374,
            "median": 0.0,
            "std": 1.0049383354201873,
            "p5": 0.0,
            "p25": 0.0,
            "p75": 0.0,
            "p95": 2.909757852554325,
            "zero_pct": 86.01190476190477,
            "total": 881.0740455120236
        },
        "reward_action_mod_penalty": {
            "min": -3.0,
            "max": -0.0,
            "mean": -0.3079988003196906,
            "median": 0.0,
            "std": 0.655888260207381,
            "p5": -2.0,
            "p25": -0.2554644098694772,
            "p75": 0.0,
            "p95": -0.0,
            "zero_pct": 64.43452380952381,
            "total": -827.9007752593292
        },
        "reward_morning_soc": {
            "min": -2.647962324742247,
            "max": 0.0,
            "mean": -0.0300378024971742,
            "median": 0.0,
            "std": 0.19014314157471546,
            "p5": 0.0,
            "p25": 0.0,
            "p75": 0.0,
            "p95": 0.0,
            "zero_pct": 95.49851190476191,
            "total": -80.74161311240427
        },
        "reward_night_peak_chain": {
            "min": 0.0,
            "max": 37.5,
            "mean": 0.8951255452457003,
            "median": 0.0,
            "std": 4.306425365947688,
            "p5": 0.0,
            "p25": 0.0,
            "p75": 0.0,
            "p95": 4.515394174726451,
            "zero_pct": 93.19196428571429,
            "total": 2406.097465620443
        }
    }
}