{
    "total_reward": 1358.0825871323605,
    "avg_battery_power": -0.00038989400177848036,
    "max_battery_power": 0.5124715343117714,
    "peak_grid_import": 11.9785132065285,
    "peak_grid_export": 11.236734235055447,
    "export_energy_kwh": 1557.1997503422906,
    "export_revenue": 0,
    "price_power_correlation": 0.038116954785959965,
    "avg_night_price": 33.81838333333334,
    "avg_day_price": 39.369108333333514,
    "night_charges_energy_kwh": 12.259612497946364,
    "day_charges_energy_kwh": 28.872205631923862,
    "night_day_charge_ratio": 0.4246164167101584,
    "avg_soc": 0.46473656554694387,
    "min_soc": 0.26733101484303873,
    "max_soc": 0.6927297277553567,
    "pct_time_in_preferred_range": 100.0,
    "pct_time_at_high_soc": 0.0,
    "violation_percentage": 0.0,
    "top3_peaks": [
        5.98925660326425,
        5.989018315070309,
        5.988802982813679
    ],
    "peak_rolling_average": 5.989025967049412,
    "current_capacity_fee": 486.6083598227647,
    "fixed_grid_fee_total": 730.0,
    "months_in_episode": 2,
    "peak_reduction_due_to_discount": 5.98925660326425,
    "estimated_savings": 486.6270990152203,
    "night_peaks": 44,
    "day_peaks": 0,
    "actions_modified": 0,
    "pct_modified_actions": 0.0,
    "avg_action_delta": 0,
    "max_action_delta": 0,
    "reward_components": {
        "reward_grid_cost": -709.6070197665849,
        "reward_capacity_penalty": -522.4366202388079,
        "reward_battery_cost": -184.67185336767858,
        "reward_soc_reward": 10478.985039070858,
        "reward_shaping": -42.4258005235264,
        "reward_arbitrage_bonus": 0.0,
        "reward_export_bonus": 1290.1471114595888,
        "reward_night_charging": 49.038449991785455,
        "reward_action_mod_penalty": 0.0,
        "reward_morning_soc": -1146.0409524309516,
        "reward_night_peak_chain": 59.84226273139939
    },
    "reward_component_distributions": {
        "reward_grid_cost": {
            "min": -3.0988413665289234,
            "max": -0.0,
            "mean": -0.24639132630784202,
            "median": 0.0,
            "std": 0.5590926495276041,
            "p5": -1.6763323699306434,
            "p25": -0.1597672344685395,
            "p75": 0.0,
            "p95": 0.0,
            "zero_pct": 57.8125,
            "total": -709.6070197665849
        },
        "reward_capacity_penalty": {
            "min": -6.9785132065285005,
            "max": -0.0,
            "mean": -0.18140160424958623,
            "median": 0.0,
            "std": 0.8487378996633526,
            "p5": -0.8735216585408838,
            "p25": -0.0,
            "p75": 0.0,
            "p95": 0.0,
            "zero_pct": 93.88888888888889,
            "total": -522.4366202388079
        },
        "reward_battery_cost": {
            "min": -0.3034370926846015,
            "max": -9.11270035430789e-05,
            "mean": -0.0641221713082217,
            "median": -0.053602794258040376,
            "std": 0.05330340417868886,
            "p5": -0.18047309639912687,
            "p25": -0.08373881359339545,
            "p75": -0.02396837934065843,
            "p95": -0.004735888837240072,
            "zero_pct": 0.0,
            "total": -184.67185336767858
        },
        "reward_soc_reward": {
            "min": 1.6761573549005533,
            "max": 4.99937004904012,
            "mean": 3.6385364718996116,
            "median": 3.7936092071364134,
            "std": 0.9645700985429067,
            "p5": 2.02795608997507,
            "p25": 2.796029733781012,
            "p75": 4.5156687685073855,
            "p95": 4.91233515946046,
            "zero_pct": 0.0,
            "total": 10478.985039070858
        },
        "reward_shaping": {
            "min": -0.03204778652614515,
            "max": 0.0036568205805755927,
            "mean": -0.014731180737335576,
            "median": -0.015088823546215463,
            "std": 0.006132078069806797,
            "p5": -0.024214240755880433,
            "p25": -0.019431110726265605,
            "p75": -0.009670536992253273,
            "p95": -0.004727365984145937,
            "zero_pct": 0.0,
            "total": -42.4258005235264
        },
        "reward_arbitrage_bonus": {
            "min": 0,
            "max": 0,
            "mean": 0,
            "median": 0,
            "std": 0,
            "p5": 0,
            "p25": 0,
            "p75": 0,
            "p95": 0,
            "zero_pct": 100.0,
            "total": 0
        },
        "reward_export_bonus": {
            "min": 0.0,
            "max": 3.6983550207345957,
            "mean": 0.4479677470345794,
            "median": 0.060889854961561296,
            "std": 0.6280821481855154,
            "p5": 0.0,
            "p25": 0.0,
            "p75": 0.7615145585277436,
            "p95": 1.6569300521165926,
            "zero_pct": 42.1875,
            "total": 1290.1471114595888
        },
        "reward_night_charging": {
            "min": 0.0,
            "max": 0.2544688619673252,
            "mean": 0.017027239580481062,
            "median": 0.0,
            "std": 0.044610397808397595,
            "p5": 0.0,
            "p25": 0.0,
            "p75": 0.0,
            "p95": 0.12742200493812558,
            "zero_pct": 81.875,
            "total": 49.038449991785455
        },
        "reward_action_mod_penalty": {
            "min": 0,
            "max": 0,
            "mean": 0,
            "median": 0,
            "std": 0,
            "p5": 0,
            "p25": 0,
            "p75": 0,
            "p95": 0,
            "zero_pct": 100.0,
            "total": 0
        },
        "reward_morning_soc": {
            "min": -5.656883199817303,
            "max": 0.0,
            "mean": -0.39793088626074746,
            "median": 0.0,
            "std": 1.1954652911649621,
            "p5": -3.9772410148187873,
            "p25": 0.0,
            "p75": 0.0,
            "p95": 0.0,
            "zero_pct": 87.5,
            "total": -1146.0409524309516
        },
        "reward_night_peak_chain": {
            "min": 0.0,
            "max": 2.605488896369934,
            "mean": 0.020778563448402565,
            "median": 0.0,
            "std": 0.17556231008452514,
            "p5": 0.0,
            "p25": 0.0,
            "p75": 0.0,
            "p95": 0.0,
            "zero_pct": 98.05555555555556,
            "total": 59.84226273139939
        }
    }
}