{
    "mae": 23.130129723314386,
    "rmse": 38.30847352520961,
    "mape": 2173.5523864025863
}