{
    "total_reward": 141.2459664919052,
    "avg_battery_power": -0.041700979451248676,
    "max_battery_power": 7.719662189483643,
    "peak_grid_import": 13.612544345617295,
    "peak_grid_export": 8.4294685,
    "export_energy_kwh": 1150.1071990686257,
    "export_revenue": 0,
    "price_power_correlation": 0.30172235846375844,
    "avg_night_price": 34.81749193548385,
    "avg_day_price": 58.76215725806439,
    "night_charges_energy_kwh": 210.48267782704497,
    "day_charges_energy_kwh": 194.14869251742874,
    "night_day_charge_ratio": 1.084131317588708,
    "avg_soc": 0.5096969681162166,
    "min_soc": 0.1,
    "max_soc": 0.9,
    "pct_time_in_preferred_range": 33.4005376344086,
    "pct_time_at_high_soc": 32.19086021505376,
    "violation_percentage": 0.0,
    "top3_peaks": [
        7.607723574561248,
        6.806272172808647,
        6.531681366575
    ],
    "peak_rolling_average": 6.981892371314966,
    "current_capacity_fee": 567.2787551693409,
    "fixed_grid_fee_total": 730.0,
    "months_in_episode": 2,
    "peak_reduction_due_to_discount": 6.004820771056046,
    "estimated_savings": 487.89168764830373,
    "night_peaks": 20,
    "day_peaks": 0,
    "actions_modified": 1131,
    "pct_modified_actions": 38.00403225806452,
    "avg_action_delta": 0.376255148781499,
    "max_action_delta": 1.0,
    "reward_components": {
        "reward_grid_cost": -547.2693923099649,
        "reward_capacity_penalty": -446.6975369138158,
        "reward_battery_cost": -1749.7554948204454,
        "reward_soc_reward": 415.060150080505,
        "reward_shaping": 9.052644021922156,
        "reward_arbitrage_bonus": 832.501028360467,
        "reward_export_bonus": 487.31707506084956,
        "reward_night_charging": 841.9307113081799,
        "reward_action_mod_penalty": -507.58617125146225,
        "reward_solar_soc": 92.02598296105862,
        "reward_night_peak_chain": 0.0
    },
    "reward_component_distributions": {
        "reward_grid_cost": {
            "min": -2.9908291338560082,
            "max": -0.0,
            "mean": -0.18389428505039143,
            "median": -0.0030183187500000003,
            "std": 0.32657887418406506,
            "p5": -0.8219012195318164,
            "p25": -0.24094076851624685,
            "p75": 0.0,
            "p95": 0.0,
            "zero_pct": 47.58064516129033,
            "total": -547.2693923099649
        },
        "reward_capacity_penalty": {
            "min": -4.306272172808647,
            "max": -0.0,
            "mean": -0.15009997880168532,
            "median": 0.0,
            "std": 0.49699082066390876,
            "p5": -1.3096982666254045,
            "p25": -0.0,
            "p75": 0.0,
            "p95": 0.0,
            "zero_pct": 88.03763440860214,
            "total": -446.6975369138158
        },
        "reward_battery_cost": {
            "min": -4.570852612194263,
            "max": -0.0,
            "mean": -0.5879554754100956,
            "median": -0.3348356477585376,
            "std": 0.7114731636565033,
            "p5": -1.9204235390612956,
            "p25": -0.9499553914647549,
            "p75": 0.0,
            "p95": 0.0,
            "zero_pct": 31.317204301075268,
            "total": -1749.7554948204454
        },
        "reward_soc_reward": {
            "min": -0.36000000000000004,
            "max": 1.4980688850560262,
            "mean": 0.1394691364517831,
            "median": -0.03435102494052526,
            "std": 0.5112710377524363,
            "p5": -0.36000000000000004,
            "p25": -0.31500000000000006,
            "p75": 0.3848326012219331,
            "p95": 1.2600417699964481,
            "zero_pct": 0.0,
            "total": 415.060150080505
        },
        "reward_shaping": {
            "min": -1.780337912533888,
            "max": 1.8442914378586,
            "mean": 0.003041883071882482,
            "median": 0.010000000000000009,
            "std": 0.2760780319411182,
            "p5": -0.19316918261751098,
            "p25": -0.02237096135525357,
            "p75": 0.042558813810635976,
            "p95": 0.1611831268247329,
            "zero_pct": 0.0,
            "total": 9.052644021922156
        },
        "reward_arbitrage_bonus": {
            "min": 0.0,
            "max": 6.754704415798187,
            "mean": 0.2797382487770386,
            "median": 0.0,
            "std": 0.8182054811775792,
            "p5": 0.0,
            "p25": 0.0,
            "p75": 0.0,
            "p95": 2.114413119852543,
            "zero_pct": 80.20833333333334,
            "total": 832.501028360467
        },
        "reward_export_bonus": {
            "min": 0.0,
            "max": 1.7380364567578692,
            "mean": 0.16374901715754375,
            "median": 0.0,
            "std": 0.25654025415698445,
            "p5": 0.0,
            "p25": 0.0,
            "p75": 0.27620566082605313,
            "p95": 0.6612483746684605,
            "zero_pct": 52.41935483870967,
            "total": 487.31707506084956
        },
        "reward_night_charging": {
            "min": 0.0,
            "max": 3.2655298709869385,
            "mean": 0.28290682503635073,
            "median": 0.0,
            "std": 0.6367719744795973,
            "p5": 0.0,
            "p25": 0.0,
            "p75": 0.0,
            "p95": 1.8942812085151672,
            "zero_pct": 76.47849462365592,
            "total": 841.9307113081799
        },
        "reward_action_mod_penalty": {
            "min": -1.2000000000000002,
            "max": -0.0,
            "mean": -0.17055986937213144,
            "median": 0.0,
            "std": 0.27099708921165067,
            "p5": -0.7344128787517549,
            "p25": -0.3164513826369454,
            "p75": 0.0,
            "p95": 0.0,
            "zero_pct": 61.99596774193549,
            "total": -507.58617125146225
        },
        "reward_morning_soc": {
            "min": 0,
            "max": 0,
            "mean": 0,
            "median": 0,
            "std": 0,
            "p5": 0,
            "p25": 0,
            "p75": 0,
            "p95": 0,
            "zero_pct": 100.0,
            "total": 0
        },
        "reward_night_peak_chain": {
            "min": 0,
            "max": 0,
            "mean": 0,
            "median": 0,
            "std": 0,
            "p5": 0,
            "p25": 0,
            "p75": 0,
            "p95": 0,
            "zero_pct": 100.0,
            "total": 0
        }
    }
}