{
    "total_reward": 1223.8561344008897,
    "avg_battery_power": -0.09494500587734471,
    "max_battery_power": 6.800022125244141,
    "peak_grid_import": 16.382516696453095,
    "peak_grid_export": 11.43133531636715,
    "export_energy_kwh": 1830.8007969509465,
    "export_revenue": 0,
    "price_power_correlation": 0.4186927458358089,
    "avg_night_price": 33.81838333333334,
    "avg_day_price": 39.369108333333514,
    "night_charges_energy_kwh": 392.0927688120358,
    "day_charges_energy_kwh": 261.45693597131026,
    "night_day_charge_ratio": 1.4996456963568954,
    "avg_soc": 0.6424138946653067,
    "min_soc": 0.1,
    "max_soc": 0.9,
    "pct_time_in_preferred_range": 45.69444444444444,
    "pct_time_at_high_soc": 37.638888888888886,
    "violation_percentage": 0.0,
    "top3_peaks": [
        8.191258348226548,
        6.932525741815567,
        6.903930180311203
    ],
    "peak_rolling_average": 7.342571423451106,
    "current_capacity_fee": 596.5839281554023,
    "fixed_grid_fee_total": 730.0,
    "months_in_episode": 2,
    "peak_reduction_due_to_discount": 8.191258348226548,
    "estimated_savings": 665.539740793407,
    "night_peaks": 32,
    "day_peaks": 0,
    "actions_modified": 753,
    "pct_modified_actions": 26.145833333333336,
    "avg_action_delta": 0.44350516481610297,
    "max_action_delta": 0.999999999682234,
    "reward_components": {
        "reward_grid_cost": -102.58813224900221,
        "reward_capacity_penalty": -460.1163709335433,
        "reward_battery_cost": -2782.93715317569,
        "reward_soc_reward": 752.7239676161777,
        "reward_shaping": 1.8398043751179471,
        "reward_arbitrage_bonus": 977.9577447400285,
        "reward_export_bonus": 174.66119347522414,
        "reward_night_charging": 3136.7421504962863,
        "reward_action_mod_penalty": -246.46337948185675,
        "reward_solar_soc": 291.0730833001435,
        "reward_night_peak_chain": 622.9233986150834
    },
    "reward_component_distributions": {
        "reward_grid_cost": {
            "min": -0.4225870181850076,
            "max": -0.0,
            "mean": -0.035620879253125785,
            "median": 0.0,
            "std": 0.07262175443630142,
            "p5": -0.19250778396670712,
            "p25": -0.03645377884079707,
            "p75": 0.0,
            "p95": 0.0,
            "zero_pct": 60.9375,
            "total": -102.58813224900221
        },
        "reward_capacity_penalty": {
            "min": -5.6912583482265475,
            "max": -0.0,
            "mean": -0.15976262879636935,
            "median": 0.0,
            "std": 0.6806394957451187,
            "p5": -1.1851308774352072,
            "p25": -0.0,
            "p75": 0.0,
            "p95": 0.0,
            "zero_pct": 91.59722222222221,
            "total": -460.1163709335433
        },
        "reward_battery_cost": {
            "min": -4.026328889947189,
            "max": -0.0,
            "mean": -0.9662976226304502,
            "median": -0.8516603002422736,
            "std": 0.8648834180730766,
            "p5": -2.4513853000011294,
            "p25": -1.6910969622825323,
            "p75": -0.06792229769846113,
            "p95": 0.0,
            "zero_pct": 10.208333333333334,
            "total": -2782.93715317569
        },
        "reward_soc_reward": {
            "min": -0.285,
            "max": 1.4988822287919976,
            "mean": 0.2613624887556157,
            "median": -0.006285702365993129,
            "std": 0.5580315993800544,
            "p5": -0.285,
            "p25": -0.2540535308865581,
            "p75": 0.689303596069398,
            "p95": 1.3484718155511763,
            "zero_pct": 0.0,
            "total": 752.7239676161777
        },
        "reward_shaping": {
            "min": -2.8676540449048966,
            "max": 2.80222377089127,
            "mean": 0.0006388209635826184,
            "median": 0.004331576310042468,
            "std": 0.45981504299433107,
            "p5": -0.2748740634116648,
            "p25": -0.08497710551294314,
            "p75": 0.0923693218690593,
            "p95": 0.23730381330428596,
            "zero_pct": 0.0,
            "total": 1.8398043751179471
        },
        "reward_arbitrage_bonus": {
            "min": 0.0,
            "max": 3.4000110626220703,
            "mean": 0.33956866136806546,
            "median": 0.0,
            "std": 0.5976247158132407,
            "p5": 0.0,
            "p25": 0.0,
            "p75": 0.5788381770253181,
            "p95": 1.7354848533868787,
            "zero_pct": 58.576388888888886,
            "total": 977.9577447400285
        },
        "reward_export_bonus": {
            "min": 0.0,
            "max": 0.48044337302080287,
            "mean": 0.06064624773445283,
            "median": 0.04111720264607052,
            "std": 0.07101167342689511,
            "p5": 0.0,
            "p25": 0.0,
            "p75": 0.10525732590676454,
            "p95": 0.18257658749801525,
            "zero_pct": 39.0625,
            "total": 174.66119347522414
        },
        "reward_night_charging": {
            "min": 0.0,
            "max": 10.0,
            "mean": 1.0891465800334326,
            "median": 0.0,
            "std": 2.5592882208469,
            "p5": 0.0,
            "p25": 0.0,
            "p75": 7.973754989620829e-11,
            "p95": 7.829109847545621,
            "zero_pct": 73.09027777777779,
            "total": 3136.7421504962863
        },
        "reward_action_mod_penalty": {
            "min": -0.7499999997616755,
            "max": -0.0,
            "mean": -0.08557756232008913,
            "median": 0.0,
            "std": 0.1741019834145522,
            "p5": -0.5111824706489524,
            "p25": -0.033155545592308044,
            "p75": 0.0,
            "p95": 0.0,
            "zero_pct": 73.85416666666667,
            "total": -246.46337948185675
        },
        "reward_morning_soc": {
            "min": 0,
            "max": 0,
            "mean": 0,
            "median": 0,
            "std": 0,
            "p5": 0,
            "p25": 0,
            "p75": 0,
            "p95": 0,
            "zero_pct": 100.0,
            "total": 0
        },
        "reward_night_peak_chain": {
            "min": 0.0,
            "max": 3.4000110626220703,
            "mean": 0.2162928467413484,
            "median": 0.0,
            "std": 0.5532297663973702,
            "p5": 0.0,
            "p25": 0.0,
            "p75": 0.0,
            "p95": 1.6844791844487188,
            "zero_pct": 83.02083333333333,
            "total": 622.9233986150834
        }
    }
}