{
    "total_reward": 511.0697120073364,
    "avg_battery_power": -0.13330454525641564,
    "max_battery_power": 10.0,
    "peak_grid_import": 16.82,
    "peak_grid_export": 12.4206192,
    "export_energy_kwh": 1947.5309423524498,
    "export_revenue": 0,
    "price_power_correlation": 0.3722938090500331,
    "avg_night_price": 33.81838333333334,
    "avg_day_price": 39.369108333333514,
    "night_charges_energy_kwh": 499.7452470048534,
    "day_charges_energy_kwh": 488.63926334893625,
    "night_day_charge_ratio": 1.022728389814198,
    "avg_soc": 0.5814600293503052,
    "min_soc": 0.1,
    "max_soc": 0.9,
    "pct_time_in_preferred_range": 33.33333333333333,
    "pct_time_at_high_soc": 39.02777777777778,
    "violation_percentage": 0.0,
    "top3_peaks": [
        8.41,
        8.28916428024063,
        7.63881257451828
    ],
    "peak_rolling_average": 8.112658951586303,
    "current_capacity_fee": 659.1535398163871,
    "fixed_grid_fee_total": 730.0,
    "months_in_episode": 2,
    "peak_reduction_due_to_discount": 8.41,
    "estimated_savings": 683.3125,
    "night_peaks": 34,
    "day_peaks": 0,
    "actions_modified": 1172,
    "pct_modified_actions": 40.69444444444444,
    "avg_action_delta": 0.6632489164869484,
    "max_action_delta": 1.0,
    "reward_components": {
        "reward_grid_cost": -1783.056138230195,
        "reward_capacity_penalty": -584.9323821767257,
        "reward_battery_cost": -4226.263243492414,
        "reward_soc_reward": -323.4099057692208,
        "reward_shaping": 9.272788559167449,
        "reward_arbitrage_bonus": 1508.55436493279,
        "reward_export_bonus": 197.00354153439622,
        "reward_night_charging": 3997.9619760388273,
        "reward_action_mod_penalty": -1505.8242323360932,
        "reward_solar_soc": 306.62229034118354,
        "reward_night_peak_chain": 496.065673468934
    },
    "reward_component_distributions": {
        "reward_grid_cost": {
            "min": -6.535594968750001,
            "max": -0.0,
            "mean": -0.619116714663262,
            "median": 0.0,
            "std": 1.2179571085361514,
            "p5": -3.3217597751228576,
            "p25": -0.6673844160145561,
            "p75": 0.0,
            "p95": 0.0,
            "zero_pct": 57.951388888888886,
            "total": -1783.056138230195
        },
        "reward_capacity_penalty": {
            "min": -5.91,
            "max": -0.0,
            "mean": -0.20310152158914055,
            "median": 0.0,
            "std": 0.7732525333606166,
            "p5": -1.3168161450686835,
            "p25": -0.0,
            "p75": 0.0,
            "p95": 0.0,
            "zero_pct": 85.59027777777779,
            "total": -584.9323821767257
        },
        "reward_battery_cost": {
            "min": -5.921052631578949,
            "max": -0.0,
            "mean": -1.4674525151015347,
            "median": -1.1266058280598372,
            "std": 1.5520462318602763,
            "p5": -4.568769153403608,
            "p25": -2.671875,
            "p75": -1.0272205711037153e-09,
            "p95": 0.0,
            "zero_pct": 18.47222222222222,
            "total": -4226.263243492414
        },
        "reward_soc_reward": {
            "min": -1.1875,
            "max": 1.9918070818248559,
            "mean": -0.11229510616986846,
            "median": -0.07500000000000001,
            "std": 0.8951197501442999,
            "p5": -1.1499999998911061,
            "p25": -1.0899546348139486,
            "p75": 0.35765260301138335,
            "p95": 1.6427734361570427,
            "zero_pct": 0.0,
            "total": -323.4099057692208
        },
        "reward_shaping": {
            "min": -3.139951901669707,
            "max": 3.389121506590591,
            "mean": 0.003219718249710897,
            "median": 0.015000000000000124,
            "std": 0.6576917293569614,
            "p5": -0.4232041478351327,
            "p25": -0.11104242559142397,
            "p75": 0.1279430870001377,
            "p95": 0.35790210665126,
            "zero_pct": 0.0,
            "total": 9.272788559167449
        },
        "reward_arbitrage_bonus": {
            "min": 0.0,
            "max": 5.0,
            "mean": 0.5238035989349966,
            "median": 0.0,
            "std": 1.1218521815005758,
            "p5": 0.0,
            "p25": 0.0,
            "p75": 0.5151829904337462,
            "p95": 3.62290824844649,
            "zero_pct": 63.020833333333336,
            "total": 1508.55436493279
        },
        "reward_export_bonus": {
            "min": 0.0,
            "max": 0.779712584846,
            "mean": 0.06840400747722082,
            "median": 0.028569494821205,
            "std": 0.0987923315855768,
            "p5": 0.0,
            "p25": 0.0,
            "p75": 0.10019187470081563,
            "p95": 0.2667235781075083,
            "zero_pct": 42.048611111111114,
            "total": 197.00354153439622
        },
        "reward_night_charging": {
            "min": 0.0,
            "max": 10.0,
            "mean": 1.388181241680148,
            "median": 0.0,
            "std": 3.2058537687253468,
            "p5": 0.0,
            "p25": 0.0,
            "p75": 2.039528546049496e-10,
            "p95": 10.0,
            "zero_pct": 72.67361111111111,
            "total": 3997.9619760388273
        },
        "reward_action_mod_penalty": {
            "min": -2.0,
            "max": -0.0,
            "mean": -0.5228556362278102,
            "median": 0.0,
            "std": 0.765917085276584,
            "p5": -1.9999999999326883,
            "p25": -0.983534961938858,
            "p75": 0.0,
            "p95": 0.0,
            "zero_pct": 59.30555555555556,
            "total": -1505.8242323360932
        },
        "reward_morning_soc": {
            "min": 0,
            "max": 0,
            "mean": 0,
            "median": 0,
            "std": 0,
            "p5": 0,
            "p25": 0,
            "p75": 0,
            "p95": 0,
            "zero_pct": 100.0,
            "total": 0
        },
        "reward_night_peak_chain": {
            "min": 0.0,
            "max": 2.5,
            "mean": 0.1722450255100465,
            "median": 0.0,
            "std": 0.533935480720013,
            "p5": 0.0,
            "p25": 0.0,
            "p75": 0.0,
            "p95": 1.7265727370977386,
            "zero_pct": 88.64583333333333,
            "total": 496.065673468934
        }
    }
}