{"accuracy": [0.7633740305900574, 0.8423178195953369, 0.8643295168876648, 0.8690248131752014, 0.8781963586807251, 0.880824625492096, 0.8897360563278198, 0.8907901048660278, 0.8926928639411926, 0.8967995643615723, 0.8964299559593201, 0.9017412066459656, 0.9057247042655945, 0.9082981944084167, 0.9050402641296387, 0.9075316190719604, 0.9094480872154236, 0.9080244302749634, 0.9176750779151917, 0.9164431095123291, 0.9160324335098267, 0.9177024364471436, 0.9202622771263123, 0.923807680606842, 0.9240677952766418, 0.9191260933876038, 0.9240267276763916, 0.9284482002258301, 0.929269552230835, 0.9290642142295837, 0.9283797740936279, 0.929995059967041, 0.9281470775604248, 0.9360729455947876, 0.9351420998573303, 0.9370311498641968, 0.937537670135498, 0.940727174282074, 0.9384821653366089, 0.9363877773284912, 0.9402070045471191, 0.943560779094696, 0.9448201060295105, 0.9458605051040649, 0.946257472038269, 0.9403849244117737, 0.9457373023033142, 0.9442178010940552, 0.946750283241272, 0.9518972635269165], "auc": [0.8461825251579285, 0.9325119256973267, 0.9498324990272522, 0.9532396793365479, 0.9593276381492615, 0.9627966284751892, 0.9658523797988892, 0.9652312994003296, 0.9653190970420837, 0.9690827131271362, 0.9695316553115845, 0.9703923463821411, 0.9730662107467651, 0.9733829498291016, 0.973484456539154, 0.9732750654220581, 0.9745124578475952, 0.974458634853363, 0.9768208265304565, 0.9766355156898499, 0.9764362573623657, 0.9784611463546753, 0.9780468940734863, 0.9795747995376587, 0.9800047874450684, 0.9782595634460449, 0.9799869656562805, 0.9810593128204346, 0.9812971949577332, 0.9815150499343872, 0.9815036654472351, 0.9817790389060974, 0.9816155433654785, 0.9837108850479126, 0.9835777878761292, 0.9838885068893433, 0.9840046763420105, 0.9850659966468811, 0.9839601516723633, 0.9836294054985046, 0.9849770069122314, 0.9854210615158081, 0.9859676361083984, 0.9866210222244263, 0.9856019020080566, 0.9853352904319763, 0.9863452315330505, 0.9864498376846313, 0.9864468574523926, 0.9880160689353943], "loss": [1.5252387523651123, 0.6555145382881165, 0.5440356135368347, 0.5407529473304749, 0.48712319135665894, 0.45306816697120667, 0.43261539936065674, 0.4345390498638153, 0.444426953792572, 0.4079796075820923, 0.40330958366394043, 0.3862460255622864, 0.366655170917511, 0.3708009719848633, 0.36509066820144653, 0.35974475741386414, 0.3582288920879364, 0.35355305671691895, 0.327762633562088, 0.3272698223590851, 0.32630616426467896, 0.3101499378681183, 0.31339535117149353, 0.2980678677558899, 0.2920032739639282, 0.3152211606502533, 0.2898411154747009, 0.2783850133419037, 0.2766072452068329, 0.27127203345298767, 0.26965779066085815, 0.26525914669036865, 0.2773580253124237, 0.24916522204875946, 0.2513265013694763, 0.24772845208644867, 0.2424037903547287, 0.23514191806316376, 0.24184589087963104, 0.251644104719162, 0.23669208586215973, 0.2269250899553299, 0.21840493381023407, 0.20867550373077393, 0.22037123143672943, 0.23057055473327637, 0.21556559205055237, 0.2226635068655014, 0.21029320359230042, 0.19383545219898224], "precision": [0.05432852357625961, 0.08783729374408722, 0.10344197601079941, 0.10678604990243912, 0.1149136871099472, 0.11756286770105362, 0.12569862604141235, 0.1269332766532898, 0.1289960741996765, 0.1334029883146286, 0.1337491273880005, 0.14115236699581146, 0.1467248946428299, 0.14944295585155487, 0.14572739601135254, 0.14935970306396484, 0.15187911689281464, 0.15048976242542267, 0.16531582176685333, 0.16363385319709778, 0.16212496161460876, 0.16554903984069824, 0.1706513911485672, 0.17703065276145935, 0.1770506501197815, 0.1679897904396057, 0.17802917957305908, 0.18692319095134735, 0.18928289413452148, 0.18854264914989471, 0.18716828525066376, 0.1910737007856369, 0.18579235672950745, 0.2049657553434372, 0.20320945978164673, 0.20805948972702026, 0.20899425446987152, 0.2183532863855362, 0.21174189448356628, 0.2057761698961258, 0.21614301204681396, 0.22687016427516937, 0.23107874393463135, 0.2351115494966507, 0.23551292717456818, 0.2173677533864975, 0.23429015278816223, 0.2290439009666443, 0.2373916506767273, 0.2571064829826355], "recall": [0.7998365759849548, 0.8962418437004089, 0.9256535768508911, 0.9256535768508911, 0.9354575276374817, 0.9395424723625183, 0.9370915293693542, 0.938725471496582, 0.9395424723625183, 0.938725471496582, 0.9460784196853638, 0.9566993713378906, 0.9607843160629272, 0.9534313678741455, 0.959967315196991, 0.9624183177947998, 0.9607843160629272, 0.9665032625198364, 0.9665032625198364, 0.9697712659835815, 0.9624183177947998, 0.968137264251709, 0.9738562107086182, 0.9722222089767456, 0.968137264251709, 0.968137264251709, 0.9771241545677185, 0.976307213306427, 0.9812091588973999, 0.9787581562995911, 0.9795751571655273, 0.9828431606292725, 0.9722222089767456, 0.9779411554336548, 0.9828431606292725, 0.9828431606292725, 0.9795751571655273, 0.983660101890564, 0.9812091588973999, 0.9779411554336548, 0.9779411554336548, 0.983660101890564, 0.9852941036224365, 0.9901960492134094, 0.9828431606292725, 0.983660101890564, 0.9869281053543091, 0.9844771027565002, 0.9844771027565002, 0.9901960492134094], "learning_rate": [0.0020000000949949026, 0.0020000000949949026, 0.0020000000949949026, 0.0020000000949949026, 0.0020000000949949026, 0.0020000000949949026, 0.0020000000949949026, 0.0020000000949949026, 0.0020000000949949026, 0.0020000000949949026, 0.0020000000949949026, 0.0020000000949949026, 0.0020000000949949026, 0.0020000000949949026, 0.0020000000949949026, 0.0020000000949949026, 0.0020000000949949026, 0.0020000000949949026, 0.0020000000949949026, 0.0020000000949949026, 0.0020000000949949026, 0.0020000000949949026, 0.0020000000949949026, 0.0020000000949949026, 0.0020000000949949026, 0.0020000000949949026, 0.0020000000949949026, 0.0020000000949949026, 0.0020000000949949026, 0.0020000000949949026, 0.0020000000949949026, 0.0020000000949949026, 0.0020000000949949026, 0.0020000000949949026, 0.0020000000949949026, 0.0020000000949949026, 0.0020000000949949026, 0.0020000000949949026, 0.0020000000949949026, 0.0020000000949949026, 0.0020000000949949026, 0.0020000000949949026, 0.0020000000949949026, 0.0020000000949949026, 0.0020000000949949026, 0.0020000000949949026, 0.0020000000949949026, 0.0020000000949949026, 0.0020000000949949026, 0.0010000000474974513]}