{
    "best_epoch": 48,
    "best_training_loss": 0.22960378229618073,
    "epochs_trained": 50,
    "training_losses": [
        1.7806589603424072,
        0.697782576084137,
        0.5976933836936951,
        0.548189640045166,
        0.4963442087173462,
        0.4658052623271942,
        0.46705299615859985,
        0.451022744178772,
        0.43042662739753723,
        0.41964346170425415,
        0.42184507846832275,
        0.4103007912635803,
        0.3933458924293518,
        0.391000360250473,
        0.38436755537986755,
        0.3743317425251007,
        0.371125727891922,
        0.3548795282840729,
        0.3409952223300934,
        0.3493647873401642,
        0.3516497015953064,
        0.3513309955596924,
        0.3297756314277649,
        0.3180314302444458,
        0.3216634690761566,
        0.3121660649776459,
        0.2993186116218567,
        0.29727378487586975,
        0.318014919757843,
        0.2961147129535675,
        0.2956240177154541,
        0.29070746898651123,
        0.2895893454551697,
        0.28554224967956543,
        0.2782222628593445,
        0.2694716453552246,
        0.26069873571395874,
        0.26167911291122437,
        0.256122887134552,
        0.27292320132255554,
        0.24752752482891083,
        0.25983256101608276,
        0.25430968403816223,
        0.2532523572444916,
        0.23046600818634033,
        0.24845661222934723,
        0.24178022146224976,
        0.22960378229618073,
        0.23943711817264557,
        0.2310878038406372
    ],
    "final_loss": 0.2310878038406372,
    "training_accuracy": [
        0.7466235160827637,
        0.831731915473938,
        0.8540070652961731,
        0.8637372255325317,
        0.8751319646835327,
        0.8853628039360046,
        0.8844425678253174,
        0.8903564810752869,
        0.8913849592208862,
        0.8928465247154236,
        0.8962297439575195,
        0.8918315172195435,
        0.8984761834144592,
        0.9011421799659729,
        0.9021030068397522,
        0.9034969210624695,
        0.9037404656410217,
        0.9061899185180664,
        0.9111024141311646,
        0.9089370965957642,
        0.9094107747077942,
        0.9114813208580017,
        0.9130646586418152,
        0.9168944954872131,
        0.9145126938819885,
        0.9167861938476562,
        0.9208325147628784,
        0.9213738441467285,
        0.9174628257751465,
        0.9212926626205444,
        0.9243375658988953,
        0.9240127801895142,
        0.9235661625862122,
        0.9263675212860107,
        0.9258261919021606,
        0.9296153783798218,
        0.9327550530433655,
        0.9316859245300293,
        0.9337023496627808,
        0.9291146993637085,
        0.933891773223877,
        0.934879720211029,
        0.9337158799171448,
        0.9351909756660461,
        0.9396838545799255,
        0.9363006353378296,
        0.938276469707489,
        0.9394809007644653,
        0.9402793049812317,
        0.9422280788421631
    ],
    "date_trained": "2025-06-15 08:18:35"
}