{"accuracy": [0.7374752759933472, 0.8109069466590881, 0.8338002562522888, 0.8443886041641235, 0.8520105481147766, 0.8599209189414978, 0.8620907664299011, 0.8720473647117615, 0.8696165680885315, 0.8752609491348267, 0.8768128156661987, 0.8771011829376221, 0.8818528652191162, 0.8844896554946899, 0.8833910226821899, 0.8860003352165222, 0.8904086947441101, 0.8945698738098145, 0.8934849500656128, 0.8939381241798401, 0.8947483897209167, 0.9007086157798767, 0.8992117047309875, 0.9023154377937317, 0.9025214314460754, 0.906476616859436, 0.9101433753967285, 0.9097039103507996, 0.9118050932884216, 0.914702832698822, 0.9129998683929443, 0.9186992049217224, 0.9167628288269043, 0.9188090562820435, 0.9187678694725037, 0.921487033367157, 0.921761691570282, 0.924302339553833, 0.9245632886886597, 0.9255932569503784, 0.9260739684104919, 0.9269116520881653, 0.9275708794593811, 0.9316633939743042, 0.9325697422027588, 0.9295072555541992, 0.9272412657737732, 0.9302763342857361, 0.9360854625701904, 0.9364837408065796], "auc": [0.8136775493621826, 0.9003281593322754, 0.9228734970092773, 0.9402000308036804, 0.9470092058181763, 0.949502170085907, 0.95184326171875, 0.9560191631317139, 0.9563649296760559, 0.9585152268409729, 0.9597941637039185, 0.9613003730773926, 0.9619677662849426, 0.9641632437705994, 0.9649471640586853, 0.9653972387313843, 0.9673463106155396, 0.9686350226402283, 0.9683160781860352, 0.9692971110343933, 0.969986617565155, 0.9716784954071045, 0.9710413217544556, 0.9724919199943542, 0.9728009700775146, 0.9740551114082336, 0.975222647190094, 0.9745664000511169, 0.975860059261322, 0.976620078086853, 0.9761621356010437, 0.9778169393539429, 0.9776574373245239, 0.9782189726829529, 0.9781074523925781, 0.9785552024841309, 0.9790047407150269, 0.9794583916664124, 0.9794331192970276, 0.9798249006271362, 0.98006272315979, 0.9806317687034607, 0.9812875390052795, 0.9822556972503662, 0.9824157357215881, 0.9813839197158813, 0.9807887673377991, 0.9819557666778564, 0.9830635190010071, 0.9828267693519592], "loss": [1.8681331872940063, 0.9736435413360596, 0.7240816354751587, 0.5904170274734497, 0.5539606213569641, 0.5426068902015686, 0.5247178077697754, 0.49890509247779846, 0.4896484613418579, 0.4769294857978821, 0.47266820073127747, 0.4566914141178131, 0.44930484890937805, 0.42973989248275757, 0.4292865991592407, 0.42056146264076233, 0.4020698368549347, 0.39030587673187256, 0.39158448576927185, 0.3875682055950165, 0.38236474990844727, 0.3587959408760071, 0.3676367402076721, 0.3518454134464264, 0.3585559129714966, 0.33881837129592896, 0.3316194713115692, 0.3298550844192505, 0.3225809931755066, 0.314880907535553, 0.3140159547328949, 0.3033812940120697, 0.30559253692626953, 0.30121269822120667, 0.3000521659851074, 0.28975990414619446, 0.29352006316185, 0.2824115753173828, 0.2841078042984009, 0.2795398533344269, 0.2784407138824463, 0.2741010785102844, 0.26565197110176086, 0.25259771943092346, 0.25426748394966125, 0.26553264260292053, 0.2721497416496277, 0.2630578875541687, 0.24249064922332764, 0.24613328278064728], "precision": [0.06977784633636475, 0.10319671034812927, 0.11807461082935333, 0.1277543306350708, 0.13444145023822784, 0.14050860702991486, 0.1444108784198761, 0.1539878398180008, 0.15233704447746277, 0.15802329778671265, 0.16017070412635803, 0.16132701933383942, 0.1666666716337204, 0.17006191611289978, 0.1685827523469925, 0.17254585027694702, 0.17898347973823547, 0.18568065762519836, 0.18311507999897003, 0.18403074145317078, 0.18620836734771729, 0.19562534987926483, 0.19251278042793274, 0.19877468049526215, 0.197877436876297, 0.2057129442691803, 0.2123786360025406, 0.21169647574424744, 0.21554379165172577, 0.2214358001947403, 0.21794871985912323, 0.2306685894727707, 0.2262088507413864, 0.23062802851200104, 0.23067854344844818, 0.23717431724071503, 0.2373887300491333, 0.2439596801996231, 0.2443181872367859, 0.2471674382686615, 0.24817107617855072, 0.2504609227180481, 0.25267207622528076, 0.2636675238609314, 0.2662855386734009, 0.2575007379055023, 0.25181081891059875, 0.2596887946128845, 0.27736997604370117, 0.27870139479637146], "recall": [0.7787021398544312, 0.8630061149597168, 0.8829728364944458, 0.9068219661712646, 0.9151414036750793, 0.9101497530937195, 0.9278979301452637, 0.9273433089256287, 0.9345535039901733, 0.9328896403312683, 0.9367720484733582, 0.9439822435379028, 0.9428730010986328, 0.9445368647575378, 0.9434276223182678, 0.9495285749435425, 0.9550748467445374, 0.9622851014137268, 0.9539656043052673, 0.9561841487884521, 0.9645035862922668, 0.9672767519950867, 0.961175799369812, 0.9717137813568115, 0.961730420589447, 0.9706045389175415, 0.9706045389175415, 0.9717137813568115, 0.9706045389175415, 0.9717137813568115, 0.9711591601371765, 0.9778147339820862, 0.9755962491035461, 0.9755962491035461, 0.9767054915428162, 0.979478657245636, 0.9761508703231812, 0.980033278465271, 0.9778147339820862, 0.980033278465271, 0.9783693552017212, 0.979478657245636, 0.9833610653877258, 0.981697142124176, 0.981697142124176, 0.980587899684906, 0.9833610653877258, 0.981142520904541, 0.9850249290466309, 0.9855796098709106], "learning_rate": [0.0020000000949949026, 0.0020000000949949026, 0.0020000000949949026, 0.0020000000949949026, 0.0020000000949949026, 0.0020000000949949026, 0.0020000000949949026, 0.0020000000949949026, 0.0020000000949949026, 0.0020000000949949026, 0.0020000000949949026, 0.0020000000949949026, 0.0020000000949949026, 0.0020000000949949026, 0.0020000000949949026, 0.0020000000949949026, 0.0020000000949949026, 0.0020000000949949026, 0.0020000000949949026, 0.0020000000949949026, 0.0020000000949949026, 0.0020000000949949026, 0.0020000000949949026, 0.0020000000949949026, 0.0020000000949949026, 0.0020000000949949026, 0.0020000000949949026, 0.0020000000949949026, 0.0020000000949949026, 0.0020000000949949026, 0.0020000000949949026, 0.0020000000949949026, 0.0020000000949949026, 0.0020000000949949026, 0.0020000000949949026, 0.0020000000949949026, 0.0020000000949949026, 0.0020000000949949026, 0.0020000000949949026, 0.0020000000949949026, 0.0020000000949949026, 0.0020000000949949026, 0.0020000000949949026, 0.0020000000949949026, 0.0020000000949949026, 0.0020000000949949026, 0.0020000000949949026, 0.0020000000949949026, 0.0020000000949949026, 0.0020000000949949026]}