{
    "best_epoch": 49,
    "best_training_loss": 0.24249064922332764,
    "epochs_trained": 50,
    "training_losses": [
        1.8681331872940063,
        0.9736435413360596,
        0.7240816354751587,
        0.5904170274734497,
        0.5539606213569641,
        0.5426068902015686,
        0.5247178077697754,
        0.49890509247779846,
        0.4896484613418579,
        0.4769294857978821,
        0.47266820073127747,
        0.4566914141178131,
        0.44930484890937805,
        0.42973989248275757,
        0.4292865991592407,
        0.42056146264076233,
        0.4020698368549347,
        0.39030587673187256,
        0.39158448576927185,
        0.3875682055950165,
        0.38236474990844727,
        0.3587959408760071,
        0.3676367402076721,
        0.3518454134464264,
        0.3585559129714966,
        0.33881837129592896,
        0.3316194713115692,
        0.3298550844192505,
        0.3225809931755066,
        0.314880907535553,
        0.3140159547328949,
        0.3033812940120697,
        0.30559253692626953,
        0.30121269822120667,
        0.3000521659851074,
        0.28975990414619446,
        0.29352006316185,
        0.2824115753173828,
        0.2841078042984009,
        0.2795398533344269,
        0.2784407138824463,
        0.2741010785102844,
        0.26565197110176086,
        0.25259771943092346,
        0.25426748394966125,
        0.26553264260292053,
        0.2721497416496277,
        0.2630578875541687,
        0.24249064922332764,
        0.24613328278064728
    ],
    "final_loss": 0.24613328278064728,
    "training_accuracy": [
        0.7374752759933472,
        0.8109069466590881,
        0.8338002562522888,
        0.8443886041641235,
        0.8520105481147766,
        0.8599209189414978,
        0.8620907664299011,
        0.8720473647117615,
        0.8696165680885315,
        0.8752609491348267,
        0.8768128156661987,
        0.8771011829376221,
        0.8818528652191162,
        0.8844896554946899,
        0.8833910226821899,
        0.8860003352165222,
        0.8904086947441101,
        0.8945698738098145,
        0.8934849500656128,
        0.8939381241798401,
        0.8947483897209167,
        0.9007086157798767,
        0.8992117047309875,
        0.9023154377937317,
        0.9025214314460754,
        0.906476616859436,
        0.9101433753967285,
        0.9097039103507996,
        0.9118050932884216,
        0.914702832698822,
        0.9129998683929443,
        0.9186992049217224,
        0.9167628288269043,
        0.9188090562820435,
        0.9187678694725037,
        0.921487033367157,
        0.921761691570282,
        0.924302339553833,
        0.9245632886886597,
        0.9255932569503784,
        0.9260739684104919,
        0.9269116520881653,
        0.9275708794593811,
        0.9316633939743042,
        0.9325697422027588,
        0.9295072555541992,
        0.9272412657737732,
        0.9302763342857361,
        0.9360854625701904,
        0.9364837408065796
    ],
    "date_trained": "2025-05-09 04:42:03"
}