{
    "best_epoch": 50,
    "best_training_loss": 0.19383545219898224,
    "epochs_trained": 50,
    "training_losses": [
        1.5252387523651123,
        0.6555145382881165,
        0.5440356135368347,
        0.5407529473304749,
        0.48712319135665894,
        0.45306816697120667,
        0.43261539936065674,
        0.4345390498638153,
        0.444426953792572,
        0.4079796075820923,
        0.40330958366394043,
        0.3862460255622864,
        0.366655170917511,
        0.3708009719848633,
        0.36509066820144653,
        0.35974475741386414,
        0.3582288920879364,
        0.35355305671691895,
        0.327762633562088,
        0.3272698223590851,
        0.32630616426467896,
        0.3101499378681183,
        0.31339535117149353,
        0.2980678677558899,
        0.2920032739639282,
        0.3152211606502533,
        0.2898411154747009,
        0.2783850133419037,
        0.2766072452068329,
        0.27127203345298767,
        0.26965779066085815,
        0.26525914669036865,
        0.2773580253124237,
        0.24916522204875946,
        0.2513265013694763,
        0.24772845208644867,
        0.2424037903547287,
        0.23514191806316376,
        0.24184589087963104,
        0.251644104719162,
        0.23669208586215973,
        0.2269250899553299,
        0.21840493381023407,
        0.20867550373077393,
        0.22037123143672943,
        0.23057055473327637,
        0.21556559205055237,
        0.2226635068655014,
        0.21029320359230042,
        0.19383545219898224
    ],
    "final_loss": 0.19383545219898224,
    "training_accuracy": [
        0.7633740305900574,
        0.8423178195953369,
        0.8643295168876648,
        0.8690248131752014,
        0.8781963586807251,
        0.880824625492096,
        0.8897360563278198,
        0.8907901048660278,
        0.8926928639411926,
        0.8967995643615723,
        0.8964299559593201,
        0.9017412066459656,
        0.9057247042655945,
        0.9082981944084167,
        0.9050402641296387,
        0.9075316190719604,
        0.9094480872154236,
        0.9080244302749634,
        0.9176750779151917,
        0.9164431095123291,
        0.9160324335098267,
        0.9177024364471436,
        0.9202622771263123,
        0.923807680606842,
        0.9240677952766418,
        0.9191260933876038,
        0.9240267276763916,
        0.9284482002258301,
        0.929269552230835,
        0.9290642142295837,
        0.9283797740936279,
        0.929995059967041,
        0.9281470775604248,
        0.9360729455947876,
        0.9351420998573303,
        0.9370311498641968,
        0.937537670135498,
        0.940727174282074,
        0.9384821653366089,
        0.9363877773284912,
        0.9402070045471191,
        0.943560779094696,
        0.9448201060295105,
        0.9458605051040649,
        0.946257472038269,
        0.9403849244117737,
        0.9457373023033142,
        0.9442178010940552,
        0.946750283241272,
        0.9518972635269165
    ],
    "date_trained": "2025-05-12 00:36:25"
}