{"accuracy": [0.7466235160827637, 0.831731915473938, 0.8540070652961731, 0.8637372255325317, 0.8751319646835327, 0.8853628039360046, 0.8844425678253174, 0.8903564810752869, 0.8913849592208862, 0.8928465247154236, 0.8962297439575195, 0.8918315172195435, 0.8984761834144592, 0.9011421799659729, 0.9021030068397522, 0.9034969210624695, 0.9037404656410217, 0.9061899185180664, 0.9111024141311646, 0.9089370965957642, 0.9094107747077942, 0.9114813208580017, 0.9130646586418152, 0.9168944954872131, 0.9145126938819885, 0.9167861938476562, 0.9208325147628784, 0.9213738441467285, 0.9174628257751465, 0.9212926626205444, 0.9243375658988953, 0.9240127801895142, 0.9235661625862122, 0.9263675212860107, 0.9258261919021606, 0.9296153783798218, 0.9327550530433655, 0.9316859245300293, 0.9337023496627808, 0.9291146993637085, 0.933891773223877, 0.934879720211029, 0.9337158799171448, 0.9351909756660461, 0.9396838545799255, 0.9363006353378296, 0.938276469707489, 0.9394809007644653, 0.9402793049812317, 0.9422280788421631], "auc": [0.8241855502128601, 0.9256019592285156, 0.9434040188789368, 0.9500565528869629, 0.9575325846672058, 0.9620291590690613, 0.9617205858230591, 0.9642270803451538, 0.9663742184638977, 0.9676360487937927, 0.9676946997642517, 0.9684363603591919, 0.9702300429344177, 0.9711401462554932, 0.9718032479286194, 0.972270131111145, 0.9725433588027954, 0.9739824533462524, 0.9753614068031311, 0.9750810265541077, 0.975361704826355, 0.9752797484397888, 0.9764529466629028, 0.9774085879325867, 0.9773316979408264, 0.9783502817153931, 0.9791450500488281, 0.9790607690811157, 0.9778731465339661, 0.9794297814369202, 0.9795171618461609, 0.9807116985321045, 0.9803041815757751, 0.9805350303649902, 0.9811693429946899, 0.9819794297218323, 0.9826260209083557, 0.9822918772697449, 0.982935905456543, 0.9817154407501221, 0.9835445284843445, 0.9828473329544067, 0.9831494688987732, 0.9831261038780212, 0.9845473766326904, 0.98358154296875, 0.9840436577796936, 0.9847615361213684, 0.984562337398529, 0.9849003553390503], "loss": [1.7806589603424072, 0.697782576084137, 0.5976933836936951, 0.548189640045166, 0.4963442087173462, 0.4658052623271942, 0.46705299615859985, 0.451022744178772, 0.43042662739753723, 0.41964346170425415, 0.42184507846832275, 0.4103007912635803, 0.3933458924293518, 0.391000360250473, 0.38436755537986755, 0.3743317425251007, 0.371125727891922, 0.3548795282840729, 0.3409952223300934, 0.3493647873401642, 0.3516497015953064, 0.3513309955596924, 0.3297756314277649, 0.3180314302444458, 0.3216634690761566, 0.3121660649776459, 0.2993186116218567, 0.29727378487586975, 0.318014919757843, 0.2961147129535675, 0.2956240177154541, 0.29070746898651123, 0.2895893454551697, 0.28554224967956543, 0.2782222628593445, 0.2694716453552246, 0.26069873571395874, 0.26167911291122437, 0.256122887134552, 0.27292320132255554, 0.24752752482891083, 0.25983256101608276, 0.25430968403816223, 0.2532523572444916, 0.23046600818634033, 0.24845661222934723, 0.24178022146224976, 0.22960378229618073, 0.23943711817264557, 0.2310878038406372], "precision": [0.05076638236641884, 0.08271743357181549, 0.09677692502737045, 0.10382955521345139, 0.1136099249124527, 0.12267307937145233, 0.1213349997997284, 0.12840551137924194, 0.12906759977340698, 0.1309405118227005, 0.13425345718860626, 0.13018660247325897, 0.13827446103096008, 0.14167259633541107, 0.1424470692873001, 0.14499758183956146, 0.14531363546848297, 0.14909136295318604, 0.15662962198257446, 0.15275311470031738, 0.15316924452781677, 0.15710949897766113, 0.15988945960998535, 0.16570881009101868, 0.16217298805713654, 0.16580168902873993, 0.17304681241512299, 0.17422400414943695, 0.16712479293346405, 0.17491090297698975, 0.18004722893238068, 0.17950603365898132, 0.17882731556892395, 0.1845991611480713, 0.18358789384365082, 0.19162237644195557, 0.19902755320072174, 0.1966085433959961, 0.20150721073150635, 0.19061674177646637, 0.2020682841539383, 0.20432253181934357, 0.20202846825122833, 0.204811230301857, 0.21773624420166016, 0.2082488238811493, 0.21391485631465912, 0.21706244349479675, 0.21913909912109375, 0.2257007658481598], "recall": [0.7864542007446289, 0.8828685283660889, 0.9115538001060486, 0.9203187227249146, 0.9338645339012146, 0.934661328792572, 0.9298804998397827, 0.9426294565200806, 0.9386454224586487, 0.9418326616287231, 0.9378486275672913, 0.9450199007987976, 0.9513944387435913, 0.9529880285263062, 0.9490039944648743, 0.9561753273010254, 0.9561753273010254, 0.9609561562538147, 0.9657370448112488, 0.9593625664710999, 0.9569721221923828, 0.9649402499198914, 0.9681274890899658, 0.9649402499198914, 0.9681274890899658, 0.9673306941986084, 0.9689242839813232, 0.9705179333686829, 0.9689242839813232, 0.977689266204834, 0.9721115827560425, 0.9729083776473999, 0.9745019674301147, 0.9760956168174744, 0.9768924117088318, 0.9768924117088318, 0.9784860610961914, 0.9792828559875488, 0.980079710483551, 0.977689266204834, 0.9808765053749084, 0.9792828559875488, 0.9840637445449829, 0.9768924117088318, 0.9840637445449829, 0.9816733002662659, 0.9848605394363403, 0.9832669496536255, 0.9816733002662659, 0.9880478382110596], "learning_rate": [0.0020000000949949026, 0.0020000000949949026, 0.0020000000949949026, 0.0020000000949949026, 0.0020000000949949026, 0.0020000000949949026, 0.0020000000949949026, 0.0020000000949949026, 0.0020000000949949026, 0.0020000000949949026, 0.0020000000949949026, 0.0020000000949949026, 0.0020000000949949026, 0.0020000000949949026, 0.0020000000949949026, 0.0020000000949949026, 0.0020000000949949026, 0.0020000000949949026, 0.0020000000949949026, 0.0020000000949949026, 0.0020000000949949026, 0.0020000000949949026, 0.0020000000949949026, 0.0020000000949949026, 0.0020000000949949026, 0.0020000000949949026, 0.0020000000949949026, 0.0020000000949949026, 0.0020000000949949026, 0.0020000000949949026, 0.0020000000949949026, 0.0020000000949949026, 0.0020000000949949026, 0.0020000000949949026, 0.0020000000949949026, 0.0020000000949949026, 0.0020000000949949026, 0.0020000000949949026, 0.0020000000949949026, 0.0020000000949949026, 0.0020000000949949026, 0.0020000000949949026, 0.0020000000949949026, 0.0020000000949949026, 0.0020000000949949026, 0.0020000000949949026, 0.0020000000949949026, 0.0020000000949949026, 0.0020000000949949026, 0.0020000000949949026]}