{
    "total_reward": 431.49060135645044,
    "avg_battery_power": -0.015764218476934377,
    "max_battery_power": 0.3615422546863556,
    "peak_grid_import": 12.030308738291264,
    "peak_grid_export": 11.332636897779704,
    "export_energy_kwh": 1559.7568252474068,
    "export_revenue": 0,
    "price_power_correlation": -0.1633018578158266,
    "avg_night_price": 33.81838333333334,
    "avg_day_price": 39.369108333333514,
    "night_charges_energy_kwh": 13.992112196723042,
    "day_charges_energy_kwh": 19.34296716773487,
    "night_day_charge_ratio": 0.7233694849083264,
    "avg_soc": 0.7452931079961022,
    "min_soc": 0.5008900993694128,
    "max_soc": 0.9,
    "pct_time_in_preferred_range": 73.50694444444444,
    "pct_time_at_high_soc": 38.71527777777778,
    "violation_percentage": 0.0,
    "top3_peaks": [
        6.015154369145632,
        6.014619207911194,
        6.014561782561243
    ],
    "peak_rolling_average": 6.014778453206023,
    "current_capacity_fee": 488.70074932298934,
    "fixed_grid_fee_total": 730.0,
    "months_in_episode": 2,
    "peak_reduction_due_to_discount": 6.015154369145632,
    "estimated_savings": 488.7312924930826,
    "night_peaks": 44,
    "day_peaks": 0,
    "actions_modified": 224,
    "pct_modified_actions": 7.777777777777778,
    "avg_action_delta": 0.016486382606746022,
    "max_action_delta": 0.03943796455860138,
    "reward_components": {
        "reward_grid_cost": -1087.1477852501775,
        "reward_capacity_penalty": -532.429785163747,
        "reward_battery_cost": -246.64618983547123,
        "reward_soc_reward": 3627.706667646448,
        "reward_shaping": 2.9235575359924884,
        "reward_arbitrage_bonus": 0.0,
        "reward_export_bonus": 1287.7985807835967,
        "reward_night_charging": 55.96844878689217,
        "reward_action_mod_penalty": -9.951739935134219,
        "reward_morning_soc": -899.9588038502229,
        "reward_night_peak_chain": 5.117589328438044
    },
    "reward_component_distributions": {
        "reward_grid_cost": {
            "min": -4.668361305893925,
            "max": -0.0,
            "mean": -0.3774818698785337,
            "median": 0.0,
            "std": 0.8478174046488898,
            "p5": -2.503366653826166,
            "p25": -0.3083684168803481,
            "p75": 0.0,
            "p95": 0.0,
            "zero_pct": 54.72222222222223,
            "total": -1087.1477852501775
        },
        "reward_capacity_penalty": {
            "min": -7.030308738291264,
            "max": -0.0,
            "mean": -0.18487145318185674,
            "median": 0.0,
            "std": 0.8611103531667589,
            "p5": -1.1322908503424358,
            "p25": -0.0,
            "p75": 0.0,
            "p95": 0.0,
            "zero_pct": 93.88888888888889,
            "total": -532.429785163747
        },
        "reward_battery_cost": {
            "min": -0.4281421437075264,
            "max": -0.0,
            "mean": -0.08564103813731642,
            "median": -0.06998537663878923,
            "std": 0.0710518694125587,
            "p5": -0.21864129352922504,
            "p25": -0.12071565687074326,
            "p75": -0.035598677561210934,
            "p95": -1.2268935867255952e-13,
            "zero_pct": 4.826388888888889,
            "total": -246.64618983547123
        },
        "reward_soc_reward": {
            "min": -1.5750000000000002,
            "max": 4.9872842947226745,
            "mean": 1.2596203707105664,
            "median": 1.4937803748332605,
            "std": 1.9472649918013463,
            "p5": -1.5750000000000002,
            "p25": -1.125274705918333,
            "p75": 2.9112438526690902,
            "p95": 3.994317307237016,
            "zero_pct": 0.0,
            "total": 3627.706667646448
        },
        "reward_shaping": {
            "min": -6.360000000000026,
            "max": 6.53705930897066,
            "mean": 0.0010151241444418281,
            "median": -0.007849791104773615,
            "std": 0.4176431822284854,
            "p5": -0.019424061053570713,
            "p25": -0.013757134144308597,
            "p75": -0.002172131241221731,
            "p95": 0.14000000000000057,
            "zero_pct": 0.0,
            "total": 2.9235575359924884
        },
        "reward_arbitrage_bonus": {
            "min": 0,
            "max": 0,
            "mean": 0,
            "median": 0,
            "std": 0,
            "p5": 0,
            "p25": 0,
            "p75": 0,
            "p95": 0,
            "zero_pct": 100.0,
            "total": 0
        },
        "reward_export_bonus": {
            "min": 0.0,
            "max": 3.770386475514269,
            "mean": 0.4471522849943047,
            "median": 0.03748754027697275,
            "std": 0.6343719393370685,
            "p5": 0.0,
            "p25": 0.0,
            "p75": 0.7676033355284535,
            "p95": 1.6735469963665464,
            "zero_pct": 45.27777777777778,
            "total": 1287.7985807835967
        },
        "reward_night_charging": {
            "min": 0.0,
            "max": 0.2795586362481117,
            "mean": 0.019433489162115337,
            "median": 0.0,
            "std": 0.044470255594049,
            "p5": 0.0,
            "p25": 0.0,
            "p75": 0.0,
            "p95": 0.11840365082025524,
            "zero_pct": 76.21527777777779,
            "total": 55.96844878689217
        },
        "reward_action_mod_penalty": {
            "min": -0.11831389367580414,
            "max": -0.0,
            "mean": -0.003455465255254939,
            "median": 0.0,
            "std": 0.014698951106146605,
            "p5": -0.022992205806076527,
            "p25": -0.0,
            "p75": 0.0,
            "p95": 0.0,
            "zero_pct": 92.22222222222223,
            "total": -9.951739935134219
        },
        "reward_morning_soc": {
            "min": -3.25,
            "max": 0.0,
            "mean": -0.31248569578132734,
            "median": 0.0,
            "std": 0.8510340845593611,
            "p5": -2.7065094574822837,
            "p25": 0.0,
            "p75": 0.0,
            "p95": 0.0,
            "zero_pct": 87.5,
            "total": -899.9588038502229
        },
        "reward_night_peak_chain": {
            "min": 0.0,
            "max": 0.5147385876625776,
            "mean": 0.0017769407390409873,
            "median": 0.0,
            "std": 0.025053768304191357,
            "p5": 0.0,
            "p25": 0.0,
            "p75": 0.0,
            "p95": 0.0,
            "zero_pct": 99.30555555555556,
            "total": 5.117589328438044
        }
    }
}