{
    "total_reward": -124.20198898295823,
    "avg_battery_power": 0.005141969431607008,
    "max_battery_power": 1.6287511587142944,
    "peak_grid_import": 12.256,
    "peak_grid_export": 9.088906925973891,
    "export_energy_kwh": 1047.0695206115458,
    "export_revenue": 0,
    "price_power_correlation": 0.0939915871725292,
    "avg_night_price": 34.81749193548385,
    "avg_day_price": 58.76215725806439,
    "night_charges_energy_kwh": 14.60768838878721,
    "day_charges_energy_kwh": 33.44411856262013,
    "night_day_charge_ratio": 0.4367789918408539,
    "avg_soc": 0.1330603900420323,
    "min_soc": 0.1,
    "max_soc": 0.5481435101660322,
    "pct_time_in_preferred_range": 5.10752688172043,
    "pct_time_at_high_soc": 0.0,
    "violation_percentage": 0.0,
    "top3_peaks": [
        7.829855520233512,
        7.604,
        6.963672155175
    ],
    "peak_rolling_average": 7.465842558469504,
    "current_capacity_fee": 606.5997078756471,
    "fixed_grid_fee_total": 730.0,
    "months_in_episode": 2,
    "peak_reduction_due_to_discount": 4.426144479766489,
    "estimated_savings": 359.6242389810272,
    "night_peaks": 16,
    "day_peaks": 0,
    "actions_modified": 1291,
    "pct_modified_actions": 43.38037634408602,
    "avg_action_delta": 0.03617355880001717,
    "max_action_delta": 0.17402631044387817,
    "reward_components": {
        "reward_grid_cost": -508.7026342875246,
        "reward_capacity_penalty": -295.62658460641757,
        "reward_battery_cost": -225.5783399577665,
        "reward_soc_reward": -25.115102270903343,
        "reward_shaping": 13.872893941559623,
        "reward_arbitrage_bonus": 88.25263339323664,
        "reward_export_bonus": 391.96520713889817,
        "reward_night_charging": 58.43075355514884,
        "reward_action_mod_penalty": -55.48381198040664,
        "reward_solar_soc": 0.0,
        "reward_night_peak_chain": 0.0
    },
    "reward_component_distributions": {
        "reward_grid_cost": {
            "min": -2.69278108,
            "max": -0.0,
            "mean": -0.17093502496220594,
            "median": -0.004810720359190814,
            "std": 0.3194668830757717,
            "p5": -0.7321948125000001,
            "p25": -0.22794009879318683,
            "p75": 0.0,
            "p95": 0.0,
            "zero_pct": 44.01881720430107,
            "total": -508.7026342875246
        },
        "reward_capacity_penalty": {
            "min": -3.628,
            "max": -0.0,
            "mean": -0.09933688998871554,
            "median": 0.0,
            "std": 0.3641177271379764,
            "p5": -0.7377083291687365,
            "p25": -0.0,
            "p75": 0.0,
            "p95": 0.0,
            "zero_pct": 87.29838709677419,
            "total": -295.62658460641757
        },
        "reward_battery_cost": {
            "min": -0.9643921334492535,
            "max": -0.0,
            "mean": -0.07579917337290543,
            "median": -0.019830803510941273,
            "std": 0.12057728835403342,
            "p5": -0.3157423184020445,
            "p25": -0.10979139595292509,
            "p75": 0.0,
            "p95": 0.0,
            "zero_pct": 41.09543010752688,
            "total": -225.5783399577665
        },
        "reward_soc_reward": {
            "min": -0.06999999999999999,
            "max": 1.4976958202907786,
            "mean": -0.008439214472749874,
            "median": -0.04,
            "std": 0.1815339132591252,
            "p5": -0.06999999999999999,
            "p25": -0.059878415049963885,
            "p75": -0.035052440970165244,
            "p95": 0.06181794472194978,
            "zero_pct": 0.0,
            "total": -25.115102270903343
        },
        "reward_shaping": {
            "min": -1.54698245965918,
            "max": 1.5468526241483844,
            "mean": 0.004661590706169297,
            "median": 0.010000000000000009,
            "std": 0.32322554484187904,
            "p5": -0.029454793159345023,
            "p25": 0.002515398701252697,
            "p75": 0.010000000000000009,
            "p95": 0.027185139658326453,
            "zero_pct": 0.0,
            "total": 13.872893941559623
        },
        "reward_arbitrage_bonus": {
            "min": 0.0,
            "max": 0.622902438044548,
            "mean": 0.029654782726221993,
            "median": 0.0,
            "std": 0.08041858611431052,
            "p5": 0.0,
            "p25": 0.0,
            "p75": 0.0,
            "p95": 0.20382130984216928,
            "zero_pct": 79.16666666666666,
            "total": 88.25263339323664
        },
        "reward_export_bonus": {
            "min": 0.0,
            "max": 1.3497013500947248,
            "mean": 0.13170873895796317,
            "median": 0.0,
            "std": 0.21513918647514868,
            "p5": 0.0,
            "p25": 0.0,
            "p75": 0.22793441751871885,
            "p95": 0.5461529064953999,
            "zero_pct": 55.98118279569893,
            "total": 391.96520713889817
        },
        "reward_night_charging": {
            "min": 0.0,
            "max": 0.5933568254113197,
            "mean": 0.019633989769875283,
            "median": 0.0,
            "std": 0.06835344485290902,
            "p5": 0.0,
            "p25": 0.0,
            "p75": 0.0,
            "p95": 0.16958413179963827,
            "zero_pct": 87.73521505376344,
            "total": 58.43075355514884
        },
        "reward_action_mod_penalty": {
            "min": -0.20883157253265383,
            "max": -0.0,
            "mean": -0.018643754025674298,
            "median": 0.0,
            "std": 0.03149114676586484,
            "p5": -0.08554919287562371,
            "p25": -0.027176734618842603,
            "p75": 0.0,
            "p95": 0.0,
            "zero_pct": 56.619623655913976,
            "total": -55.48381198040664
        },
        "reward_morning_soc": {
            "min": 0,
            "max": 0,
            "mean": 0,
            "median": 0,
            "std": 0,
            "p5": 0,
            "p25": 0,
            "p75": 0,
            "p95": 0,
            "zero_pct": 100.0,
            "total": 0
        },
        "reward_night_peak_chain": {
            "min": 0,
            "max": 0,
            "mean": 0,
            "median": 0,
            "std": 0,
            "p5": 0,
            "p25": 0,
            "p75": 0,
            "p95": 0,
            "zero_pct": 100.0,
            "total": 0
        }
    }
}