{
    "total_reward": 16.548817768333144,
    "avg_battery_power": -0.03668075198287839,
    "max_battery_power": 4.6120065450668335,
    "peak_grid_import": 13.40247457075119,
    "peak_grid_export": 2.8860065450668335,
    "export_energy_kwh": 49.13049113524155,
    "export_revenue": 0,
    "price_power_correlation": 0.3865563763284889,
    "avg_night_price": 54.3786,
    "avg_day_price": 95.63284166666618,
    "night_charges_energy_kwh": 224.5353401464694,
    "day_charges_energy_kwh": 106.44367183198663,
    "night_day_charge_ratio": 2.109428736175896,
    "avg_soc": 0.5719723062721824,
    "min_soc": 0.1,
    "max_soc": 0.9,
    "pct_time_in_preferred_range": 37.083333333333336,
    "pct_time_at_high_soc": 41.979166666666664,
    "violation_percentage": 0.0,
    "top3_peaks": [
        12.196148645401001,
        12.006383673049505,
        10.871000112779916
    ],
    "peak_rolling_average": 11.691177477076808,
    "current_capacity_fee": 949.9081700124907,
    "fixed_grid_fee_total": 730.0,
    "months_in_episode": 2,
    "peak_reduction_due_to_discount": 1.206325925350189,
    "estimated_savings": 98.01398143470286,
    "night_peaks": 36,
    "day_peaks": 12,
    "actions_modified": 1124,
    "pct_modified_actions": 39.02777777777778,
    "avg_action_delta": 0.312974986297516,
    "max_action_delta": 0.9291574333894121,
    "reward_components": {
        "reward_grid_cost": -711.590267675465,
        "reward_capacity_penalty": -1581.2019307326236,
        "reward_battery_cost": -2857.6299261852923,
        "reward_soc_reward": 96.81086234891035,
        "reward_shaping": 55.10806672752295,
        "reward_arbitrage_bonus": 484.91373008222473,
        "reward_export_bonus": 10.39203707893323,
        "reward_night_charging": 1796.2827211717552,
        "reward_action_mod_penalty": -696.2773000671431,
        "reward_solar_soc": 9.151770416647196,
        "reward_night_peak_chain": 267.4517680494212
    },
    "reward_component_distributions": {
        "reward_grid_cost": {
            "min": -1.3299005999999998,
            "max": -0.0,
            "mean": -0.2470799540539811,
            "median": -0.19436673650828135,
            "std": 0.219301072553921,
            "p5": -0.6650095773781994,
            "p25": -0.32738515277333047,
            "p75": -0.0973262711104399,
            "p95": 0.0,
            "zero_pct": 6.597222222222222,
            "total": -711.590267675465
        },
        "reward_capacity_penalty": {
            "min": -8.40247457075119,
            "max": -0.0,
            "mean": -0.5490284481710506,
            "median": 0.0,
            "std": 1.4255591382381838,
            "p5": -4.142127119806058,
            "p25": -0.0,
            "p75": 0.0,
            "p95": 0.0,
            "zero_pct": 80.34722222222223,
            "total": -1581.2019307326236
        },
        "reward_battery_cost": {
            "min": -5.461586698105461,
            "max": -0.0,
            "mean": -0.9922326132587838,
            "median": -0.43371906504034996,
            "std": 1.2606225011115346,
            "p5": -3.739512356836349,
            "p25": -1.5024028522403619,
            "p75": 0.0,
            "p95": 0.0,
            "zero_pct": 27.98611111111111,
            "total": -2857.6299261852923
        },
        "reward_soc_reward": {
            "min": -0.825,
            "max": 1.9977926664623296,
            "mean": 0.03361488276003844,
            "median": -0.05,
            "std": 0.8367694455276425,
            "p5": -0.825,
            "p25": -0.8249972822396692,
            "p75": 0.5811570668125153,
            "p95": 1.6696213782186435,
            "zero_pct": 0.0,
            "total": 96.81086234891035
        },
        "reward_shaping": {
            "min": -6.732938520409273,
            "max": 6.793818396235767,
            "mean": 0.019134745391501024,
            "median": 0.03894200860654143,
            "std": 1.1058302534363036,
            "p5": -0.16750397207259893,
            "p25": -0.03207282364607104,
            "p75": 0.07000000000000028,
            "p95": 0.14350923856577275,
            "zero_pct": 0.0,
            "total": 55.10806672752295
        },
        "reward_arbitrage_bonus": {
            "min": 0.0,
            "max": 2.3060032725334167,
            "mean": 0.16837282294521705,
            "median": 0.0,
            "std": 0.39898411138827616,
            "p5": 0.0,
            "p25": 0.0,
            "p75": 6.237771981731921e-05,
            "p95": 1.2206711173057552,
            "zero_pct": 69.96527777777779,
            "total": 484.91373008222473
        },
        "reward_export_bonus": {
            "min": 0.0,
            "max": 0.21882423126332995,
            "mean": 0.00360834620796293,
            "median": 0.0,
            "std": 0.01838408808308759,
            "p5": 0.0,
            "p25": 0.0,
            "p75": 0.0,
            "p95": 0.02002141802417518,
            "zero_pct": 93.40277777777779,
            "total": 10.39203707893323
        },
        "reward_night_charging": {
            "min": 0.0,
            "max": 9.265257120132446,
            "mean": 0.6237092781846376,
            "median": 0.0,
            "std": 1.71225682909323,
            "p5": 0.0,
            "p25": 0.0,
            "p75": 0.0,
            "p95": 4.83564493060112,
            "zero_pct": 77.77777777777779,
            "total": 1796.2827211717552
        },
        "reward_action_mod_penalty": {
            "min": -1.8583148667788243,
            "max": -0.0,
            "mean": -0.24176295141220253,
            "median": 0.0,
            "std": 0.41054476472913387,
            "p5": -1.198491144180298,
            "p25": -0.36541733482272043,
            "p75": 0.0,
            "p95": 0.0,
            "zero_pct": 60.97222222222223,
            "total": -696.2773000671431
        },
        "reward_morning_soc": {
            "min": 0,
            "max": 0,
            "mean": 0,
            "median": 0,
            "std": 0,
            "p5": 0,
            "p25": 0,
            "p75": 0,
            "p95": 0,
            "zero_pct": 100.0,
            "total": 0
        },
        "reward_night_peak_chain": {
            "min": 0.0,
            "max": 2.2839319705963135,
            "mean": 0.09286519723938239,
            "median": 0.0,
            "std": 0.326387767192268,
            "p5": 0.0,
            "p25": 0.0,
            "p75": 0.0,
            "p95": 0.8882346749305725,
            "zero_pct": 89.23611111111111,
            "total": 267.4517680494212
        }
    }
}