{
    "total_reward": -242.63086093217606,
    "avg_battery_power": -0.004779459611320167,
    "max_battery_power": 1.220434531569481,
    "peak_grid_import": 12.671665921330453,
    "peak_grid_export": 2.0083525914898397,
    "export_energy_kwh": 67.9992659747226,
    "export_revenue": 0,
    "price_power_correlation": 0.30969021243554834,
    "avg_night_price": 28.219979838709616,
    "avg_day_price": 76.8684173387098,
    "night_charges_energy_kwh": 30.344370975895615,
    "day_charges_energy_kwh": 75.58427159154054,
    "night_day_charge_ratio": 0.4014640921576571,
    "avg_soc": 0.7079337780495993,
    "min_soc": 0.1,
    "max_soc": 0.9,
    "pct_time_in_preferred_range": 46.40456989247312,
    "pct_time_at_high_soc": 46.001344086021504,
    "violation_percentage": 0.0,
    "top3_peaks": [
        9.66334988117218,
        8.142951107233763,
        7.9859647233486175
    ],
    "peak_rolling_average": 8.597421903918187,
    "current_capacity_fee": 698.5405296933527,
    "fixed_grid_fee_total": 730.0,
    "months_in_episode": 2,
    "peak_reduction_due_to_discount": 3.008316040158272,
    "estimated_savings": 244.4256782628596,
    "night_peaks": 52,
    "day_peaks": 0,
    "actions_modified": 771,
    "pct_modified_actions": 25.90725806451613,
    "avg_action_delta": 0.16842947191784727,
    "max_action_delta": 0.40825969573722887,
    "reward_components": {
        "reward_grid_cost": -985.2661933792068,
        "reward_capacity_penalty": -686.6916137758163,
        "reward_battery_cost": -468.8841896851378,
        "reward_soc_reward": 593.8740384225667,
        "reward_shaping": 5.771959078178648,
        "reward_arbitrage_bonus": 248.87882103798353,
        "reward_export_bonus": 49.331021204105305,
        "reward_night_charging": 121.37748390358246,
        "reward_action_mod_penalty": -155.20168753717024,
        "reward_solar_soc": 12.849980648607016,
        "reward_night_peak_chain": 0.0
    },
    "reward_component_distributions": {
        "reward_grid_cost": {
            "min": -1.481366508813456,
            "max": -0.0,
            "mean": -0.33107062949570093,
            "median": -0.2812036875,
            "std": 0.28934350632366834,
            "p5": -0.9269432834264646,
            "p25": -0.47022976585030524,
            "p75": -0.11664071293386799,
            "p95": 0.0,
            "zero_pct": 16.46505376344086,
            "total": -985.2661933792068
        },
        "reward_capacity_penalty": {
            "min": -3.8358329606652264,
            "max": -0.0,
            "mean": -0.23074314979026075,
            "median": 0.0,
            "std": 0.6333039608321046,
            "p5": -1.7952774608694018,
            "p25": -0.0,
            "p75": 0.0,
            "p95": 0.0,
            "zero_pct": 79.83870967741935,
            "total": -686.6916137758163
        },
        "reward_battery_cost": {
            "min": -1.1325001772493124,
            "max": -0.0,
            "mean": -0.15755517126516747,
            "median": -0.09767408238564569,
            "std": 0.1807886388901901,
            "p5": -0.5289117660263162,
            "p25": -0.23455570427406777,
            "p75": -0.0019739198436483866,
            "p95": 0.0,
            "zero_pct": 20.262096774193548,
            "total": -468.8841896851378
        },
        "reward_soc_reward": {
            "min": -0.35999999999999377,
            "max": 1.4999674430727976,
            "mean": 0.19955444839467934,
            "median": -0.024788574100671347,
            "std": 0.5667473028785216,
            "p5": -0.33,
            "p25": -0.31500000000000006,
            "p75": 0.6306021071490457,
            "p95": 1.3253312504092263,
            "zero_pct": 0.0,
            "total": 593.8740384225667
        },
        "reward_shaping": {
            "min": -1.5050085167986347,
            "max": 1.6345502010472646,
            "mean": 0.0019395023784202635,
            "median": 0.00726791579071738,
            "std": 0.16006883097975225,
            "p5": -0.05526131348071638,
            "p25": -0.009044033388422246,
            "p75": 0.013117966498966432,
            "p95": 0.044854975465196185,
            "zero_pct": 0.0,
            "total": 5.771959078178648
        },
        "reward_arbitrage_bonus": {
            "min": 0.0,
            "max": 1.0678802151232958,
            "mean": 0.08362863610147298,
            "median": 0.0,
            "std": 0.18647589533908335,
            "p5": 0.0,
            "p25": 0.0,
            "p75": 0.01948008721228689,
            "p95": 0.5274472199380398,
            "zero_pct": 71.47177419354838,
            "total": 248.87882103798353
        },
        "reward_export_bonus": {
            "min": 0.0,
            "max": 0.62305631849407,
            "mean": 0.016576284006755815,
            "median": 0.0,
            "std": 0.054233672324665215,
            "p5": 0.0,
            "p25": 0.0,
            "p75": 0.0,
            "p95": 0.11707982527413362,
            "zero_pct": 83.53494623655914,
            "total": 49.331021204105305
        },
        "reward_night_charging": {
            "min": 0.0,
            "max": 1.080704852938652,
            "mean": 0.04078544486007476,
            "median": 0.0,
            "std": 0.1566930465980539,
            "p5": 0.0,
            "p25": 0.0,
            "p75": 0.0,
            "p95": 0.38839390501379967,
            "zero_pct": 88.50806451612904,
            "total": 121.37748390358246
        },
        "reward_action_mod_penalty": {
            "min": -0.4899116348846747,
            "max": -0.0,
            "mean": -0.052151104683189,
            "median": 0.0,
            "std": 0.11016474536076959,
            "p5": -0.3220225185155869,
            "p25": -0.0069707567333002285,
            "p75": 0.0,
            "p95": 0.0,
            "zero_pct": 74.09274193548387,
            "total": -155.20168753717024
        },
        "reward_morning_soc": {
            "min": 0,
            "max": 0,
            "mean": 0,
            "median": 0,
            "std": 0,
            "p5": 0,
            "p25": 0,
            "p75": 0,
            "p95": 0,
            "zero_pct": 100.0,
            "total": 0
        },
        "reward_night_peak_chain": {
            "min": 0,
            "max": 0,
            "mean": 0,
            "median": 0,
            "std": 0,
            "p5": 0,
            "p25": 0,
            "p75": 0,
            "p95": 0,
            "zero_pct": 100.0,
            "total": 0
        }
    }
}