{
    "total_reward": -535.7687184987986,
    "avg_battery_power": -0.05218177696328868,
    "max_battery_power": 9.011603593826294,
    "peak_grid_import": 15.277248438835144,
    "peak_grid_export": 8.905603593826294,
    "export_energy_kwh": 191.8265946676512,
    "export_revenue": 0,
    "price_power_correlation": 0.2562726989182051,
    "avg_night_price": 28.219979838709616,
    "avg_day_price": 76.8684173387098,
    "night_charges_energy_kwh": 412.9132674211736,
    "day_charges_energy_kwh": 76.06453076818154,
    "night_day_charge_ratio": 5.428460062148951,
    "avg_soc": 0.2901843490532896,
    "min_soc": 0.1,
    "max_soc": 0.9,
    "pct_time_in_preferred_range": 28.561827956989248,
    "pct_time_at_high_soc": 7.39247311827957,
    "violation_percentage": 0.0,
    "top3_peaks": [
        10.015,
        9.310010761260987,
        7.775
    ],
    "peak_rolling_average": 9.03333692042033,
    "current_capacity_fee": 733.9586247841519,
    "fixed_grid_fee_total": 730.0,
    "months_in_episode": 2,
    "peak_reduction_due_to_discount": 5.262248438835144,
    "estimated_savings": 427.55768565535544,
    "night_peaks": 95,
    "day_peaks": 0,
    "actions_modified": 1490,
    "pct_modified_actions": 50.06720430107527,
    "avg_action_delta": 0.38433134399602825,
    "max_action_delta": 1.0,
    "reward_components": {
        "reward_grid_cost": -3789.629777875538,
        "reward_capacity_penalty": -1219.2486524334474,
        "reward_battery_cost": -2111.3455713029075,
        "reward_soc_reward": 574.2303041830859,
        "reward_shaping": 3.111595918539489,
        "reward_arbitrage_bonus": 541.1120112652551,
        "reward_export_bonus": 31.410586593640275,
        "reward_night_charging": 1651.6530696846944,
        "reward_action_mod_penalty": -682.05847944233,
        "reward_solar_soc": 15.514739475911483,
        "reward_night_peak_chain": 99.40311766615591
    },
    "reward_component_distributions": {
        "reward_grid_cost": {
            "min": -6.782435030320786,
            "max": -0.0,
            "mean": -1.2733971027807596,
            "median": -0.9653892187499999,
            "std": 1.2922251300881558,
            "p5": -3.7891586307663596,
            "p25": -1.9018493179444433,
            "p75": -0.0365451328125,
            "p95": 0.0,
            "zero_pct": 19.11962365591398,
            "total": -3789.629777875538
        },
        "reward_capacity_penalty": {
            "min": -5.138624219417572,
            "max": -0.0,
            "mean": -0.4096937676187658,
            "median": 0.0,
            "std": 0.9770229296552578,
            "p5": -2.7893475602008393,
            "p25": -0.0,
            "p75": 0.0,
            "p95": 0.0,
            "zero_pct": 76.84811827956989,
            "total": -1219.2486524334474
        },
        "reward_battery_cost": {
            "min": -5.335817917397148,
            "max": -0.0,
            "mean": -0.7094575172388805,
            "median": -0.09311307399337622,
            "std": 0.9247977177919974,
            "p5": -2.6348148668675053,
            "p25": -1.2586835111724213,
            "p75": 0.0,
            "p95": 0.0,
            "zero_pct": 45.39650537634409,
            "total": -2111.3455713029075
        },
        "reward_soc_reward": {
            "min": -0.42750000000000005,
            "max": 1.4992808737558143,
            "mean": 0.1929537312443154,
            "median": -0.045,
            "std": 0.4585879457556934,
            "p5": -0.29802556012275305,
            "p25": -0.045,
            "p75": 0.34605131733553496,
            "p95": 1.2539740117092988,
            "zero_pct": 0.0,
            "total": 574.2303041830859
        },
        "reward_shaping": {
            "min": -2.0732582686316032,
            "max": 2.1558448963910344,
            "mean": 0.0010455631446705754,
            "median": 0.0020000000000000018,
            "std": 0.3291294528459724,
            "p5": -0.25937962781011187,
            "p25": 0.0020000000000000018,
            "p75": 0.04383834980527124,
            "p95": 0.20924051885295486,
            "zero_pct": 0.0,
            "total": 3.111595918539489
        },
        "reward_arbitrage_bonus": {
            "min": 0.0,
            "max": 7.885153144598007,
            "mean": 0.18182527260257228,
            "median": 0.0,
            "std": 0.6914315482304885,
            "p5": 0.0,
            "p25": 0.0,
            "p75": 0.0,
            "p95": 1.0045071505010128,
            "zero_pct": 82.15725806451613,
            "total": 541.1120112652551
        },
        "reward_export_bonus": {
            "min": 0.0,
            "max": 0.6960575038042384,
            "mean": 0.010554632591949028,
            "median": 0.0,
            "std": 0.04480787540093252,
            "p5": 0.0,
            "p25": 0.0,
            "p75": 0.0,
            "p95": 0.05389282121436873,
            "zero_pct": 80.88037634408603,
            "total": 31.410586593640275
        },
        "reward_night_charging": {
            "min": 0.0,
            "max": 5.0,
            "mean": 0.5549909508349106,
            "median": 0.0,
            "std": 1.180157834029868,
            "p5": 0.0,
            "p25": 0.0,
            "p75": 2.0944601608618996e-10,
            "p95": 3.5610200464725494,
            "zero_pct": 74.63037634408603,
            "total": 1651.6530696846944
        },
        "reward_action_mod_penalty": {
            "min": -1.2000000000000002,
            "max": -0.0,
            "mean": -0.2291863170169116,
            "median": -0.003795516304671765,
            "std": 0.2891257536117513,
            "p5": -0.7704424381256103,
            "p25": -0.449642077088356,
            "p75": 0.0,
            "p95": 0.0,
            "zero_pct": 49.93279569892473,
            "total": -682.05847944233
        },
        "reward_morning_soc": {
            "min": 0,
            "max": 0,
            "mean": 0,
            "median": 0,
            "std": 0,
            "p5": 0,
            "p25": 0,
            "p75": 0,
            "p95": 0,
            "zero_pct": 100.0,
            "total": 0
        },
        "reward_night_peak_chain": {
            "min": 0.0,
            "max": 2.2529008984565735,
            "mean": 0.03340158523728357,
            "median": 0.0,
            "std": 0.1932526653198832,
            "p5": 0.0,
            "p25": 0.0,
            "p75": 0.0,
            "p95": 0.0,
            "zero_pct": 96.47177419354838,
            "total": 99.40311766615591
        }
    }
}