{
    "total_reward": 37.00549979902911,
    "avg_battery_power": -0.05577817988048283,
    "max_battery_power": 10.0,
    "peak_grid_import": 12.670597036123276,
    "peak_grid_export": 15.771920525,
    "export_energy_kwh": 2656.6463500351006,
    "export_revenue": 0,
    "price_power_correlation": 0.3386028656302081,
    "avg_night_price": 22.03731666666666,
    "avg_day_price": 28.708862500000144,
    "night_charges_energy_kwh": 169.33985329406096,
    "day_charges_energy_kwh": 340.34930579577474,
    "night_day_charge_ratio": 0.4975472269529842,
    "avg_soc": 0.4152998805685057,
    "min_soc": 0.1,
    "max_soc": 0.9,
    "pct_time_in_preferred_range": 34.61805555555556,
    "pct_time_at_high_soc": 18.125,
    "violation_percentage": 0.0,
    "top3_peaks": [
        7.6250294504940985,
        7.0165317405,
        7.009338128501891
    ],
    "peak_rolling_average": 7.216966439831997,
    "current_capacity_fee": 586.3785232363498,
    "fixed_grid_fee_total": 730.0,
    "months_in_episode": 2,
    "peak_reduction_due_to_discount": 5.045567585629177,
    "estimated_savings": 409.9523663323707,
    "night_peaks": 12,
    "day_peaks": 0,
    "actions_modified": 933,
    "pct_modified_actions": 32.395833333333336,
    "avg_action_delta": 0.32612230175650303,
    "max_action_delta": 1.0,
    "reward_components": {
        "reward_grid_cost": -256.48211949639926,
        "reward_capacity_penalty": -150.7790732394917,
        "reward_battery_cost": -2201.502637076362,
        "reward_soc_reward": 558.0800975006196,
        "reward_shaping": 2.1660025347963074,
        "reward_arbitrage_bonus": 1282.0049134991136,
        "reward_export_bonus": 959.2987938825314,
        "reward_night_charging": 677.3594131762438,
        "reward_action_mod_penalty": -359.5975186807506,
        "reward_solar_soc": 113.42842197977006,
        "reward_night_peak_chain": 0.0
    },
    "reward_component_distributions": {
        "reward_grid_cost": {
            "min": -1.244680261597275,
            "max": -0.0,
            "mean": -0.08905629149180526,
            "median": 0.0,
            "std": 0.1619017169601676,
            "p5": -0.39732823513627097,
            "p25": -0.13806618625784156,
            "p75": 0.0,
            "p95": 0.0,
            "zero_pct": 58.54166666666667,
            "total": -256.48211949639926
        },
        "reward_capacity_penalty": {
            "min": -3.835298518061638,
            "max": -0.0,
            "mean": -0.05235384487482356,
            "median": 0.0,
            "std": 0.3109760117346575,
            "p5": -0.0,
            "p25": -0.0,
            "p75": 0.0,
            "p95": 0.0,
            "zero_pct": 95.79861111111111,
            "total": -150.7790732394917
        },
        "reward_battery_cost": {
            "min": -5.921052631578949,
            "max": -0.0,
            "mean": -0.7644106378737376,
            "median": -0.4802165465662256,
            "std": 0.9585423637756578,
            "p5": -2.5226194666404473,
            "p25": -1.173046620072503,
            "p75": 0.0,
            "p95": 0.0,
            "zero_pct": 25.90277777777778,
            "total": -2201.502637076362
        },
        "reward_soc_reward": {
            "min": -0.36000000000000004,
            "max": 1.4987464715552887,
            "mean": 0.19377781163216098,
            "median": -0.025261427373714458,
            "std": 0.5043626291651669,
            "p5": -0.33,
            "p25": -0.049999999999999996,
            "p75": 0.3622910696533632,
            "p95": 1.3269873563906354,
            "zero_pct": 0.0,
            "total": 558.0800975006196
        },
        "reward_shaping": {
            "min": -1.8308941640563166,
            "max": 2.05068739622811,
            "mean": 0.0007520842134709631,
            "median": 0.010000000000000009,
            "std": 0.2971805258209226,
            "p5": -0.2821923191251132,
            "p25": -0.03668760797897175,
            "p75": 0.05500557145494171,
            "p95": 0.20705646296655697,
            "zero_pct": 0.0,
            "total": 2.1660025347963074
        },
        "reward_arbitrage_bonus": {
            "min": 0.0,
            "max": 8.75,
            "mean": 0.44514059496497,
            "median": 0.0,
            "std": 1.1242807043652059,
            "p5": 0.0,
            "p25": 0.0,
            "p75": 0.2707891259342432,
            "p95": 2.193793147802353,
            "zero_pct": 70.0,
            "total": 1282.0049134991136
        },
        "reward_export_bonus": {
            "min": 0.0,
            "max": 2.059349433259918,
            "mean": 0.3330898589869906,
            "median": 0.16900783861444946,
            "std": 0.392527239225785,
            "p5": 0.0,
            "p25": 0.0,
            "p75": 0.6055169661107502,
            "p95": 1.06182066734805,
            "zero_pct": 41.458333333333336,
            "total": 959.2987938825314
        },
        "reward_night_charging": {
            "min": 0.0,
            "max": 3.6554864048957825,
            "mean": 0.23519424068619577,
            "median": 0.0,
            "std": 0.5714867376158036,
            "p5": 0.0,
            "p25": 0.0,
            "p75": 0.0,
            "p95": 1.6557892784476271,
            "zero_pct": 79.16666666666666,
            "total": 677.3594131762438
        },
        "reward_action_mod_penalty": {
            "min": -1.2000000000000002,
            "max": -0.0,
            "mean": -0.12486024954192741,
            "median": 0.0,
            "std": 0.23384329485643207,
            "p5": -0.6473701637161379,
            "p25": -0.15666912943124772,
            "p75": 0.0,
            "p95": 0.0,
            "zero_pct": 67.60416666666667,
            "total": -359.5975186807506
        },
        "reward_morning_soc": {
            "min": 0,
            "max": 0,
            "mean": 0,
            "median": 0,
            "std": 0,
            "p5": 0,
            "p25": 0,
            "p75": 0,
            "p95": 0,
            "zero_pct": 100.0,
            "total": 0
        },
        "reward_night_peak_chain": {
            "min": 0,
            "max": 0,
            "mean": 0,
            "median": 0,
            "std": 0,
            "p5": 0,
            "p25": 0,
            "p75": 0,
            "p95": 0,
            "zero_pct": 100.0,
            "total": 0
        }
    }
}