{
    "total_reward": 231.1288184394706,
    "avg_battery_power": -0.047125282178488506,
    "max_battery_power": 7.916378378868104,
    "peak_grid_import": 12.99211542582512,
    "peak_grid_export": 10.644472242793274,
    "export_energy_kwh": 1203.808989806667,
    "export_revenue": 0,
    "price_power_correlation": 0.41166895126138886,
    "avg_night_price": 34.81749193548385,
    "avg_day_price": 58.76215725806439,
    "night_charges_energy_kwh": 251.2510258546396,
    "day_charges_energy_kwh": 196.32617615788413,
    "night_day_charge_ratio": 1.279763253029414,
    "avg_soc": 0.6546108623927896,
    "min_soc": 0.1,
    "max_soc": 0.9,
    "pct_time_in_preferred_range": 35.920698924731184,
    "pct_time_at_high_soc": 47.479838709677416,
    "violation_percentage": 0.0,
    "top3_peaks": [
        7.905921516656876,
        7.3172856848239896,
        6.765162867069244
    ],
    "peak_rolling_average": 7.329456689516703,
    "current_capacity_fee": 595.5183560232321,
    "fixed_grid_fee_total": 730.0,
    "months_in_episode": 2,
    "peak_reduction_due_to_discount": 5.0861939091682435,
    "estimated_savings": 413.2532551199198,
    "night_peaks": 33,
    "day_peaks": 0,
    "actions_modified": 1198,
    "pct_modified_actions": 40.25537634408602,
    "avg_action_delta": 0.5159771276125593,
    "max_action_delta": 1.0,
    "reward_components": {
        "reward_grid_cost": -574.0016866543266,
        "reward_capacity_penalty": -521.3897753970098,
        "reward_battery_cost": -1933.7078294716518,
        "reward_soc_reward": 262.7227077685467,
        "reward_shaping": 2.3955604378626107,
        "reward_arbitrage_bonus": 1130.7831364979425,
        "reward_export_bonus": 550.5741953519371,
        "reward_night_charging": 1005.0041034185584,
        "reward_action_mod_penalty": -736.5682226183966,
        "reward_solar_soc": 194.60615545511246,
        "reward_night_peak_chain": 0.0
    },
    "reward_component_distributions": {
        "reward_grid_cost": {
            "min": -2.8545139203523195,
            "max": -0.0,
            "mean": -0.19287691083814748,
            "median": 0.0,
            "std": 0.35125377758100385,
            "p5": -0.9246029459702941,
            "p25": -0.24639288714442537,
            "p75": 0.0,
            "p95": 0.0,
            "zero_pct": 51.84811827956989,
            "total": -574.0016866543266
        },
        "reward_capacity_penalty": {
            "min": -3.9960577129125596,
            "max": -0.0,
            "mean": -0.17519817721673708,
            "median": 0.0,
            "std": 0.5674418543258716,
            "p5": -1.4529607583284379,
            "p25": -0.0,
            "p75": 0.0,
            "p95": 0.0,
            "zero_pct": 86.08870967741935,
            "total": -521.3897753970098
        },
        "reward_battery_cost": {
            "min": -4.687329303277167,
            "max": -0.0,
            "mean": -0.6497674158170879,
            "median": -0.2942661175620742,
            "std": 0.790572894526036,
            "p5": -2.2288006329908967,
            "p25": -1.1336065696086735,
            "p75": 0.0,
            "p95": 0.0,
            "zero_pct": 26.814516129032256,
            "total": -1933.7078294716518
        },
        "reward_soc_reward": {
            "min": -0.36000000000000004,
            "max": 1.4998439532146532,
            "mean": 0.08828047976093768,
            "median": -0.04,
            "std": 0.5169183169458798,
            "p5": -0.36000000000000004,
            "p25": -0.3299999999992903,
            "p75": 0.3250698417172869,
            "p95": 1.2338388011661237,
            "zero_pct": 0.0,
            "total": 262.7227077685467
        },
        "reward_shaping": {
            "min": -1.6903689745271748,
            "max": 1.7975619701206969,
            "mean": 0.0008049598245506242,
            "median": 0.010000000000000009,
            "std": 0.28595400091847517,
            "p5": -0.24132106218453023,
            "p25": -0.041453917759466816,
            "p75": 0.03033506069522819,
            "p95": 0.22065849178945113,
            "zero_pct": 0.0,
            "total": 2.3955604378626107
        },
        "reward_arbitrage_bonus": {
            "min": 0.0,
            "max": 6.926831081509591,
            "mean": 0.3799674517802227,
            "median": 0.0,
            "std": 0.9003340624017672,
            "p5": 0.0,
            "p25": 0.0,
            "p75": 2.5347440391065845e-07,
            "p95": 2.291182540357113,
            "zero_pct": 71.90860215053763,
            "total": 1130.7831364979425
        },
        "reward_export_bonus": {
            "min": 0.0,
            "max": 1.924404614714471,
            "mean": 0.18500476994352727,
            "median": 0.020059033665824892,
            "std": 0.28448740042279985,
            "p5": 0.0,
            "p25": 0.0,
            "p75": 0.2959582840686574,
            "p95": 0.7715771507323064,
            "zero_pct": 48.151881720430104,
            "total": 550.5741953519371
        },
        "reward_night_charging": {
            "min": 0.0,
            "max": 5.0,
            "mean": 0.33770299174010726,
            "median": 0.0,
            "std": 0.8806697059909181,
            "p5": 0.0,
            "p25": 0.0,
            "p75": 0.0,
            "p95": 2.6009562611579895,
            "zero_pct": 75.97446236559139,
            "total": 1005.0041034185584
        },
        "reward_action_mod_penalty": {
            "min": -1.2000000000000002,
            "max": -0.0,
            "mean": -0.2475027629766121,
            "median": 0.0,
            "std": 0.3742635113547814,
            "p5": -1.0591644465923309,
            "p25": -0.4758081078529358,
            "p75": 0.0,
            "p95": 0.0,
            "zero_pct": 59.744623655913976,
            "total": -736.5682226183966
        },
        "reward_morning_soc": {
            "min": 0,
            "max": 0,
            "mean": 0,
            "median": 0,
            "std": 0,
            "p5": 0,
            "p25": 0,
            "p75": 0,
            "p95": 0,
            "zero_pct": 100.0,
            "total": 0
        },
        "reward_night_peak_chain": {
            "min": 0,
            "max": 0,
            "mean": 0,
            "median": 0,
            "std": 0,
            "p5": 0,
            "p25": 0,
            "p75": 0,
            "p95": 0,
            "zero_pct": 100.0,
            "total": 0
        }
    }
}