{
    "total_reward": -98.43811277493006,
    "avg_battery_power": 0.005505644670153828,
    "max_battery_power": 0.7989387214183807,
    "peak_grid_import": 12.706446872711181,
    "peak_grid_export": 4.3881860163684845,
    "export_energy_kwh": 195.93916006737751,
    "export_revenue": 279.4467642584352,
    "price_power_correlation": 0.21390445961505467,
    "avg_night_price": 48.77523214285708,
    "avg_day_price": 88.0496473214284,
    "night_charges_energy_kwh": 22.40074255503714,
    "day_charges_energy_kwh": 25.881599611602724,
    "night_day_charge_ratio": 0.8655084264959761,
    "avg_soc": 0.2292647575058997,
    "min_soc": 0.1,
    "max_soc": 0.6400736199978199,
    "pct_time_in_preferred_range": 25.669642857142854,
    "pct_time_at_high_soc": 0.0,
    "violation_percentage": 0.0,
    "top3_peaks": [
        10.984191858768463,
        10.385,
        9.6748173340559
    ],
    "peak_rolling_average": 10.348003064274787,
    "current_capacity_fee": 840.7752489723264,
    "fixed_grid_fee_total": 730.0,
    "months_in_episode": 2,
    "peak_reduction_due_to_discount": 1.7222550139427177,
    "estimated_savings": 139.9332198828458,
    "night_peaks": 80,
    "day_peaks": 8,
    "actions_modified": 456,
    "pct_modified_actions": 16.964285714285715,
    "avg_action_delta": 0.026990938863335635,
    "max_action_delta": 0.06984129548072815,
    "reward_components": {
        "reward_grid_cost": -957.7841262535185,
        "reward_capacity_penalty": -800.0297964021983,
        "reward_battery_cost": -226.3190901877323,
        "reward_soc_reward": 391.9135893643978,
        "reward_shaping": 2.9268130347179255,
        "reward_arbitrage_bonus": 83.74797499671853,
        "reward_export_bonus": 111.77870570337409,
        "reward_night_charging": 89.60297022014856,
        "reward_action_mod_penalty": -14.603957657907346,
        "reward_solar_soc": 0.0,
        "reward_night_peak_chain": 0.0
    },
    "reward_component_distributions": {
        "reward_grid_cost": {
            "min": -2.5908761867566987,
            "max": -0.0,
            "mean": -0.35631849935026705,
            "median": -0.22294821336663143,
            "std": 0.4279297697391827,
            "p5": -1.245896021520869,
            "p25": -0.5570703580253941,
            "p75": 0.0,
            "p95": -0.0,
            "zero_pct": 28.794642857142854,
            "total": -957.7841262535185
        },
        "reward_capacity_penalty": {
            "min": -3.8532234363555906,
            "max": -0.0,
            "mean": -0.2976301325901041,
            "median": 0.0,
            "std": 0.7327503809777324,
            "p5": -2.2540654334545134,
            "p25": -0.0,
            "p75": 0.0,
            "p95": -0.0,
            "zero_pct": 77.67857142857143,
            "total": -800.0297964021983
        },
        "reward_battery_cost": {
            "min": -0.4730558218924623,
            "max": -0.0,
            "mean": -0.08419609009960266,
            "median": -0.06656925854928744,
            "std": 0.08411635264738473,
            "p5": -0.2451424957498124,
            "p25": -0.12253367489105779,
            "p75": -0.013365370898483029,
            "p95": -0.0,
            "zero_pct": 15.848214285714285,
            "total": -226.3190901877323
        },
        "reward_soc_reward": {
            "min": -0.06999999999999999,
            "max": 1.497069707743492,
            "mean": 0.1458011865194933,
            "median": -0.039069201888373976,
            "std": 0.4076517575629496,
            "p5": -0.06981244739477017,
            "p25": -0.05471878524028034,
            "p75": -0.007967904835302173,
            "p95": 1.1597854596669483,
            "zero_pct": 0.0,
            "total": 391.9135893643978
        },
        "reward_shaping": {
            "min": -1.505204806790782,
            "max": 1.5131304260682505,
            "mean": 0.001088844134939714,
            "median": 0.0039718794869672,
            "std": 0.22374190709595443,
            "p5": -0.0223724157761488,
            "p25": -0.005114491194450357,
            "p75": 0.010000000000000009,
            "p95": 0.013945179228999878,
            "zero_pct": 0.0,
            "total": 2.9268130347179255
        },
        "reward_arbitrage_bonus": {
            "min": 0.0,
            "max": 0.6990713812410831,
            "mean": 0.03115624069818396,
            "median": 0.0,
            "std": 0.07032156399652054,
            "p5": 0.0,
            "p25": 0.0,
            "p75": 0.02888539806008339,
            "p95": 0.18982082977890974,
            "zero_pct": 70.75892857142857,
            "total": 83.74797499671853
        },
        "reward_export_bonus": {
            "min": 0.0,
            "max": 0.8957735760793479,
            "mean": 0.04158433991940996,
            "median": 0.0,
            "std": 0.10357852051474929,
            "p5": 0.0,
            "p25": 0.0,
            "p75": 0.022132298480896952,
            "p95": 0.2852472143367,
            "zero_pct": 71.20535714285714,
            "total": 111.77870570337409
        },
        "reward_night_charging": {
            "min": 0.0,
            "max": 0.5671270191669464,
            "mean": 0.033334438325948124,
            "median": 0.0,
            "std": 0.07757404746212603,
            "p5": 0.0,
            "p25": 0.0,
            "p75": 0.0,
            "p95": 0.18744683265686035,
            "zero_pct": 76.48809523809523,
            "total": 89.60297022014856
        },
        "reward_action_mod_penalty": {
            "min": -0.08380955457687378,
            "max": -0.0,
            "mean": -0.005433019962019105,
            "median": 0.0,
            "std": 0.014353524738117723,
            "p5": -0.04474886655807495,
            "p25": -0.0,
            "p75": 0.0,
            "p95": -0.0,
            "zero_pct": 83.03571428571429,
            "total": -14.603957657907346
        },
        "reward_morning_soc": {
            "min": 0,
            "max": 0,
            "mean": 0,
            "median": 0,
            "std": 0,
            "p5": 0,
            "p25": 0,
            "p75": 0,
            "p95": 0,
            "zero_pct": 100.0,
            "total": 0
        },
        "reward_night_peak_chain": {
            "min": 0,
            "max": 0,
            "mean": 0,
            "median": 0,
            "std": 0,
            "p5": 0,
            "p25": 0,
            "p75": 0,
            "p95": 0,
            "zero_pct": 100.0,
            "total": 0
        }
    }
}