{
    "params": {
        "w_grid": 1.0618101782710436,
        "w_cap": 1.4310000289738827,
        "w_deg": 0.7587945476302645,
        "w_soc": 2.197316968394073,
        "w_shape": 0.6560186404424365,
        "w_night": 0.6559945203362026,
        "w_arbitrage": 0.5580836121681995,
        "w_export": 0.8795585311974417,
        "w_action_mod": 3.404460046972835,
        "w_chain": 2.416145155592091,
        "w_morning": 0.5308767414437037,
        "soc_limit_penalty_factor": 195.48647782429916,
        "preferred_soc_reward_factor": 43.29770563201687,
        "peak_penalty_factor": 36.987128854262096,
        "action_modification_penalty": 7.727374508106509,
        "export_reward_bonus_ore_kwh": 42.83831568974037,
        "preferred_soc_min_base": 0.28042422429595376,
        "preferred_soc_max_base": 0.7024756431632238,
        "high_soc_penalty_multiplier": 1.6479175279631737,
        "learning_rate": 3.8234752246751835e-05,
        "n_steps": 2904,
        "batch_size": 126,
        "n_epochs": 12,
        "gamma": 0.9012906580611169,
        "ent_coef": 0.008168455894760165,
        "gae_lambda": 0.9706658365253712,
        "lstm_hidden_size": 51,
        "n_lstm_layers": 2
    },
    "value": -Infinity,
    "user_attrs": {}
}