{
    "total_reward": 259.4503925318274,
    "avg_battery_power": -0.0945558586391395,
    "max_battery_power": 6.4416950941085815,
    "peak_grid_import": 14.543645538330079,
    "peak_grid_export": 12.233811456363902,
    "export_energy_kwh": 1863.6678783923253,
    "export_revenue": 0,
    "price_power_correlation": 0.5091378429214899,
    "avg_night_price": 33.81838333333334,
    "avg_day_price": 39.369108333333514,
    "night_charges_energy_kwh": 416.52823334362256,
    "day_charges_energy_kwh": 286.66464767181117,
    "night_day_charge_ratio": 1.4530156987494534,
    "avg_soc": 0.5000320509635651,
    "min_soc": 0.1,
    "max_soc": 0.9,
    "pct_time_in_preferred_range": 56.94444444444444,
    "pct_time_at_high_soc": 16.52777777777778,
    "violation_percentage": 0.0,
    "top3_peaks": [
        7.2718227691650394,
        6.925438735246658,
        6.5989106886386875
    ],
    "peak_rolling_average": 6.932057397683462,
    "current_capacity_fee": 563.2296635617813,
    "fixed_grid_fee_total": 730.0,
    "months_in_episode": 2,
    "peak_reduction_due_to_discount": 7.2718227691650394,
    "estimated_savings": 590.8355999946594,
    "night_peaks": 45,
    "day_peaks": 0,
    "actions_modified": 461,
    "pct_modified_actions": 16.006944444444443,
    "avg_action_delta": 0.3019609203647595,
    "max_action_delta": 0.8548024781657174,
    "reward_components": {
        "reward_grid_cost": -1573.4806035251504,
        "reward_capacity_penalty": -490.61943900670013,
        "reward_battery_cost": -3007.2889845276695,
        "reward_soc_reward": 601.5351052786109,
        "reward_shaping": -0.6518874981299093,
        "reward_arbitrage_bonus": 1125.8831937343393,
        "reward_export_bonus": 181.36519041161918,
        "reward_night_charging": 3332.2258667489805,
        "reward_action_mod_penalty": -163.3551983811395,
        "reward_solar_soc": 198.63108044490218,
        "reward_night_peak_chain": 340.11883876629264
    },
    "reward_component_distributions": {
        "reward_grid_cost": {
            "min": -6.196081826444947,
            "max": -0.0,
            "mean": -0.5463474317795665,
            "median": 0.0,
            "std": 1.0974308444545773,
            "p5": -3.273496805187526,
            "p25": -0.7398731244944929,
            "p75": 0.0,
            "p95": 0.0,
            "zero_pct": 61.66666666666667,
            "total": -1573.4806035251504
        },
        "reward_capacity_penalty": {
            "min": -4.7718227691650394,
            "max": -0.0,
            "mean": -0.17035397187732657,
            "median": 0.0,
            "std": 0.7044194892332727,
            "p5": -1.3964745839357366,
            "p25": -0.0,
            "p75": 0.0,
            "p95": 0.0,
            "zero_pct": 91.94444444444444,
            "total": -490.61943900670013
        },
        "reward_battery_cost": {
            "min": -3.814161568880081,
            "max": -0.0,
            "mean": -1.0441975640721068,
            "median": -1.0781651206780225,
            "std": 0.7409507790460246,
            "p5": -2.2744867225226604,
            "p25": -1.5444720550440252,
            "p75": -0.4209183328049748,
            "p95": 0.0,
            "zero_pct": 8.368055555555555,
            "total": -3007.2889845276695
        },
        "reward_soc_reward": {
            "min": -0.45,
            "max": 0.9998686319399768,
            "mean": 0.20886635599951767,
            "median": 0.06584071324613555,
            "std": 0.3999821048281092,
            "p5": -0.4274999994108439,
            "p25": -0.045,
            "p75": 0.545890959349263,
            "p95": 0.9092748946694508,
            "zero_pct": 0.0,
            "total": 601.5351052786109
        },
        "reward_shaping": {
            "min": -1.8963348992026996,
            "max": 1.7074072486697274,
            "mean": -0.0002263498257395367,
            "median": 0.0020000000000000018,
            "std": 0.27668634383773233,
            "p5": -0.25216631984458693,
            "p25": -0.09791537580369464,
            "p75": 0.10038311893647055,
            "p95": 0.2240773430584744,
            "zero_pct": 0.0,
            "total": -0.6518874981299093
        },
        "reward_arbitrage_bonus": {
            "min": 0.0,
            "max": 3.2208475470542908,
            "mean": 0.39093166449109035,
            "median": 0.0,
            "std": 0.6243644200880554,
            "p5": 0.0,
            "p25": 0.0,
            "p75": 0.6519060954451561,
            "p95": 1.8616857379674911,
            "zero_pct": 55.729166666666664,
            "total": 1125.8831937343393
        },
        "reward_export_bonus": {
            "min": 0.0,
            "max": 0.4918298050744698,
            "mean": 0.06297402444847884,
            "median": 0.04063714617267448,
            "std": 0.0756025856559969,
            "p5": 0.0,
            "p25": 0.0,
            "p75": 0.10438276546374106,
            "p95": 0.1996959908862844,
            "zero_pct": 38.333333333333336,
            "total": 181.36519041161918
        },
        "reward_night_charging": {
            "min": 0.0,
            "max": 7.987754940986633,
            "mean": 1.1570228703989511,
            "median": 0.0,
            "std": 2.1762131780311047,
            "p5": 0.0,
            "p25": 0.0,
            "p75": 0.13513728646561995,
            "p95": 6.153120517730697,
            "zero_pct": 72.8125,
            "total": 3332.2258667489805
        },
        "reward_action_mod_penalty": {
            "min": -1.025762973798861,
            "max": -0.0,
            "mean": -0.056720554993451265,
            "median": 0.0,
            "std": 0.16033447867409584,
            "p5": -0.4475814861059189,
            "p25": -0.0,
            "p75": 0.0,
            "p95": 0.0,
            "zero_pct": 83.99305555555556,
            "total": -163.3551983811395
        },
        "reward_morning_soc": {
            "min": 0,
            "max": 0,
            "mean": 0,
            "median": 0,
            "std": 0,
            "p5": 0,
            "p25": 0,
            "p75": 0,
            "p95": 0,
            "zero_pct": 100.0,
            "total": 0
        },
        "reward_night_peak_chain": {
            "min": 0.0,
            "max": 1.6104237735271454,
            "mean": 0.11809681901607381,
            "median": 0.0,
            "std": 0.30196728744928747,
            "p5": 0.0,
            "p25": 0.0,
            "p75": 0.0,
            "p95": 0.9230525046586989,
            "zero_pct": 83.75,
            "total": 340.11883876629264
        }
    }
}