{
    "total_reward": -134.0952649246927,
    "avg_battery_power": -0.009879133562871,
    "max_battery_power": 3.8694083690643306,
    "peak_grid_import": 13.270836472034455,
    "peak_grid_export": 3.8722333505643305,
    "export_energy_kwh": 117.95235139364075,
    "export_revenue": 0,
    "price_power_correlation": 0.6105494665081357,
    "avg_night_price": 28.219979838709616,
    "avg_day_price": 76.8684173387098,
    "night_charges_energy_kwh": 115.61329280609691,
    "day_charges_energy_kwh": 40.32884117317252,
    "night_day_charge_ratio": 2.86676456458672,
    "avg_soc": 0.6088687226885785,
    "min_soc": 0.1,
    "max_soc": 0.9,
    "pct_time_in_preferred_range": 44.388440860215056,
    "pct_time_at_high_soc": 37.46639784946236,
    "violation_percentage": 0.0,
    "top3_peaks": [
        9.691212668418885,
        9.004717389702797,
        8.367557034015656
    ],
    "peak_rolling_average": 9.021162364045779,
    "current_capacity_fee": 732.9694420787196,
    "fixed_grid_fee_total": 730.0,
    "months_in_episode": 2,
    "peak_reduction_due_to_discount": 3.5796238036155703,
    "estimated_savings": 290.8444340437651,
    "night_peaks": 53,
    "day_peaks": 0,
    "actions_modified": 816,
    "pct_modified_actions": 27.419354838709676,
    "avg_action_delta": 0.10618113325456577,
    "max_action_delta": 0.2966870069503784,
    "reward_components": {
        "reward_grid_cost": -987.5620810882629,
        "reward_capacity_penalty": -856.903933846342,
        "reward_battery_cost": -685.25487124291,
        "reward_soc_reward": 298.5591494422193,
        "reward_shaping": 2.9140123739582378,
        "reward_arbitrage_bonus": 541.6978660160514,
        "reward_export_bonus": 96.79927381739817,
        "reward_night_charging": 462.45317122438763,
        "reward_action_mod_penalty": -103.34088621739284,
        "reward_solar_soc": 8.848494924604893,
        "reward_night_peak_chain": 0.0
    },
    "reward_component_distributions": {
        "reward_grid_cost": {
            "min": -1.5471839256793292,
            "max": -0.0,
            "mean": -0.3318420971398723,
            "median": -0.27128571867174717,
            "std": 0.30289634818212097,
            "p5": -0.9685574275748021,
            "p25": -0.4705238644914499,
            "p75": -0.09710896041708231,
            "p95": 0.0,
            "zero_pct": 16.666666666666664,
            "total": -987.5620810882629
        },
        "reward_capacity_penalty": {
            "min": -4.135418236017228,
            "max": -0.0,
            "mean": -0.2879381498139588,
            "median": 0.0,
            "std": 0.7462301038938222,
            "p5": -2.2817288827896114,
            "p25": -0.0,
            "p75": 0.0,
            "p95": 0.0,
            "zero_pct": 78.0241935483871,
            "total": -856.903933846342
        },
        "reward_battery_cost": {
            "min": -2.291097060630196,
            "max": -0.0,
            "mean": -0.23026037340151545,
            "median": -0.11032466548127368,
            "std": 0.2970750064046697,
            "p5": -0.7927743190666661,
            "p25": -0.365600704215467,
            "p75": -1.5878628133784985e-06,
            "p95": 0.0,
            "zero_pct": 21.875,
            "total": -685.25487124291
        },
        "reward_soc_reward": {
            "min": -0.3960000000000001,
            "max": 0.7993238317460272,
            "mean": 0.1003222948394558,
            "median": -0.013111681171586273,
            "std": 0.36955805863215485,
            "p5": -0.35100000000000003,
            "p25": -0.2684549896789683,
            "p75": 0.4382340565751594,
            "p95": 0.7391012740227774,
            "zero_pct": 0.0,
            "total": 298.5591494422193
        },
        "reward_shaping": {
            "min": -1.5686997257056752,
            "max": 1.6764967422800487,
            "mean": 0.000979170824582772,
            "median": 0.005253429347707728,
            "std": 0.19018335064641897,
            "p5": -0.07171131726546207,
            "p25": -0.015738143655164575,
            "p75": 0.010000000000000009,
            "p95": 0.06701963119686508,
            "zero_pct": 0.0,
            "total": 2.9140123739582378
        },
        "reward_arbitrage_bonus": {
            "min": 0.0,
            "max": 3.3857323229312892,
            "mean": 0.18202213239786666,
            "median": 0.0,
            "std": 0.409525371456109,
            "p5": 0.0,
            "p25": 0.0,
            "p75": 0.13174028834328055,
            "p95": 1.0320695070549846,
            "zero_pct": 66.33064516129032,
            "total": 541.6978660160514
        },
        "reward_export_bonus": {
            "min": 0.0,
            "max": 1.5217102621047707,
            "mean": 0.03252663770745905,
            "median": 0.0,
            "std": 0.11906311508407326,
            "p5": 0.0,
            "p25": 0.0,
            "p75": 0.0,
            "p95": 0.2194987238502509,
            "zero_pct": 83.33333333333334,
            "total": 96.79927381739817
        },
        "reward_night_charging": {
            "min": 0.0,
            "max": 1.5961553156375885,
            "mean": 0.15539421076088303,
            "median": 0.0,
            "std": 0.34900904957044276,
            "p5": 0.0,
            "p25": 0.0,
            "p75": 0.0,
            "p95": 1.009513959288597,
            "zero_pct": 77.11693548387096,
            "total": 462.45317122438763
        },
        "reward_action_mod_penalty": {
            "min": -0.3560244083404541,
            "max": -0.0,
            "mean": -0.034724760153693836,
            "median": 0.0,
            "std": 0.06957620905964275,
            "p5": -0.20743962228298188,
            "p25": -0.033529702574014664,
            "p75": 0.0,
            "p95": 0.0,
            "zero_pct": 72.58064516129032,
            "total": -103.34088621739284
        },
        "reward_morning_soc": {
            "min": 0,
            "max": 0,
            "mean": 0,
            "median": 0,
            "std": 0,
            "p5": 0,
            "p25": 0,
            "p75": 0,
            "p95": 0,
            "zero_pct": 100.0,
            "total": 0
        },
        "reward_night_peak_chain": {
            "min": 0,
            "max": 0,
            "mean": 0,
            "median": 0,
            "std": 0,
            "p5": 0,
            "p25": 0,
            "p75": 0,
            "p95": 0,
            "zero_pct": 100.0,
            "total": 0
        }
    }
}