{
    "total_reward": -82.81031028642298,
    "avg_battery_power": -0.018668028754429546,
    "max_battery_power": 3.900978267192841,
    "peak_grid_import": 12.45816453820467,
    "peak_grid_export": 9.015880138467788,
    "export_energy_kwh": 1077.266071727499,
    "export_revenue": 0,
    "price_power_correlation": 0.2845759534035247,
    "avg_night_price": 34.81749193548385,
    "avg_day_price": 58.76215725806439,
    "night_charges_energy_kwh": 118.55413522105664,
    "day_charges_energy_kwh": 114.9582430277951,
    "night_day_charge_ratio": 1.031279985658724,
    "avg_soc": 0.20566231427758094,
    "min_soc": 0.1,
    "max_soc": 0.7284639235846607,
    "pct_time_in_preferred_range": 17.540322580645164,
    "pct_time_at_high_soc": 0.0,
    "violation_percentage": 0.0,
    "top3_peaks": [
        7.773,
        6.711613563537598,
        6.3496317384120555
    ],
    "peak_rolling_average": 6.944748433983217,
    "current_capacity_fee": 564.2608102611364,
    "fixed_grid_fee_total": 730.0,
    "months_in_episode": 2,
    "peak_reduction_due_to_discount": 4.6851645382046705,
    "estimated_savings": 380.66961872912947,
    "night_peaks": 24,
    "day_peaks": 0,
    "actions_modified": 823,
    "pct_modified_actions": 27.65456989247312,
    "avg_action_delta": 0.1426900032835199,
    "max_action_delta": 0.43536534905433655,
    "reward_components": {
        "reward_grid_cost": -518.3335176496091,
        "reward_capacity_penalty": -355.36886064259573,
        "reward_battery_cost": -1019.2933094806064,
        "reward_soc_reward": 368.4966111181651,
        "reward_shaping": 7.640263063790407,
        "reward_arbitrage_bonus": 523.7968060378058,
        "reward_export_bonus": 431.0549423155931,
        "reward_night_charging": 474.21654088422656,
        "reward_action_mod_penalty": -139.3075093454055,
        "reward_solar_soc": 4.767593760043383,
        "reward_night_peak_chain": 0.0
    },
    "reward_component_distributions": {
        "reward_grid_cost": {
            "min": -2.737198903394621,
            "max": -0.0,
            "mean": -0.17417120888763749,
            "median": -0.0028861349999999997,
            "std": 0.3183554691797048,
            "p5": -0.7517369066590744,
            "p25": -0.24652586739585378,
            "p75": 0.0,
            "p95": 0.0,
            "zero_pct": 48.151881720430104,
            "total": -518.3335176496091
        },
        "reward_capacity_penalty": {
            "min": -3.729082269102335,
            "max": -0.0,
            "mean": -0.11941157951700128,
            "median": 0.0,
            "std": 0.4110966394801553,
            "p5": -0.9673445507250724,
            "p25": -0.0,
            "p75": 0.0,
            "p95": 0.0,
            "zero_pct": 87.36559139784946,
            "total": -355.36886064259573
        },
        "reward_battery_cost": {
            "min": -2.3097897634694458,
            "max": -0.0,
            "mean": -0.3425044722717091,
            "median": -0.23430963704595342,
            "std": 0.3844196548558594,
            "p5": -1.12491468898952,
            "p25": -0.5275429784087464,
            "p75": 0.0,
            "p95": 0.0,
            "zero_pct": 26.008064516129032,
            "total": -1019.2933094806064
        },
        "reward_soc_reward": {
            "min": -0.06000000000000001,
            "max": 1.4969220830958496,
            "mean": 0.12382278599400728,
            "median": -0.02764150790793879,
            "std": 0.3609933020724013,
            "p5": -0.06000000000000001,
            "p25": -0.04,
            "p75": -0.0027747619032646,
            "p95": 1.1413976683499658,
            "zero_pct": 0.0,
            "total": 368.4966111181651
        },
        "reward_shaping": {
            "min": -1.6757103452194508,
            "max": 1.6335202784709295,
            "mean": 0.0025672926961661587,
            "median": 0.010000000000000009,
            "std": 0.2901200956141316,
            "p5": -0.12372042059251503,
            "p25": -0.009173684367881373,
            "p75": 0.02954315699337228,
            "p95": 0.08825476132699199,
            "zero_pct": 0.0,
            "total": 7.640263063790407
        },
        "reward_arbitrage_bonus": {
            "min": 0.0,
            "max": 3.0228185281157494,
            "mean": 0.17600699127614444,
            "median": 0.0,
            "std": 0.40273670832787756,
            "p5": 0.0,
            "p25": 0.0,
            "p75": 0.1628957549110055,
            "p95": 0.8578764088451862,
            "zero_pct": 70.56451612903226,
            "total": 523.7968060378058
        },
        "reward_export_bonus": {
            "min": 0.0,
            "max": 1.3476515414719399,
            "mean": 0.14484373061679856,
            "median": 0.0,
            "std": 0.216765137919073,
            "p5": 0.0,
            "p25": 0.0,
            "p75": 0.24470690044949955,
            "p95": 0.5788761709292751,
            "zero_pct": 51.84811827956989,
            "total": 431.0549423155931
        },
        "reward_night_charging": {
            "min": 0.0,
            "max": 2.0159173011779785,
            "mean": 0.15934695594228043,
            "median": 0.0,
            "std": 0.3534911888238009,
            "p5": 0.0,
            "p25": 0.0,
            "p75": 0.0,
            "p95": 0.9997348673641682,
            "zero_pct": 76.41129032258065,
            "total": 474.21654088422656
        },
        "reward_action_mod_penalty": {
            "min": -0.5224384188652039,
            "max": -0.0,
            "mean": -0.04681031900047231,
            "median": 0.0,
            "std": 0.10051357849716201,
            "p5": -0.29400485157966616,
            "p25": -0.021597258746623996,
            "p75": 0.0,
            "p95": 0.0,
            "zero_pct": 72.34543010752688,
            "total": -139.3075093454055
        },
        "reward_morning_soc": {
            "min": 0,
            "max": 0,
            "mean": 0,
            "median": 0,
            "std": 0,
            "p5": 0,
            "p25": 0,
            "p75": 0,
            "p95": 0,
            "zero_pct": 100.0,
            "total": 0
        },
        "reward_night_peak_chain": {
            "min": 0,
            "max": 0,
            "mean": 0,
            "median": 0,
            "std": 0,
            "p5": 0,
            "p25": 0,
            "p75": 0,
            "p95": 0,
            "zero_pct": 100.0,
            "total": 0
        }
    }
}