{
    "total_reward": -65.59941158831509,
    "avg_battery_power": -0.027545634349584965,
    "max_battery_power": 3.7863343954086304,
    "peak_grid_import": 14.032325625896453,
    "peak_grid_export": 5.345160617138672,
    "export_energy_kwh": 241.19426081760307,
    "export_revenue": 385.74390865564897,
    "price_power_correlation": 0.3326017593749699,
    "avg_night_price": 48.77523214285708,
    "avg_day_price": 88.0496473214284,
    "night_charges_energy_kwh": 130.4714460614871,
    "day_charges_energy_kwh": 126.45049417933188,
    "night_day_charge_ratio": 1.0317986252900895,
    "avg_soc": 0.3765539263907984,
    "min_soc": 0.1,
    "max_soc": 0.9,
    "pct_time_in_preferred_range": 45.3125,
    "pct_time_at_high_soc": 6.063988095238095,
    "violation_percentage": 0.0,
    "top3_peaks": [
        10.9,
        9.76805202871561,
        9.553172933995723
    ],
    "peak_rolling_average": 10.07374165423711,
    "current_capacity_fee": 818.4915094067652,
    "fixed_grid_fee_total": 730.0,
    "months_in_episode": 2,
    "peak_reduction_due_to_discount": 3.1323256258964527,
    "estimated_savings": 254.50145710408677,
    "night_peaks": 45,
    "day_peaks": 0,
    "actions_modified": 300,
    "pct_modified_actions": 11.160714285714286,
    "avg_action_delta": 0.1203118834317863,
    "max_action_delta": 0.5508745661464168,
    "reward_components": {
        "reward_grid_cost": -970.768314671004,
        "reward_capacity_penalty": -848.8725516671434,
        "reward_battery_cost": -1113.8289276913504,
        "reward_soc_reward": 695.7016078570675,
        "reward_shaping": 3.9094338471296424,
        "reward_arbitrage_bonus": 599.535763235511,
        "reward_export_bonus": 154.2975634622596,
        "reward_night_charging": 521.8857842459483,
        "reward_action_mod_penalty": -42.09447554621782,
        "reward_solar_soc": 30.513263568282127,
        "reward_night_peak_chain": 0.0
    },
    "reward_component_distributions": {
        "reward_grid_cost": {
            "min": -2.9573738217462924,
            "max": -0.0,
            "mean": -0.36114892658891506,
            "median": -0.22654471615696833,
            "std": 0.42542238482752043,
            "p5": -1.203443505527283,
            "p25": -0.533306003086347,
            "p75": 0.0,
            "p95": -0.0,
            "zero_pct": 27.232142857142854,
            "total": -970.768314671004
        },
        "reward_capacity_penalty": {
            "min": -4.5161628129482265,
            "max": -0.0,
            "mean": -0.31580080047140796,
            "median": 0.0,
            "std": 0.7840051709928336,
            "p5": -2.378581567514315,
            "p25": -0.0,
            "p75": 0.0,
            "p95": -0.0,
            "zero_pct": 78.34821428571429,
            "total": -848.8725516671434
        },
        "reward_battery_cost": {
            "min": -2.2419085235972154,
            "max": -0.0,
            "mean": -0.414370880837556,
            "median": -0.271486064149557,
            "std": 0.41907440858528655,
            "p5": -1.300843509012147,
            "p25": -0.6492912671528757,
            "p75": -0.09141453399206512,
            "p95": -0.0,
            "zero_pct": 9.300595238095239,
            "total": -1113.8289276913504
        },
        "reward_soc_reward": {
            "min": -0.35999999999999854,
            "max": 1.4995816894227652,
            "mean": 0.2588175624468264,
            "median": -0.018457175606057395,
            "std": 0.48839057201125907,
            "p5": -0.06999999999999999,
            "p25": -0.04710973532458513,
            "p75": 0.5507317930270722,
            "p95": 1.3362962484097607,
            "zero_pct": 0.0,
            "total": 695.7016078570675
        },
        "reward_shaping": {
            "min": -1.6201825001633077,
            "max": 1.7208619082758296,
            "mean": 0.0014544024728905024,
            "median": 0.009624366319939383,
            "std": 0.21765868007825534,
            "p5": -0.10356081822768763,
            "p25": -0.025467217762855043,
            "p75": 0.024531837131797726,
            "p95": 0.10617896700378705,
            "zero_pct": 0.0,
            "total": 3.9094338471296424
        },
        "reward_arbitrage_bonus": {
            "min": 0.0,
            "max": 3.3130425959825516,
            "mean": 0.22304157858463952,
            "median": 0.0,
            "std": 0.5035433406009822,
            "p5": 0.0,
            "p25": 0.0,
            "p75": 0.1260052528232336,
            "p95": 1.2657322958111763,
            "zero_pct": 68.52678571428571,
            "total": 599.535763235511
        },
        "reward_export_bonus": {
            "min": 0.0,
            "max": 0.9890631754347226,
            "mean": 0.05740236735947158,
            "median": 0.0,
            "std": 0.13964129835090883,
            "p5": 0.0,
            "p25": 0.0,
            "p75": 0.013987368533008084,
            "p95": 0.40336792874872873,
            "zero_pct": 72.76785714285714,
            "total": 154.2975634622596
        },
        "reward_night_charging": {
            "min": 0.0,
            "max": 2.8605613112449646,
            "mean": 0.1941539375914986,
            "median": 0.0,
            "std": 0.47081688546981026,
            "p5": 0.0,
            "p25": 0.0,
            "p75": 0.0,
            "p95": 1.411379873752594,
            "zero_pct": 75.07440476190477,
            "total": 521.8857842459483
        },
        "reward_action_mod_penalty": {
            "min": -0.6610494793757002,
            "max": -0.0,
            "mean": -0.0156601471526108,
            "median": 0.0,
            "std": 0.05545163702920196,
            "p5": -0.11839021782577054,
            "p25": -0.0,
            "p75": 0.0,
            "p95": -0.0,
            "zero_pct": 88.83928571428571,
            "total": -42.09447554621782
        },
        "reward_morning_soc": {
            "min": 0,
            "max": 0,
            "mean": 0,
            "median": 0,
            "std": 0,
            "p5": 0,
            "p25": 0,
            "p75": 0,
            "p95": 0,
            "zero_pct": 100.0,
            "total": 0
        },
        "reward_night_peak_chain": {
            "min": 0,
            "max": 0,
            "mean": 0,
            "median": 0,
            "std": 0,
            "p5": 0,
            "p25": 0,
            "p75": 0,
            "p95": 0,
            "zero_pct": 100.0,
            "total": 0
        }
    }
}