{
    "total_reward": -2148.7778498729585,
    "avg_battery_power": -0.006410871041816192,
    "max_battery_power": 3.1229522824287415,
    "peak_grid_import": 13.069126682043075,
    "peak_grid_export": 5.42433102850647,
    "export_energy_kwh": 226.28785252495533,
    "export_revenue": 0,
    "price_power_correlation": 0.28437542745288164,
    "avg_night_price": 48.77523214285708,
    "avg_day_price": 88.0496473214284,
    "night_charges_energy_kwh": 81.40079038803886,
    "day_charges_energy_kwh": 50.870886024214556,
    "night_day_charge_ratio": 1.600144930624799,
    "avg_soc": 0.22681922143342276,
    "min_soc": 0.1,
    "max_soc": 0.9,
    "pct_time_in_preferred_range": 15.178571428571427,
    "pct_time_at_high_soc": 2.7529761904761902,
    "violation_percentage": 0.0,
    "top3_peaks": [
        10.9,
        10.385,
        10.039
    ],
    "peak_rolling_average": 10.441333333333333,
    "current_capacity_fee": 848.3583333333332,
    "fixed_grid_fee_total": 730.0,
    "months_in_episode": 2,
    "peak_reduction_due_to_discount": 2.169126682043075,
    "estimated_savings": 176.24154291599982,
    "night_peaks": 84,
    "day_peaks": 4,
    "actions_modified": 1268,
    "pct_modified_actions": 47.172619047619044,
    "avg_action_delta": 0.13492876736152581,
    "max_action_delta": 0.3785768449306488,
    "reward_components": {
        "reward_grid_cost": -4815.522257483905,
        "reward_capacity_penalty": -875.4186112886673,
        "reward_battery_cost": -585.8023240283965,
        "reward_soc_reward": 122.3687795910792,
        "reward_shaping": 1.3615008606381684,
        "reward_arbitrage_bonus": 325.4902785750004,
        "reward_export_bonus": 33.53664113788527,
        "reward_night_charging": 325.6031615521554,
        "reward_action_mod_penalty": -204.3511642056775,
        "reward_solar_soc": 12.555697448551655,
        "reward_night_peak_chain": 0.0
    },
    "reward_component_distributions": {
        "reward_grid_cost": {
            "min": -12.99676669375,
            "max": -0.0,
            "mean": -1.7914889350758607,
            "median": -1.1293498437500002,
            "std": 2.1600636762304712,
            "p5": -6.158749951310751,
            "p25": -2.765299967682963,
            "p75": -0.0102215390625,
            "p95": -0.0,
            "zero_pct": 23.846726190476193,
            "total": -4815.522257483905
        },
        "reward_capacity_penalty": {
            "min": -4.034563341021538,
            "max": -0.0,
            "mean": -0.32567656669965356,
            "median": 0.0,
            "std": 0.7809953541960541,
            "p5": -2.388838404847682,
            "p25": -0.0,
            "p75": 0.0,
            "p95": -0.0,
            "zero_pct": 78.38541666666666,
            "total": -875.4186112886673
        },
        "reward_battery_cost": {
            "min": -1.8491164830170181,
            "max": -0.0,
            "mean": -0.21793241221294496,
            "median": -0.03940136007440742,
            "std": 0.32771140834404805,
            "p5": -0.9041820775325362,
            "p25": -0.32597064904831846,
            "p75": 0.0,
            "p95": -0.0,
            "zero_pct": 45.3125,
            "total": -585.8023240283965
        },
        "reward_soc_reward": {
            "min": -0.3960000000000001,
            "max": 1.1998272242313073,
            "mean": 0.045524099550252606,
            "median": -0.06992625545667992,
            "std": 0.28772153042486687,
            "p5": -0.10499999999999998,
            "p25": -0.075,
            "p75": -0.023667659757985578,
            "p95": 0.8512892234205808,
            "zero_pct": 0.0,
            "total": 122.3687795910792
        },
        "reward_shaping": {
            "min": -1.5774348117867203,
            "max": 1.5402237801220289,
            "mean": 0.0005065107368445806,
            "median": 0.0020000000000000018,
            "std": 0.24516250186336974,
            "p5": -0.07855684733929919,
            "p25": 0.0018438470539264146,
            "p75": 0.007960792789426241,
            "p95": 0.0664845786104159,
            "zero_pct": 0.0,
            "total": 1.3615008606381684
        },
        "reward_arbitrage_bonus": {
            "min": 0.0,
            "max": 2.7325832471251488,
            "mean": 0.12109013339843765,
            "median": 0.0,
            "std": 0.34153909644475006,
            "p5": 0.0,
            "p25": 0.0,
            "p75": 0.0,
            "p95": 0.748544685542584,
            "zero_pct": 76.26488095238095,
            "total": 325.4902785750004
        },
        "reward_export_bonus": {
            "min": 0.0,
            "max": 0.25149509272501364,
            "mean": 0.012476428994748975,
            "median": 0.0,
            "std": 0.03374634850288499,
            "p5": 0.0,
            "p25": 0.0,
            "p75": 0.0,
            "p95": 0.08390401242730545,
            "zero_pct": 76.15327380952381,
            "total": 33.53664113788527
        },
        "reward_night_charging": {
            "min": 0.0,
            "max": 2.5470659136772156,
            "mean": 0.12113212855362925,
            "median": 0.0,
            "std": 0.35454168153248167,
            "p5": 0.0,
            "p25": 0.0,
            "p75": 0.0,
            "p95": 0.9902146272361305,
            "zero_pct": 81.25,
            "total": 325.6031615521554
        },
        "reward_action_mod_penalty": {
            "min": -0.4542922139167786,
            "max": -0.0,
            "mean": -0.07602349858842171,
            "median": 0.0,
            "std": 0.10177410797903222,
            "p5": -0.2792296850681305,
            "p25": -0.13479039520025254,
            "p75": 0.0,
            "p95": -0.0,
            "zero_pct": 52.827380952380956,
            "total": -204.3511642056775
        },
        "reward_morning_soc": {
            "min": 0,
            "max": 0,
            "mean": 0,
            "median": 0,
            "std": 0,
            "p5": 0,
            "p25": 0,
            "p75": 0,
            "p95": 0,
            "zero_pct": 100.0,
            "total": 0
        },
        "reward_night_peak_chain": {
            "min": 0,
            "max": 0,
            "mean": 0,
            "median": 0,
            "std": 0,
            "p5": 0,
            "p25": 0,
            "p75": 0,
            "p95": 0,
            "zero_pct": 100.0,
            "total": 0
        }
    }
}