{
    "total_reward": 108.25951162396603,
    "avg_battery_power": -0.08243911897997183,
    "max_battery_power": 10.0,
    "peak_grid_import": 14.993124606609344,
    "peak_grid_export": 9.988323566138,
    "export_energy_kwh": 1284.7497237529674,
    "export_revenue": 0,
    "price_power_correlation": 0.3660879957107846,
    "avg_night_price": 34.81749193548385,
    "avg_day_price": 58.76215725806439,
    "night_charges_energy_kwh": 418.6847210465421,
    "day_charges_energy_kwh": 295.9384686060937,
    "night_day_charge_ratio": 1.4147695060348127,
    "avg_soc": 0.547507860786238,
    "min_soc": 0.1,
    "max_soc": 0.9,
    "pct_time_in_preferred_range": 45.22849462365591,
    "pct_time_at_high_soc": 33.501344086021504,
    "violation_percentage": 0.0,
    "top3_peaks": [
        7.496562303304672,
        7.22736073422432,
        6.641803559303284
    ],
    "peak_rolling_average": 7.1219088656107585,
    "current_capacity_fee": 578.6550953308741,
    "fixed_grid_fee_total": 730.0,
    "months_in_episode": 2,
    "peak_reduction_due_to_discount": 7.496562303304672,
    "estimated_savings": 609.0956871435046,
    "night_peaks": 24,
    "day_peaks": 0,
    "actions_modified": 1134,
    "pct_modified_actions": 38.104838709677416,
    "avg_action_delta": 0.55625672965645,
    "max_action_delta": 1.0,
    "reward_components": {
        "reward_grid_cost": -1507.2972551657997,
        "reward_capacity_penalty": -592.7094593849711,
        "reward_battery_cost": -3074.7692695098344,
        "reward_soc_reward": 384.4824265105182,
        "reward_shaping": -0.9928713141079709,
        "reward_arbitrage_bonus": 1653.8193872885856,
        "reward_export_bonus": 355.6784775795106,
        "reward_night_charging": 1674.7388841861684,
        "reward_action_mod_penalty": -746.2212196112602,
        "reward_solar_soc": 228.65181130822748,
        "reward_night_peak_chain": 0.0
    },
    "reward_component_distributions": {
        "reward_grid_cost": {
            "min": -7.939662305586716,
            "max": -0.0,
            "mean": -0.5064842927304443,
            "median": 0.0,
            "std": 0.8937091579525657,
            "p5": -2.2522064468750003,
            "p25": -0.8126593750000001,
            "p75": 0.0,
            "p95": 0.0,
            "zero_pct": 50.47043010752689,
            "total": -1507.2972551657997
        },
        "reward_capacity_penalty": {
            "min": -4.996562303304672,
            "max": -0.0,
            "mean": -0.199163124793337,
            "median": 0.0,
            "std": 0.6306788523309584,
            "p5": -1.4459999999999997,
            "p25": -0.0,
            "p75": 0.0,
            "p95": 0.0,
            "zero_pct": 83.2997311827957,
            "total": -592.7094593849711
        },
        "reward_battery_cost": {
            "min": -5.921052631578949,
            "max": -0.0,
            "mean": -1.033188598625616,
            "median": -0.6446329758281967,
            "std": 1.167705783022278,
            "p5": -3.0982379850588346,
            "p25": -1.8294383792672306,
            "p75": -3.0150257290806336e-13,
            "p95": 0.0,
            "zero_pct": 23.588709677419356,
            "total": -3074.7692695098344
        },
        "reward_soc_reward": {
            "min": -0.3960000000000001,
            "max": 1.1996901849715516,
            "mean": 0.12919436374681406,
            "median": -0.027367668698662174,
            "std": 0.4433581437382657,
            "p5": -0.3959994300811779,
            "p25": -0.284583467721517,
            "p75": 0.43460478617837933,
            "p95": 1.0249300586485508,
            "zero_pct": 0.0,
            "total": 384.4824265105182
        },
        "reward_shaping": {
            "min": -2.0212810993220116,
            "max": 2.2465253488931904,
            "mean": -0.0003336261136114992,
            "median": 0.0020000000000000018,
            "std": 0.35634088617784465,
            "p5": -0.3293373523093537,
            "p25": -0.05286320324926802,
            "p75": 0.07097749523186365,
            "p95": 0.274920441405602,
            "zero_pct": 0.0,
            "total": -0.9928713141079709
        },
        "reward_arbitrage_bonus": {
            "min": 0.0,
            "max": 8.75,
            "mean": 0.5557188801372933,
            "median": 0.0,
            "std": 1.3372391456257193,
            "p5": 0.0,
            "p25": 0.0,
            "p75": 6.361510094843315e-05,
            "p95": 3.0770887434482574,
            "zero_pct": 69.99327956989248,
            "total": 1653.8193872885856
        },
        "reward_export_bonus": {
            "min": 0.0,
            "max": 1.4897624699999998,
            "mean": 0.11951561746623322,
            "median": 0.006496817559332159,
            "std": 0.1920992043693502,
            "p5": 0.0,
            "p25": 0.0,
            "p75": 0.1866089933847568,
            "p95": 0.4716982861048673,
            "zero_pct": 49.52956989247312,
            "total": 355.6784775795106
        },
        "reward_night_charging": {
            "min": 0.0,
            "max": 5.0,
            "mean": 0.562748280976535,
            "median": 0.0,
            "std": 1.3487284026005377,
            "p5": 0.0,
            "p25": 0.0,
            "p75": 3.2729374765949615e-13,
            "p95": 4.501606151461601,
            "zero_pct": 74.29435483870968,
            "total": 1674.7388841861684
        },
        "reward_action_mod_penalty": {
            "min": -1.2000000000000002,
            "max": -0.0,
            "mean": -0.2507463775575473,
            "median": 0.0,
            "std": 0.4058237404754122,
            "p5": -1.1999999963870458,
            "p25": -0.38360109329223635,
            "p75": 0.0,
            "p95": 0.0,
            "zero_pct": 61.89516129032258,
            "total": -746.2212196112602
        },
        "reward_morning_soc": {
            "min": 0,
            "max": 0,
            "mean": 0,
            "median": 0,
            "std": 0,
            "p5": 0,
            "p25": 0,
            "p75": 0,
            "p95": 0,
            "zero_pct": 100.0,
            "total": 0
        },
        "reward_night_peak_chain": {
            "min": 0,
            "max": 0,
            "mean": 0,
            "median": 0,
            "std": 0,
            "p5": 0,
            "p25": 0,
            "p75": 0,
            "p95": 0,
            "zero_pct": 100.0,
            "total": 0
        }
    }
}