{
    "total_reward": -971.2028756617746,
    "avg_battery_power": -0.015546921714425585,
    "max_battery_power": 0.6993289291858673,
    "peak_grid_import": 11.926301436439157,
    "peak_grid_export": 11.444561158634425,
    "export_energy_kwh": 1566.543563177685,
    "export_revenue": 0,
    "price_power_correlation": 0.0562532767726876,
    "avg_night_price": 33.81838333333334,
    "avg_day_price": 39.369108333333514,
    "night_charges_energy_kwh": 21.72228978094182,
    "day_charges_energy_kwh": 28.85385190423338,
    "night_day_charge_ratio": 0.7528384720708562,
    "avg_soc": 0.7851185203077302,
    "min_soc": 0.458724950988327,
    "max_soc": 0.9,
    "pct_time_in_preferred_range": 59.96527777777778,
    "pct_time_at_high_soc": 58.229166666666664,
    "violation_percentage": 0.0,
    "top3_peaks": [
        5.963150718219579,
        5.960052422218025,
        5.959662160806358
    ],
    "peak_rolling_average": 5.960955100414654,
    "current_capacity_fee": 484.3276019086906,
    "fixed_grid_fee_total": 730.0,
    "months_in_episode": 2,
    "peak_reduction_due_to_discount": 5.963150718219579,
    "estimated_savings": 484.50599585534076,
    "night_peaks": 44,
    "day_peaks": 0,
    "actions_modified": 530,
    "pct_modified_actions": 18.40277777777778,
    "avg_action_delta": 0.036908409554919044,
    "max_action_delta": 0.10212467610836029,
    "reward_components": {
        "reward_grid_cost": -1096.714558772627,
        "reward_capacity_penalty": -523.1479131148617,
        "reward_battery_cost": -1208.2830525709478,
        "reward_soc_reward": 1614.480314726379,
        "reward_shaping": 38.639634626312215,
        "reward_arbitrage_bonus": 0.0,
        "reward_export_bonus": 1300.0143326323666,
        "reward_night_charging": 434.4457956188363,
        "reward_action_mod_penalty": -540.9154816201907,
        "reward_morning_soc": -9791.32431340619,
        "reward_night_peak_chain": 123.92815214116126
    },
    "reward_component_distributions": {
        "reward_grid_cost": {
            "min": -4.6280012724102155,
            "max": -0.0,
            "mean": -0.38080366624049583,
            "median": 0.0,
            "std": 0.8422899008909941,
            "p5": -2.4801160153200006,
            "p25": -0.34388049105274215,
            "p75": 0.0,
            "p95": 0.0,
            "zero_pct": 55.65972222222222,
            "total": -1096.714558772627
        },
        "reward_capacity_penalty": {
            "min": -6.926301436439157,
            "max": -0.0,
            "mean": -0.18164858094266048,
            "median": 0.0,
            "std": 0.8447374113911437,
            "p5": -1.2069253709122523,
            "p25": -0.0,
            "p75": 0.0,
            "p95": 0.0,
            "zero_pct": 93.61111111111111,
            "total": -523.1479131148617
        },
        "reward_battery_cost": {
            "min": -2.4844580378971606,
            "max": -0.0,
            "mean": -0.41954272658713504,
            "median": -0.3182341777321294,
            "std": 0.41977212227461286,
            "p5": -1.299473114164644,
            "p25": -0.6440307475277223,
            "p75": -0.07015458507004568,
            "p95": 0.0,
            "zero_pct": 11.944444444444445,
            "total": -1208.2830525709478
        },
        "reward_soc_reward": {
            "min": -1.5750000000000002,
            "max": 4.997807833513604,
            "mean": 0.5605834426133289,
            "median": 0.43962919759425373,
            "std": 2.005448599965907,
            "p5": -1.5750000000000002,
            "p25": -1.4063807596500724,
            "p75": 1.7885677749602555,
            "p95": 4.4406733239077285,
            "zero_pct": 0.0,
            "total": 1614.480314726379
        },
        "reward_shaping": {
            "min": -6.360000000000026,
            "max": 6.597134138141808,
            "mean": 0.013416539800802867,
            "median": -0.005086042877301147,
            "std": 0.7039387991938573,
            "p5": -0.0403886830829748,
            "p25": -0.014424667052786829,
            "p75": 0.009999727221126797,
            "p95": 0.14000000000000057,
            "zero_pct": 0.0,
            "total": 38.639634626312215
        },
        "reward_arbitrage_bonus": {
            "min": 0,
            "max": 0,
            "mean": 0,
            "median": 0,
            "std": 0,
            "p5": 0,
            "p25": 0,
            "p75": 0,
            "p95": 0,
            "zero_pct": 100.0,
            "total": 0
        },
        "reward_export_bonus": {
            "min": 0.0,
            "max": 3.8809178223033642,
            "mean": 0.4513938654973485,
            "median": 0.045606126713707076,
            "std": 0.639055063180354,
            "p5": 0.0,
            "p25": 0.0,
            "p75": 0.7712566556086026,
            "p95": 1.6730854582935748,
            "zero_pct": 44.34027777777778,
            "total": 1300.0143326323666
        },
        "reward_night_charging": {
            "min": 0.0,
            "max": 2.4949628859758377,
            "mean": 0.15084923458987376,
            "median": 0.0,
            "std": 0.3857497739635949,
            "p5": 0.0,
            "p25": 0.0,
            "p75": 0.0,
            "p95": 1.065472783520817,
            "zero_pct": 76.94444444444444,
            "total": 434.4457956188363
        },
        "reward_action_mod_penalty": {
            "min": -3.0637402832508087,
            "max": -0.0,
            "mean": -0.18781787556256624,
            "median": 0.0,
            "std": 0.49905245296283335,
            "p5": -1.3920685731174778,
            "p25": -0.0,
            "p75": 0.0,
            "p95": 0.0,
            "zero_pct": 81.59722222222221,
            "total": -540.9154816201907
        },
        "reward_morning_soc": {
            "min": -32.5,
            "max": 0.0,
            "mean": -3.3997653865993724,
            "median": 0.0,
            "std": 9.227042745011438,
            "p5": -30.194662923781166,
            "p25": 0.0,
            "p75": 0.0,
            "p95": 0.0,
            "zero_pct": 87.5,
            "total": -9791.32431340619
        },
        "reward_night_peak_chain": {
            "min": 0.0,
            "max": 4.370805807411671,
            "mean": 0.04303060838234766,
            "median": 0.0,
            "std": 0.31378728977227277,
            "p5": 0.0,
            "p25": 0.0,
            "p75": 0.0,
            "p95": 0.0,
            "zero_pct": 97.36111111111111,
            "total": 123.92815214116126
        }
    }
}