{
    "total_reward": -68.74422662781468,
    "avg_battery_power": -0.014551033529298487,
    "max_battery_power": 4.9404942989349365,
    "peak_grid_import": 12.577764063000679,
    "peak_grid_export": 4.906494298934937,
    "export_energy_kwh": 106.07900182968613,
    "export_revenue": 235.32458519690874,
    "price_power_correlation": 0.38722866930281397,
    "avg_night_price": 28.219979838709616,
    "avg_day_price": 76.8684173387098,
    "night_charges_energy_kwh": 60.082972010531336,
    "day_charges_energy_kwh": 124.65156207597099,
    "night_day_charge_ratio": 0.4820073732723282,
    "avg_soc": 0.42668122434021627,
    "min_soc": 0.1,
    "max_soc": 0.9,
    "pct_time_in_preferred_range": 34.81182795698925,
    "pct_time_at_high_soc": 18.346774193548388,
    "violation_percentage": 0.0,
    "top3_peaks": [
        9.542956321835518,
        8.451,
        7.644496716976166
    ],
    "peak_rolling_average": 8.546151012937228,
    "current_capacity_fee": 694.3747698011498,
    "fixed_grid_fee_total": 730.0,
    "months_in_episode": 2,
    "peak_reduction_due_to_discount": 3.03480774116516,
    "estimated_savings": 246.57812896966925,
    "night_peaks": 56,
    "day_peaks": 0,
    "actions_modified": 462,
    "pct_modified_actions": 15.524193548387096,
    "avg_action_delta": 0.1182126384328737,
    "max_action_delta": 0.6338180303573491,
    "reward_components": {
        "reward_grid_cost": -1009.6485761448238,
        "reward_capacity_penalty": -723.9610292417068,
        "reward_battery_cost": -806.7587735220931,
        "reward_soc_reward": 414.374510125343,
        "reward_shaping": 5.8612111706146495,
        "reward_arbitrage_bonus": 494.685774757346,
        "reward_export_bonus": 94.1298340787635,
        "reward_night_charging": 240.33188804212534,
        "reward_action_mod_penalty": -64.59428055331317,
        "reward_solar_soc": 17.485601669177413,
        "reward_night_peak_chain": 0.0
    },
    "reward_component_distributions": {
        "reward_grid_cost": {
            "min": -1.4591347116100748,
            "max": -0.0,
            "mean": -0.3392636344572657,
            "median": -0.29519004850580904,
            "std": 0.29345763065710095,
            "p5": -0.9653207410545174,
            "p25": -0.4650565425,
            "p75": -0.11460829146846478,
            "p95": 0.0,
            "zero_pct": 12.768817204301076,
            "total": -1009.6485761448238
        },
        "reward_capacity_penalty": {
            "min": -3.7888820315003393,
            "max": -0.0,
            "mean": -0.2432664748796056,
            "median": 0.0,
            "std": 0.659136834237943,
            "p5": -1.8182927814126018,
            "p25": -0.0,
            "p75": 0.0,
            "p95": 0.0,
            "zero_pct": 79.40188172043011,
            "total": -723.9610292417068
        },
        "reward_battery_cost": {
            "min": -2.9252926770009497,
            "max": -0.0,
            "mean": -0.27108829755446673,
            "median": -0.17919170953284363,
            "std": 0.3391912975744473,
            "p5": -0.8122035527516058,
            "p25": -0.38356079607221644,
            "p75": -0.04330343211768195,
            "p95": 0.0,
            "zero_pct": 12.298387096774194,
            "total": -806.7587735220931
        },
        "reward_soc_reward": {
            "min": -0.36000000000000004,
            "max": 1.4993643691601748,
            "mean": 0.13923874668190292,
            "median": -0.0350396285939496,
            "std": 0.42972608381659444,
            "p5": -0.3098158679197396,
            "p25": -0.05852113540521769,
            "p75": 0.12982956552217972,
            "p95": 1.1504607050138733,
            "zero_pct": 0.0,
            "total": 414.374510125343
        },
        "reward_shaping": {
            "min": -1.5939426135988128,
            "max": 1.690066874094272,
            "mean": 0.00196949300087859,
            "median": 0.0063290925289258,
            "std": 0.22611294259478623,
            "p5": -0.08425784269971412,
            "p25": -0.015860028257431345,
            "p75": 0.01787460228669989,
            "p95": 0.07481167111428907,
            "zero_pct": 0.0,
            "total": 5.8612111706146495
        },
        "reward_arbitrage_bonus": {
            "min": 0.0,
            "max": 4.3229325115680695,
            "mean": 0.1662250587222265,
            "median": 0.0,
            "std": 0.4680810119332609,
            "p5": 0.0,
            "p25": 0.0,
            "p75": 0.06686217035166919,
            "p95": 0.9308624267578125,
            "zero_pct": 69.38844086021506,
            "total": 494.685774757346
        },
        "reward_export_bonus": {
            "min": 0.0,
            "max": 2.0536965992222997,
            "mean": 0.031629648547971574,
            "median": 0.0,
            "std": 0.14929973974277486,
            "p5": 0.0,
            "p25": 0.0,
            "p75": 0.0,
            "p95": 0.17929305788603922,
            "zero_pct": 87.23118279569893,
            "total": 94.1298340787635
        },
        "reward_night_charging": {
            "min": 0.0,
            "max": 1.2765325605869293,
            "mean": 0.08075668280985393,
            "median": 0.0,
            "std": 0.20807182839962723,
            "p5": 0.0,
            "p25": 0.0,
            "p75": 0.0,
            "p95": 0.5214435420930386,
            "zero_pct": 77.52016129032258,
            "total": 240.33188804212534
        },
        "reward_action_mod_penalty": {
            "min": -0.7605816364288189,
            "max": -0.0,
            "mean": -0.021705067390226238,
            "median": 0.0,
            "std": 0.07461551330414012,
            "p5": -0.14854972958564758,
            "p25": -0.0,
            "p75": 0.0,
            "p95": 0.0,
            "zero_pct": 84.4758064516129,
            "total": -64.59428055331317
        },
        "reward_morning_soc": {
            "min": 0,
            "max": 0,
            "mean": 0,
            "median": 0,
            "std": 0,
            "p5": 0,
            "p25": 0,
            "p75": 0,
            "p95": 0,
            "zero_pct": 100.0,
            "total": 0
        },
        "reward_night_peak_chain": {
            "min": 0,
            "max": 0,
            "mean": 0,
            "median": 0,
            "std": 0,
            "p5": 0,
            "p25": 0,
            "p75": 0,
            "p95": 0,
            "zero_pct": 100.0,
            "total": 0
        }
    }
}