{
    "total_reward": 81.88990640605758,
    "avg_battery_power": -0.01926201573636395,
    "max_battery_power": 3.3333808183670044,
    "peak_grid_import": 12.678786325216294,
    "peak_grid_export": 9.820151187710952,
    "export_energy_kwh": 1126.2456048727845,
    "export_revenue": 0,
    "price_power_correlation": 0.5424142892455598,
    "avg_night_price": 34.81749193548385,
    "avg_day_price": 58.76215725806439,
    "night_charges_energy_kwh": 145.55971446188678,
    "day_charges_energy_kwh": 80.02246879441617,
    "night_day_charge_ratio": 1.8189855506187993,
    "avg_soc": 0.582083735514611,
    "min_soc": 0.1,
    "max_soc": 0.9,
    "pct_time_in_preferred_range": 56.31720430107527,
    "pct_time_at_high_soc": 25.336021505376344,
    "violation_percentage": 0.0,
    "top3_peaks": [
        7.8478792756348845,
        6.947249723315239,
        6.531681366575
    ],
    "peak_rolling_average": 7.108936788508374,
    "current_capacity_fee": 577.6011140663054,
    "fixed_grid_fee_total": 730.0,
    "months_in_episode": 2,
    "peak_reduction_due_to_discount": 4.830907049581409,
    "estimated_savings": 392.5111977784895,
    "night_peaks": 20,
    "day_peaks": 0,
    "actions_modified": 625,
    "pct_modified_actions": 21.001344086021508,
    "avg_action_delta": 0.13377741824804015,
    "max_action_delta": 0.330661919534483,
    "reward_components": {
        "reward_grid_cost": -530.4362029839364,
        "reward_capacity_penalty": -394.6262058523096,
        "reward_battery_cost": -982.5138093250938,
        "reward_soc_reward": 420.26533475289034,
        "reward_shaping": 0.13636467283257075,
        "reward_arbitrage_bonus": 662.914233998567,
        "reward_export_bonus": 473.96279815656993,
        "reward_night_charging": 582.2388578475471,
        "reward_action_mod_penalty": -99.68160744310016,
        "reward_solar_soc": 93.49437494762242,
        "reward_night_peak_chain": 0.0
    },
    "reward_component_distributions": {
        "reward_grid_cost": {
            "min": -2.7856719919961783,
            "max": -0.0,
            "mean": -0.17823797143277437,
            "median": 0.0,
            "std": 0.32311313027258526,
            "p5": -0.7972359319155693,
            "p25": -0.24403333417039108,
            "p75": 0.0,
            "p95": 0.0,
            "zero_pct": 51.344086021505376,
            "total": -530.4362029839364
        },
        "reward_capacity_penalty": {
            "min": -3.839393162608147,
            "max": -0.0,
            "mean": -0.13260289175144796,
            "median": 0.0,
            "std": 0.43443113062168404,
            "p5": -1.0749988764822485,
            "p25": -0.0,
            "p75": 0.0,
            "p95": 0.0,
            "zero_pct": 86.55913978494624,
            "total": -394.6262058523096
        },
        "reward_battery_cost": {
            "min": -1.9737123266646739,
            "max": -0.0,
            "mean": -0.33014576926246414,
            "median": -0.24975340365199372,
            "std": 0.34461585570724185,
            "p5": -1.0099462331517748,
            "p25": -0.5025284441071562,
            "p75": -0.04476655372663549,
            "p95": 0.0,
            "zero_pct": 16.633064516129032,
            "total": -982.5138093250938
        },
        "reward_soc_reward": {
            "min": -0.3960000000000001,
            "max": 0.7998560539700772,
            "mean": 0.14121819044115985,
            "median": 0.04712262726432348,
            "std": 0.34572166713145985,
            "p5": -0.3959994387061383,
            "p25": -0.06,
            "p75": 0.4353097094808327,
            "p95": 0.7285720273329415,
            "zero_pct": 0.0,
            "total": 420.26533475289034
        },
        "reward_shaping": {
            "min": -1.59866832208088,
            "max": 1.6160968499812498,
            "mean": 4.5821462645367085e-05,
            "median": 0.006588448581018869,
            "std": 0.1946718884650077,
            "p5": -0.08553162113580877,
            "p25": -0.026225559519510666,
            "p75": 0.019128299177446267,
            "p95": 0.09359340524568315,
            "zero_pct": 0.0,
            "total": 0.13636467283257075
        },
        "reward_arbitrage_bonus": {
            "min": 0.0,
            "max": 2.916708216071129,
            "mean": 0.2227534388436046,
            "median": 0.0,
            "std": 0.4771167415122442,
            "p5": 0.0,
            "p25": 0.0,
            "p75": 0.21111715817824003,
            "p95": 1.3466515764594078,
            "zero_pct": 65.625,
            "total": 662.914233998567
        },
        "reward_export_bonus": {
            "min": 0.0,
            "max": 1.5121363403372954,
            "mean": 0.15926169292895487,
            "median": 0.012195948388706314,
            "std": 0.23179448885604106,
            "p5": 0.0,
            "p25": 0.0,
            "p75": 0.28054070671230924,
            "p95": 0.6154504732096389,
            "zero_pct": 48.655913978494624,
            "total": 473.96279815656993
        },
        "reward_night_charging": {
            "min": 0.0,
            "max": 2.189592272043228,
            "mean": 0.19564477750253595,
            "median": 0.0,
            "std": 0.3884686711905752,
            "p5": 0.0,
            "p25": 0.0,
            "p75": 0.05122393123449775,
            "p95": 1.0806888714432716,
            "zero_pct": 72.34543010752688,
            "total": 582.2388578475471
        },
        "reward_action_mod_penalty": {
            "min": -0.3967943034413796,
            "max": -0.0,
            "mean": -0.03349516379136431,
            "median": 0.0,
            "std": 0.07656477274370631,
            "p5": -0.22247009812738283,
            "p25": -0.0,
            "p75": 0.0,
            "p95": 0.0,
            "zero_pct": 78.9986559139785,
            "total": -99.68160744310016
        },
        "reward_morning_soc": {
            "min": 0,
            "max": 0,
            "mean": 0,
            "median": 0,
            "std": 0,
            "p5": 0,
            "p25": 0,
            "p75": 0,
            "p95": 0,
            "zero_pct": 100.0,
            "total": 0
        },
        "reward_night_peak_chain": {
            "min": 0,
            "max": 0,
            "mean": 0,
            "median": 0,
            "std": 0,
            "p5": 0,
            "p25": 0,
            "p75": 0,
            "p95": 0,
            "zero_pct": 100.0,
            "total": 0
        }
    }
}