{
    "total_reward": -78192519.32038157,
    "avg_battery_power": 0.011237626579234637,
    "max_battery_power": 0.19645240157842636,
    "peak_grid_import": 12.012,
    "peak_grid_export": 2.058542425,
    "export_energy_kwh": 42.29953679091865,
    "export_revenue": 0,
    "price_power_correlation": -0.05087067797050198,
    "avg_night_price": 28.219979838709616,
    "avg_day_price": 76.8684173387098,
    "night_charges_energy_kwh": 0,
    "day_charges_energy_kwh": 0,
    "night_day_charge_ratio": Infinity,
    "avg_soc": 0.11639249587619195,
    "min_soc": 0.1,
    "max_soc": 0.498733731271904,
    "pct_time_in_preferred_range": 6.048387096774194,
    "pct_time_at_high_soc": 0.0,
    "violation_percentage": 0.0,
    "top3_peaks": [
        10.015,
        8.451,
        8.327
    ],
    "peak_rolling_average": 8.931,
    "current_capacity_fee": 725.64375,
    "fixed_grid_fee_total": 730.0,
    "months_in_episode": 2,
    "peak_reduction_due_to_discount": 1.9969999999999999,
    "estimated_savings": 162.25625,
    "night_peaks": 72,
    "day_peaks": 4,
    "actions_modified": 2742,
    "pct_modified_actions": 92.13709677419355,
    "avg_action_delta": 0.015198222149053437,
    "max_action_delta": 0.0210090521723032,
    "reward_components": {
        "reward_grid_cost": -2445.057809229787,
        "reward_capacity_penalty": -390961360.2548473,
        "reward_battery_cost": -19.801880940672405,
        "reward_soc_reward": -85.20758091289639,
        "reward_shaping": 62.41817966031085,
        "reward_arbitrage_bonus": 12.709397380240262,
        "reward_export_bonus": 70.82827121129,
        "reward_night_charging": 0.0,
        "reward_action_mod_penalty": -249.96054116170853,
        "reward_solar_soc": 0.0,
        "reward_night_peak_chain": 0.0,
        "reward_solar_preparation": 0.0,
        "reward_peak_shaving_success": 48.9742394348367,
        "reward_perfect_arbitrage": 0.0
    },
    "reward_component_distributions": {
        "reward_grid_cost": {
            "min": -3.8615681843750003,
            "max": -0.0,
            "mean": -0.8215920057895794,
            "median": -0.6475338115845939,
            "std": 0.7450100294572158,
            "p5": -2.3367876,
            "p25": -1.1636548726562501,
            "p75": -0.2717389618165703,
            "p95": 0.0,
            "zero_pct": 10.618279569892474,
            "total": -2445.057809229787
        },
        "reward_capacity_penalty": {
            "min": -16259227.538127923,
            "max": -0.0,
            "mean": -131371.42481681702,
            "median": 0.0,
            "std": 997206.8937972315,
            "p5": -142298.17422265105,
            "p25": -20.58916545492263,
            "p75": 0.0,
            "p95": 0.0,
            "zero_pct": 72.71505376344086,
            "total": -390961360.2548473
        },
        "reward_battery_cost": {
            "min": -0.11632050093459456,
            "max": -0.0,
            "mean": -0.006653857842967878,
            "median": 0.0,
            "std": 0.023231459197099086,
            "p5": -0.07727101451325182,
            "p25": -0.0,
            "p75": 0.0,
            "p95": 0.0,
            "zero_pct": 92.13709677419355,
            "total": -19.801880940672405
        },
        "reward_soc_reward": {
            "min": -0.10000000000000003,
            "max": 0.49979121077574057,
            "mean": -0.02863157960782892,
            "median": -0.05,
            "std": 0.09428744239278417,
            "p5": -0.10000000000000003,
            "p25": -0.05,
            "p75": -0.024999999999999994,
            "p95": 0.12749597581557973,
            "zero_pct": 0.0,
            "total": -85.20758091289639
        },
        "reward_shaping": {
            "min": -4.490682181512769,
            "max": 0.47878730168428074,
            "mean": 0.020973850692309857,
            "median": 0.025000000000000355,
            "std": 0.08412638518914138,
            "p5": -0.008313707333136106,
            "p25": 0.025000000000000355,
            "p75": 0.025000000000000355,
            "p95": 0.025000000000000355,
            "zero_pct": 0.0,
            "total": 62.41817966031085
        },
        "reward_arbitrage_bonus": {
            "min": 0.0,
            "max": 0.24556550197303295,
            "mean": 0.004270630840134497,
            "median": 0.0,
            "std": 0.0282343058577666,
            "p5": 0.0,
            "p25": 0.0,
            "p75": 0.0,
            "p95": 0.0,
            "zero_pct": 97.64784946236558,
            "total": 12.709397380240262
        },
        "reward_export_bonus": {
            "min": 0.0,
            "max": 1.33051051329525,
            "mean": 0.023799822315621645,
            "median": 0.0,
            "std": 0.10241313832892221,
            "p5": 0.0,
            "p25": 0.0,
            "p75": 0.0,
            "p95": 0.17556046038337494,
            "zero_pct": 89.38172043010752,
            "total": 70.82827121129
        },
        "reward_night_charging": {
            "min": 0,
            "max": 0,
            "mean": 0,
            "median": 0,
            "std": 0,
            "p5": 0,
            "p25": 0,
            "p75": 0,
            "p95": 0,
            "zero_pct": 100.0,
            "total": 0
        },
        "reward_action_mod_penalty": {
            "min": -0.1260543130338192,
            "max": -0.0,
            "mean": -0.08399211732584293,
            "median": -0.09069904871284962,
            "std": 0.028184573682754475,
            "p5": -0.11248794291168451,
            "p25": -0.10043123736977577,
            "p75": -0.07943370379507542,
            "p95": 0.0,
            "zero_pct": 7.862903225806452,
            "total": -249.96054116170853
        },
        "reward_morning_soc": {
            "min": 0,
            "max": 0,
            "mean": 0,
            "median": 0,
            "std": 0,
            "p5": 0,
            "p25": 0,
            "p75": 0,
            "p95": 0,
            "zero_pct": 100.0,
            "total": 0
        },
        "reward_night_peak_chain": {
            "min": 0,
            "max": 0,
            "mean": 0,
            "median": 0,
            "std": 0,
            "p5": 0,
            "p25": 0,
            "p75": 0,
            "p95": 0,
            "zero_pct": 100.0,
            "total": 0
        }
    }
}