{
    "total_reward": 443.7884139906749,
    "avg_battery_power": -0.078619500635395,
    "max_battery_power": 5.154840350151062,
    "peak_grid_import": 10.998589959905324,
    "peak_grid_export": 15.113122433700562,
    "export_energy_kwh": 2785.771929699111,
    "export_revenue": 0,
    "price_power_correlation": 0.35539580963312223,
    "avg_night_price": 18.116758333333312,
    "avg_day_price": 27.7534000000001,
    "night_charges_energy_kwh": 308.5667377595898,
    "day_charges_energy_kwh": 188.316747262895,
    "night_day_charge_ratio": 1.6385517605018034,
    "avg_soc": 0.6483432141765875,
    "min_soc": 0.1,
    "max_soc": 0.9,
    "pct_time_in_preferred_range": 46.666666666666664,
    "pct_time_at_high_soc": 43.541666666666664,
    "violation_percentage": 0.0,
    "top3_peaks": [
        6.9369210584342955,
        5.657327023761612,
        5.608934519424057
    ],
    "peak_rolling_average": 6.067727533873321,
    "current_capacity_fee": 493.0028621272073,
    "fixed_grid_fee_total": 730.0,
    "months_in_episode": 2,
    "peak_reduction_due_to_discount": 4.0616689014710285,
    "estimated_savings": 330.0105982445211,
    "night_peaks": 37,
    "day_peaks": 0,
    "actions_modified": 931,
    "pct_modified_actions": 32.32638888888889,
    "avg_action_delta": 0.37052282579350365,
    "max_action_delta": 0.9443126320838928,
    "reward_components": {
        "reward_grid_cost": -144.42878287747226,
        "reward_capacity_penalty": -387.9005100738277,
        "reward_battery_cost": -4209.701635884284,
        "reward_soc_reward": 416.33958247305054,
        "reward_shaping": 34.67888504431219,
        "reward_arbitrage_bonus": 740.8173936437425,
        "reward_export_bonus": 244.16495582781607,
        "reward_night_charging": 2468.5339020767183,
        "reward_action_mod_penalty": -678.8808128992645,
        "reward_solar_soc": 200.9351564012468,
        "reward_night_peak_chain": 527.745012889211
    },
    "reward_component_distributions": {
        "reward_grid_cost": {
            "min": -0.5550566936287925,
            "max": -0.0,
            "mean": -0.05014888294356678,
            "median": 0.0,
            "std": 0.09142300358464345,
            "p5": -0.2602178471401839,
            "p25": -0.0613444977607952,
            "p75": 0.0,
            "p95": 0.0,
            "zero_pct": 62.326388888888886,
            "total": -144.42878287747226
        },
        "reward_capacity_penalty": {
            "min": -5.998589959905324,
            "max": -0.0,
            "mean": -0.1346876771089679,
            "median": 0.0,
            "std": 0.6345384411146192,
            "p5": -0.7155765525102621,
            "p25": -0.0,
            "p75": 0.0,
            "p95": 0.0,
            "zero_pct": 92.1875,
            "total": -387.9005100738277
        },
        "reward_battery_cost": {
            "min": -6.104416204126259,
            "max": -0.0,
            "mean": -1.4617019569042649,
            "median": -0.9762576438094441,
            "std": 1.586663157129812,
            "p5": -4.671508152410388,
            "p25": -2.4754178843485484,
            "p75": -2.8171908871971186e-07,
            "p95": 0.0,
            "zero_pct": 18.958333333333332,
            "total": -4209.701635884284
        },
        "reward_soc_reward": {
            "min": -0.825,
            "max": 1.9987037033555626,
            "mean": 0.1445623550253642,
            "median": -0.03145762612925098,
            "std": 0.9225826095364148,
            "p5": -0.825,
            "p25": -0.8249944389367242,
            "p75": 0.953463777352203,
            "p95": 1.7939552910148961,
            "zero_pct": 0.0,
            "total": 416.33958247305054
        },
        "reward_shaping": {
            "min": -6.921786524154349,
            "max": 7.070609484910966,
            "mean": 0.012041279529275056,
            "median": 0.01120411969257297,
            "std": 1.0874686290748783,
            "p5": -0.2329734960486398,
            "p25": -0.048889432089499654,
            "p75": 0.07000000000000028,
            "p95": 0.19577721616458182,
            "zero_pct": 0.0,
            "total": 34.67888504431219
        },
        "reward_arbitrage_bonus": {
            "min": 0.0,
            "max": 2.465100884437561,
            "mean": 0.25722826168185503,
            "median": 0.0,
            "std": 0.5197190451990412,
            "p5": 0.0,
            "p25": 0.0,
            "p75": 0.2595124673098326,
            "p95": 1.5842195749282815,
            "zero_pct": 64.44444444444444,
            "total": 740.8173936437425
        },
        "reward_export_bonus": {
            "min": 0.0,
            "max": 0.4256938676496183,
            "mean": 0.08477949855132505,
            "median": 0.05402552533019503,
            "std": 0.09567240524306266,
            "p5": 0.0,
            "p25": 0.0,
            "p75": 0.14903236042179235,
            "p95": 0.27025761057480147,
            "zero_pct": 37.67361111111111,
            "total": 244.16495582781607
        },
        "reward_night_charging": {
            "min": 0.0,
            "max": 9.746752977371216,
            "mean": 0.8571298271099721,
            "median": 0.0,
            "std": 2.1302289374590266,
            "p5": 0.0,
            "p25": 0.0,
            "p75": 1.9539925233402755e-14,
            "p95": 6.472195535898208,
            "zero_pct": 74.89583333333333,
            "total": 2468.5339020767183
        },
        "reward_action_mod_penalty": {
            "min": -1.8886252641677856,
            "max": -0.0,
            "mean": -0.23572250447891116,
            "median": 0.0,
            "std": 0.4432404197319906,
            "p5": -1.349826526641843,
            "p25": -0.2987405657548572,
            "p75": 0.0,
            "p95": 0.0,
            "zero_pct": 67.67361111111111,
            "total": -678.8808128992645
        },
        "reward_morning_soc": {
            "min": 0,
            "max": 0,
            "mean": 0,
            "median": 0,
            "std": 0,
            "p5": 0,
            "p25": 0,
            "p75": 0,
            "p95": 0,
            "zero_pct": 100.0,
            "total": 0
        },
        "reward_night_peak_chain": {
            "min": 0.0,
            "max": 2.465100884437561,
            "mean": 0.1832447961420872,
            "median": 0.0,
            "std": 0.498198120809596,
            "p5": 0.0,
            "p25": 0.0,
            "p75": 0.0,
            "p95": 1.5842195749282815,
            "zero_pct": 84.13194444444444,
            "total": 527.745012889211
        }
    }
}