{
    "total_reward": 202.57463082570487,
    "avg_battery_power": -0.0968019037832339,
    "max_battery_power": 10.0,
    "peak_grid_import": 15.05861367559433,
    "peak_grid_export": 12.602133671150206,
    "export_energy_kwh": 1281.706990529557,
    "export_revenue": 0,
    "price_power_correlation": 0.18616080678881694,
    "avg_night_price": 34.81749193548385,
    "avg_day_price": 58.76215725806439,
    "night_charges_energy_kwh": 510.44110433970803,
    "day_charges_energy_kwh": 315.77241113516686,
    "night_day_charge_ratio": 1.6164841713205051,
    "avg_soc": 0.4158550691432424,
    "min_soc": 0.1,
    "max_soc": 0.9,
    "pct_time_in_preferred_range": 37.836021505376344,
    "pct_time_at_high_soc": 17.473118279569892,
    "violation_percentage": 0.0,
    "top3_peaks": [
        7.773,
        7.529306837797165,
        6.959818799734116
    ],
    "peak_rolling_average": 7.42070854584376,
    "current_capacity_fee": 602.9325693498055,
    "fixed_grid_fee_total": 730.0,
    "months_in_episode": 2,
    "peak_reduction_due_to_discount": 7.28561367559433,
    "estimated_savings": 591.9561111420394,
    "night_peaks": 24,
    "day_peaks": 0,
    "actions_modified": 1107,
    "pct_modified_actions": 37.19758064516129,
    "avg_action_delta": 0.5362487998467714,
    "max_action_delta": 1.0,
    "reward_components": {
        "reward_grid_cost": -2260.832981542742,
        "reward_capacity_penalty": -655.5565212217156,
        "reward_battery_cost": -3552.27772920684,
        "reward_soc_reward": 673.1523550556134,
        "reward_shaping": -0.902562382011821,
        "reward_arbitrage_bonus": 692.1307404118021,
        "reward_export_bonus": 133.92976058850658,
        "reward_night_charging": 2041.7644173588321,
        "reward_action_mod_penalty": -701.8207218433998,
        "reward_solar_soc": 202.68318499904126,
        "reward_night_peak_chain": 100.49106612030167
    },
    "reward_component_distributions": {
        "reward_grid_cost": {
            "min": -12.407050627244718,
            "max": -0.0,
            "mean": -0.7596885018624789,
            "median": -0.008259593255929438,
            "std": 1.3237206654463518,
            "p5": -3.2987591648437498,
            "p25": -1.2013068781547733,
            "p75": 0.0,
            "p95": 0.0,
            "zero_pct": 48.151881720430104,
            "total": -2260.832981542742
        },
        "reward_capacity_penalty": {
            "min": -5.029306837797165,
            "max": -0.0,
            "mean": -0.2202810891202,
            "median": 0.0,
            "std": 0.6689781575532806,
            "p5": -1.673668153986335,
            "p25": -0.0,
            "p75": 0.0,
            "p95": 0.0,
            "zero_pct": 82.96370967741935,
            "total": -655.5565212217156
        },
        "reward_battery_cost": {
            "min": -5.921052631578949,
            "max": -0.0,
            "mean": -1.1936417100829448,
            "median": -0.8789214944761051,
            "std": 1.299815412763748,
            "p5": -3.644670663695587,
            "p25": -2.0918310983106494,
            "p75": 0.0,
            "p95": 0.0,
            "zero_pct": 26.51209677419355,
            "total": -3552.27772920684
        },
        "reward_soc_reward": {
            "min": -0.4050000000000001,
            "max": 1.4953623393256419,
            "mean": 0.22619366769341814,
            "median": -0.03037827073476105,
            "std": 0.5135505251056408,
            "p5": -0.3824995459774616,
            "p25": -0.061421011568861456,
            "p75": 0.5128465028992143,
            "p95": 1.3209287802058338,
            "zero_pct": 0.0,
            "total": 673.1523550556134
        },
        "reward_shaping": {
            "min": -2.4850330518797854,
            "max": 2.219179091916843,
            "mean": -0.00030328037029961623,
            "median": 0.0020000000000000018,
            "std": 0.3827871868021555,
            "p5": -0.3594537067302384,
            "p25": -0.05846270823302005,
            "p75": 0.09233810689978898,
            "p95": 0.3124419571715042,
            "zero_pct": 0.0,
            "total": -0.902562382011821
        },
        "reward_arbitrage_bonus": {
            "min": 0.0,
            "max": 8.75,
            "mean": 0.2325708133104174,
            "median": 0.0,
            "std": 0.8598150547478725,
            "p5": 0.0,
            "p25": 0.0,
            "p75": 0.0,
            "p95": 1.25,
            "zero_pct": 79.06586021505376,
            "total": 692.1307404118021
        },
        "reward_export_bonus": {
            "min": 0.0,
            "max": 0.51826810067,
            "mean": 0.0450032797676433,
            "median": 0.0,
            "std": 0.07543559627033711,
            "p5": 0.0,
            "p25": 0.0,
            "p75": 0.06571273135218722,
            "p95": 0.19824246340216417,
            "zero_pct": 51.84811827956989,
            "total": 133.92976058850658
        },
        "reward_night_charging": {
            "min": 0.0,
            "max": 5.0,
            "mean": 0.6860767531447687,
            "median": 0.0,
            "std": 1.5137934682781313,
            "p5": 0.0,
            "p25": 0.0,
            "p75": 1.6853185513809876e-13,
            "p95": 4.848180264234543,
            "zero_pct": 74.66397849462365,
            "total": 2041.7644173588321
        },
        "reward_action_mod_penalty": {
            "min": -1.2000000000000002,
            "max": -0.0,
            "mean": -0.23582685545813162,
            "median": 0.0,
            "std": 0.3708362352428893,
            "p5": -1.068854973297325,
            "p25": -0.4349124133586884,
            "p75": 0.0,
            "p95": 0.0,
            "zero_pct": 62.80241935483871,
            "total": -701.8207218433998
        },
        "reward_morning_soc": {
            "min": 0,
            "max": 0,
            "mean": 0,
            "median": 0,
            "std": 0,
            "p5": 0,
            "p25": 0,
            "p75": 0,
            "p95": 0,
            "zero_pct": 100.0,
            "total": 0
        },
        "reward_night_peak_chain": {
            "min": 0.0,
            "max": 2.5,
            "mean": 0.03376715931461748,
            "median": 0.0,
            "std": 0.22486538461043878,
            "p5": 0.0,
            "p25": 0.0,
            "p75": 0.0,
            "p95": 0.0,
            "zero_pct": 97.31182795698925,
            "total": 100.49106612030167
        }
    }
}