{
    "total_reward": 203.36869593562943,
    "avg_battery_power": -0.049669358497269216,
    "max_battery_power": 5.227551460266113,
    "peak_grid_import": 15.557661568641663,
    "peak_grid_export": 5.230376441766113,
    "export_energy_kwh": 276.26742517768406,
    "export_revenue": 0,
    "price_power_correlation": 0.49430674979709327,
    "avg_night_price": 28.219979838709616,
    "avg_day_price": 76.8684173387098,
    "night_charges_energy_kwh": 408.2254147608092,
    "day_charges_energy_kwh": 55.87786242814691,
    "night_day_charge_ratio": 7.305673428108393,
    "avg_soc": 0.5782606876260131,
    "min_soc": 0.1,
    "max_soc": 0.9,
    "pct_time_in_preferred_range": 41.09543010752688,
    "pct_time_at_high_soc": 32.76209677419355,
    "violation_percentage": 0.0,
    "top3_peaks": [
        11.575704708099366,
        8.575697855949402,
        8.451000027401943
    ],
    "peak_rolling_average": 9.534134197150236,
    "current_capacity_fee": 774.6484035184567,
    "fixed_grid_fee_total": 730.0,
    "months_in_episode": 2,
    "peak_reduction_due_to_discount": 3.9819568605422972,
    "estimated_savings": 323.5339949190616,
    "night_peaks": 69,
    "day_peaks": 0,
    "actions_modified": 903,
    "pct_modified_actions": 30.34274193548387,
    "avg_action_delta": 0.3303745105800921,
    "max_action_delta": 0.8763185143470764,
    "reward_components": {
        "reward_grid_cost": -3942.9295656804234,
        "reward_capacity_penalty": -1262.4516409170512,
        "reward_battery_cost": -2003.690089255309,
        "reward_soc_reward": 309.4232401609535,
        "reward_shaping": -3.303445233019428,
        "reward_arbitrage_bonus": 1160.559142916091,
        "reward_export_bonus": 53.864535010971224,
        "reward_night_charging": 1632.9016590432368,
        "reward_action_mod_penalty": -354.4537985274601,
        "reward_solar_soc": 26.510960711166263,
        "reward_night_peak_chain": 253.67995871984618
    },
    "reward_component_distributions": {
        "reward_grid_cost": {
            "min": -6.772081965731584,
            "max": -0.0,
            "mean": -1.3249091282528325,
            "median": -1.0280660249999998,
            "std": 1.3648774755440645,
            "p5": -4.235330353125,
            "p25": -1.979487957210976,
            "p75": -0.044079684375,
            "p95": 0.0,
            "zero_pct": 22.177419354838708,
            "total": -3942.9295656804234
        },
        "reward_capacity_penalty": {
            "min": -5.2788307843208315,
            "max": -0.0,
            "mean": -0.4242109008457833,
            "median": 0.0,
            "std": 0.9879882785883486,
            "p5": -2.8988029962182047,
            "p25": -0.10212742063403102,
            "p75": 0.0,
            "p95": 0.0,
            "zero_pct": 73.25268817204301,
            "total": -1262.4516409170512
        },
        "reward_battery_cost": {
            "min": -3.0952607330523048,
            "max": -0.0,
            "mean": -0.6732829600992314,
            "median": -0.4769686565268785,
            "std": 0.6748123683267088,
            "p5": -1.8187899151816964,
            "p25": -1.2448634172569177,
            "p75": -6.300271056021434e-06,
            "p95": 0.0,
            "zero_pct": 18.918010752688172,
            "total": -2003.690089255309
        },
        "reward_soc_reward": {
            "min": -0.42750000000000005,
            "max": 0.9989097587514714,
            "mean": 0.10397286295730891,
            "median": -0.02376957392536151,
            "std": 0.40196504915458703,
            "p5": -0.38250000000000006,
            "p25": -0.1993503366262675,
            "p75": 0.40192312715295186,
            "p95": 0.8793979197708812,
            "zero_pct": 0.0,
            "total": 309.4232401609535
        },
        "reward_shaping": {
            "min": -1.6991908360687638,
            "max": 1.7077005226530813,
            "mean": -0.0011100286401274537,
            "median": 0.0020000000000000018,
            "std": 0.276278112587845,
            "p5": -0.18325614561302436,
            "p25": -0.04392292253373134,
            "p75": 0.050503347602041324,
            "p95": 0.16337553480161485,
            "zero_pct": 0.0,
            "total": -3.303445233019428
        },
        "reward_arbitrage_bonus": {
            "min": 0.0,
            "max": 5.227551460266113,
            "mean": 0.3899728302809446,
            "median": 0.0,
            "std": 0.8479786990586399,
            "p5": 0.0,
            "p25": 0.0,
            "p75": 0.29382371809333563,
            "p95": 2.5069643557071686,
            "zero_pct": 66.02822580645162,
            "total": 1160.559142916091
        },
        "reward_export_bonus": {
            "min": 0.0,
            "max": 0.5138583335213118,
            "mean": 0.018099642140783335,
            "median": 0.0,
            "std": 0.04888408599959461,
            "p5": 0.0,
            "p25": 0.0,
            "p75": 0.0,
            "p95": 0.1218301428726645,
            "zero_pct": 77.82258064516128,
            "total": 53.864535010971224
        },
        "reward_night_charging": {
            "min": 0.0,
            "max": 3.7914124131202698,
            "mean": 0.5486900736032383,
            "median": 0.0,
            "std": 1.1084024855833512,
            "p5": 0.0,
            "p25": 0.0,
            "p75": 2.1471753414381567e-05,
            "p95": 3.1643885374069214,
            "zero_pct": 71.13575268817203,
            "total": 1632.9016590432368
        },
        "reward_action_mod_penalty": {
            "min": -1.0515822172164917,
            "max": -0.0,
            "mean": -0.11910409896756045,
            "median": 0.0,
            "std": 0.24110292628628735,
            "p5": -0.7575904369354248,
            "p25": -0.0882786982424569,
            "p75": 0.0,
            "p95": 0.0,
            "zero_pct": 69.65725806451613,
            "total": -354.4537985274601
        },
        "reward_morning_soc": {
            "min": 0,
            "max": 0,
            "mean": 0,
            "median": 0,
            "std": 0,
            "p5": 0,
            "p25": 0,
            "p75": 0,
            "p95": 0,
            "zero_pct": 100.0,
            "total": 0
        },
        "reward_night_peak_chain": {
            "min": 0.0,
            "max": 1.3068878650665283,
            "mean": 0.08524192161285155,
            "median": 0.0,
            "std": 0.2118362473773453,
            "p5": 0.0,
            "p25": 0.0,
            "p75": 0.0,
            "p95": 0.6259922683238983,
            "zero_pct": 80.57795698924731,
            "total": 253.67995871984618
        }
    }
}