{
    "mae": 21.49304914060288,
    "rmse": 36.28538004650188,
    "mape": 1815.7057792094652
}