{
    "total_reward": -141.63656691540072,
    "avg_battery_power": 0.01090888834458319,
    "max_battery_power": 0.3138868883252144,
    "peak_grid_import": 10.08487453625,
    "peak_grid_export": 8.604769000000001,
    "export_energy_kwh": 655.7506353291194,
    "export_revenue": 0,
    "price_power_correlation": -0.052051046387283174,
    "avg_night_price": 51.704693548387134,
    "avg_day_price": 63.98262096774203,
    "night_charges_energy_kwh": 2.175343437847914,
    "day_charges_energy_kwh": 0.36510129357338883,
    "night_day_charge_ratio": 5.958191537907136,
    "avg_soc": 0.11757541483229463,
    "min_soc": 0.1,
    "max_soc": 0.5140900452825009,
    "pct_time_in_preferred_range": 4.737903225806452,
    "pct_time_at_high_soc": 0.0,
    "violation_percentage": 0.0,
    "top3_peaks": [
        10.08487453625,
        9.18,
        8.727
    ],
    "peak_rolling_average": 9.330624845416667,
    "current_capacity_fee": 758.1132686901042,
    "fixed_grid_fee_total": 730.0,
    "months_in_episode": 2,
    "peak_reduction_due_to_discount": 0.0,
    "estimated_savings": 0,
    "night_peaks": 70,
    "day_peaks": 48,
    "actions_modified": 2373,
    "pct_modified_actions": 79.73790322580645,
    "avg_action_delta": 0.02053221571834277,
    "max_action_delta": 0.06985360383987427,
    "reward_components": {
        "reward_grid_cost": -996.1885827073686,
        "reward_capacity_penalty": -473.4983254399541,
        "reward_battery_cost": -30.669652965550085,
        "reward_soc_reward": 2.482091315721891,
        "reward_shaping": 23.210923122735156,
        "reward_arbitrage_bonus": 4.823254207741757,
        "reward_export_bonus": 308.9309287315885,
        "reward_night_charging": 8.701373751391657,
        "reward_action_mod_penalty": -58.39963300090499,
        "reward_solar_soc": 0.0,
        "reward_night_peak_chain": 0.0
    },
    "reward_component_distributions": {
        "reward_grid_cost": {
            "min": -1.5191535150000002,
            "max": -0.0,
            "mean": -0.3347407872000574,
            "median": -0.2524951471188795,
            "std": 0.33969426660981666,
            "p5": -1.03974669,
            "p25": -0.5131882875,
            "p75": 0.0,
            "p95": 0.0,
            "zero_pct": 28.225806451612907,
            "total": -996.1885827073686
        },
        "reward_capacity_penalty": {
            "min": -2.542437268125,
            "max": -0.0,
            "mean": -0.15910562010751128,
            "median": 0.0,
            "std": 0.446619700742327,
            "p5": -1.5025000000000004,
            "p25": -0.0,
            "p75": 0.0,
            "p95": 0.0,
            "zero_pct": 85.85349462365592,
            "total": -473.4983254399541
        },
        "reward_battery_cost": {
            "min": -0.1858540786136138,
            "max": -0.0,
            "mean": -0.010305662958854194,
            "median": 0.0,
            "std": 0.030963941723869147,
            "p5": -0.1006423881718595,
            "p25": -0.0,
            "p75": 0.0,
            "p95": 0.0,
            "zero_pct": 78.86424731182797,
            "total": -30.669652965550085
        },
        "reward_soc_reward": {
            "min": -0.06000000000000001,
            "max": 1.4915425380544365,
            "mean": 0.000834036060391914,
            "median": -0.04,
            "std": 0.2076824964864616,
            "p5": -0.06000000000000001,
            "p25": -0.04,
            "p75": -0.039720636437996296,
            "p95": -0.005514813676377498,
            "zero_pct": 0.0,
            "total": 2.482091315721891
        },
        "reward_shaping": {
            "min": -1.5077015220370693,
            "max": 1.5131441582574254,
            "mean": 0.007799369328875883,
            "median": 0.010000000000000009,
            "std": 0.2133270246473142,
            "p5": -0.01063775211861714,
            "p25": 0.010000000000000009,
            "p75": 0.010000000000000009,
            "p95": 0.010000000000000009,
            "zero_pct": 0.0,
            "total": 23.210923122735156
        },
        "reward_arbitrage_bonus": {
            "min": 0.0,
            "max": 0.1853573857806623,
            "mean": 0.0016207171396981708,
            "median": 0.0,
            "std": 0.009937310721290981,
            "p5": 0.0,
            "p25": 0.0,
            "p75": 0.0,
            "p95": 0.004989135777577758,
            "zero_pct": 93.95161290322581,
            "total": 4.823254207741757
        },
        "reward_export_bonus": {
            "min": 0.0,
            "max": 1.0729560324112501,
            "mean": 0.10380743572970036,
            "median": 0.0,
            "std": 0.22109309289378423,
            "p5": 0.0,
            "p25": 0.0,
            "p75": 0.05208806838705625,
            "p95": 0.6726953194358251,
            "zero_pct": 71.7741935483871,
            "total": 308.9309287315885
        },
        "reward_night_charging": {
            "min": 0.0,
            "max": 0.20126454532146454,
            "mean": 0.002923848706784831,
            "median": 0.0,
            "std": 0.015054809059182906,
            "p5": 0.0,
            "p25": 0.0,
            "p75": 0.0,
            "p95": 0.009978271555155516,
            "zero_pct": 91.76747311827957,
            "total": 8.701373751391657
        },
        "reward_action_mod_penalty": {
            "min": -0.08382432460784912,
            "max": -0.0,
            "mean": -0.01962353259439012,
            "median": -0.020653819665312767,
            "std": 0.015895506899460184,
            "p5": -0.04693221040070057,
            "p25": -0.02975536733865738,
            "p75": -0.003352858079597354,
            "p95": 0.0,
            "zero_pct": 20.262096774193548,
            "total": -58.39963300090499
        },
        "reward_morning_soc": {
            "min": 0,
            "max": 0,
            "mean": 0,
            "median": 0,
            "std": 0,
            "p5": 0,
            "p25": 0,
            "p75": 0,
            "p95": 0,
            "zero_pct": 100.0,
            "total": 0
        },
        "reward_night_peak_chain": {
            "min": 0,
            "max": 0,
            "mean": 0,
            "median": 0,
            "std": 0,
            "p5": 0,
            "p25": 0,
            "p75": 0,
            "p95": 0,
            "zero_pct": 100.0,
            "total": 0
        }
    }
}