{
    "total_reward": -103.66890265741644,
    "avg_battery_power": -0.0011031304647835646,
    "max_battery_power": 1.754804402589798,
    "peak_grid_import": 13.04706221601367,
    "peak_grid_export": 4.366776475,
    "export_energy_kwh": 215.61938777156024,
    "export_revenue": 329.25232764167095,
    "price_power_correlation": 0.31328377103996846,
    "avg_night_price": 48.77523214285708,
    "avg_day_price": 88.0496473214284,
    "night_charges_energy_kwh": 40.862229047343135,
    "day_charges_energy_kwh": 54.405038949334994,
    "night_day_charge_ratio": 0.7510743459883619,
    "avg_soc": 0.17995091448296632,
    "min_soc": 0.1,
    "max_soc": 0.5969648229656741,
    "pct_time_in_preferred_range": 8.333333333333332,
    "pct_time_at_high_soc": 0.0,
    "violation_percentage": 0.0,
    "top3_peaks": [
        10.9,
        10.576394425928592,
        10.38464197063446
    ],
    "peak_rolling_average": 10.620345465521018,
    "current_capacity_fee": 862.9030690735826,
    "fixed_grid_fee_total": 730.0,
    "months_in_episode": 2,
    "peak_reduction_due_to_discount": 2.147062216013669,
    "estimated_savings": 174.4488050511106,
    "night_peaks": 76,
    "day_peaks": 6,
    "actions_modified": 448,
    "pct_modified_actions": 16.666666666666664,
    "avg_action_delta": 0.07107384015691301,
    "max_action_delta": 0.17668960988521576,
    "reward_components": {
        "reward_grid_cost": -969.8213545511949,
        "reward_capacity_penalty": -822.4068704968332,
        "reward_battery_cost": -427.51106926897666,
        "reward_soc_reward": -13.439241463623745,
        "reward_shaping": 3.651540820235234,
        "reward_arbitrage_bonus": 218.44299115918994,
        "reward_export_bonus": 131.70093105666837,
        "reward_night_charging": 163.44891618937254,
        "reward_action_mod_penalty": -37.741590401834365,
        "reward_solar_soc": 0.0,
        "reward_night_peak_chain": 0.0
    },
    "reward_component_distributions": {
        "reward_grid_cost": {
            "min": -2.6622525109364794,
            "max": -0.0,
            "mean": -0.3607966348776766,
            "median": -0.229161459185757,
            "std": 0.43002717632581566,
            "p5": -1.2469013359485328,
            "p25": -0.5433377029077755,
            "p75": 0.0,
            "p95": -0.0,
            "zero_pct": 27.34375,
            "total": -969.8213545511949
        },
        "reward_capacity_penalty": {
            "min": -4.023531108006835,
            "max": -0.0,
            "mean": -0.30595493694078657,
            "median": 0.0,
            "std": 0.7530662671898308,
            "p5": -2.4099357575913896,
            "p25": -0.0,
            "p75": 0.0,
            "p95": -0.0,
            "zero_pct": 77.67857142857143,
            "total": -822.4068704968332
        },
        "reward_battery_cost": {
            "min": -1.0390289225860647,
            "max": -0.0,
            "mean": -0.1590442966030418,
            "median": -0.10968928289366886,
            "std": 0.1768087177013199,
            "p5": -0.5271809469712408,
            "p25": -0.22822034107000372,
            "p75": -0.02980077041866025,
            "p95": -0.0,
            "zero_pct": 15.401785714285715,
            "total": -427.51106926897666
        },
        "reward_soc_reward": {
            "min": -0.06999999999999999,
            "max": 1.4746781724539502,
            "mean": -0.004999717806407632,
            "median": -0.04,
            "std": 0.18810048977051852,
            "p5": -0.06782164117526351,
            "p25": -0.052528157872319146,
            "p75": -0.029146890028908454,
            "p95": 0.07201797744923166,
            "zero_pct": 0.0,
            "total": -13.439241463623745
        },
        "reward_shaping": {
            "min": -1.532883570417405,
            "max": 1.522367143476255,
            "mean": 0.0013584601265756243,
            "median": 0.007108846078943708,
            "std": 0.24017885792601046,
            "p5": -0.04565889097779706,
            "p25": -0.002409567441001223,
            "p75": 0.010929207861869725,
            "p95": 0.029573206030208066,
            "zero_pct": 0.0,
            "total": 3.651540820235234
        },
        "reward_arbitrage_bonus": {
            "min": 0.0,
            "max": 1.5354538522660732,
            "mean": 0.0812659937348177,
            "median": 0.0,
            "std": 0.2196920858400384,
            "p5": 0.0,
            "p25": 0.0,
            "p75": 0.029925821581855416,
            "p95": 0.5788024598732592,
            "zero_pct": 72.13541666666666,
            "total": 218.44299115918994
        },
        "reward_export_bonus": {
            "min": 0.0,
            "max": 0.891403182171175,
            "mean": 0.048995882089534384,
            "median": 0.0,
            "std": 0.11767328706957302,
            "p5": 0.0,
            "p25": 0.0,
            "p75": 0.015058889588704568,
            "p95": 0.3122914563466,
            "zero_pct": 72.65625,
            "total": 131.70093105666837
        },
        "reward_night_charging": {
            "min": 0.0,
            "max": 0.7280687987804413,
            "mean": 0.060806888463308235,
            "median": 0.0,
            "std": 0.13253010932987053,
            "p5": 0.0,
            "p25": 0.0,
            "p75": 0.0,
            "p95": 0.4053189251571897,
            "zero_pct": 75.22321428571429,
            "total": 163.44891618937254
        },
        "reward_action_mod_penalty": {
            "min": -0.21202753186225892,
            "max": -0.0,
            "mean": -0.014040770238777669,
            "median": 0.0,
            "std": 0.039112450299960154,
            "p5": -0.11413344472646715,
            "p25": -0.0,
            "p75": 0.0,
            "p95": -0.0,
            "zero_pct": 83.33333333333334,
            "total": -37.741590401834365
        },
        "reward_morning_soc": {
            "min": 0,
            "max": 0,
            "mean": 0,
            "median": 0,
            "std": 0,
            "p5": 0,
            "p25": 0,
            "p75": 0,
            "p95": 0,
            "zero_pct": 100.0,
            "total": 0
        },
        "reward_night_peak_chain": {
            "min": 0,
            "max": 0,
            "mean": 0,
            "median": 0,
            "std": 0,
            "p5": 0,
            "p25": 0,
            "p75": 0,
            "p95": 0,
            "zero_pct": 100.0,
            "total": 0
        }
    }
}