{
    "total_reward": 377.39535752579854,
    "avg_battery_power": -0.030705957037268063,
    "max_battery_power": 5.557146668434143,
    "peak_grid_import": 12.843759509325027,
    "peak_grid_export": 9.356914561937714,
    "export_energy_kwh": 1174.9147922362401,
    "export_revenue": 0,
    "price_power_correlation": 0.34940938419986944,
    "avg_night_price": 34.81749193548385,
    "avg_day_price": 58.76215725806439,
    "night_charges_energy_kwh": 199.55449330535203,
    "day_charges_energy_kwh": 120.10543896545055,
    "night_day_charge_ratio": 1.6614942256091811,
    "avg_soc": 0.490273850344986,
    "min_soc": 0.1,
    "max_soc": 0.9,
    "pct_time_in_preferred_range": 40.42338709677419,
    "pct_time_at_high_soc": 29.133064516129032,
    "violation_percentage": 0.0,
    "top3_peaks": [
        7.604,
        7.539443324727188,
        6.4218797546625135
    ],
    "peak_rolling_average": 7.1884410264632335,
    "current_capacity_fee": 584.0608334001378,
    "fixed_grid_fee_total": 730.0,
    "months_in_episode": 2,
    "peak_reduction_due_to_discount": 5.239759509325027,
    "estimated_savings": 425.73046013265844,
    "night_peaks": 16,
    "day_peaks": 0,
    "actions_modified": 1041,
    "pct_modified_actions": 34.979838709677416,
    "avg_action_delta": 0.28382180337977236,
    "max_action_delta": 1.0,
    "reward_components": {
        "reward_grid_cost": -1107.0977363855905,
        "reward_capacity_penalty": -439.23347110831565,
        "reward_battery_cost": -1386.2552899961236,
        "reward_soc_reward": 341.53986471408086,
        "reward_shaping": 0.8999439052794468,
        "reward_arbitrage_bonus": 954.6056945422511,
        "reward_export_bonus": 293.1043392795195,
        "reward_night_charging": 798.2179732214081,
        "reward_action_mod_penalty": -351.68595081259014,
        "reward_solar_soc": 106.59310560673475,
        "reward_night_peak_chain": 0.0
    },
    "reward_component_distributions": {
        "reward_grid_cost": {
            "min": -5.38556216,
            "max": -0.0,
            "mean": -0.3720086479790298,
            "median": 0.0,
            "std": 0.6584567074414978,
            "p5": -1.6485216791032271,
            "p25": -0.5379920712444448,
            "p75": 0.0,
            "p95": 0.0,
            "zero_pct": 50.30241935483871,
            "total": -1107.0977363855905
        },
        "reward_capacity_penalty": {
            "min": -3.9218797546625135,
            "max": -0.0,
            "mean": -0.1475918921734932,
            "median": 0.0,
            "std": 0.4626214748254308,
            "p5": -1.1115644192397593,
            "p25": -0.0,
            "p75": 0.0,
            "p95": 0.0,
            "zero_pct": 86.12231182795699,
            "total": -439.23347110831565
        },
        "reward_battery_cost": {
            "min": -3.2904157905202163,
            "max": -0.0,
            "mean": -0.46581158938041795,
            "median": -0.25141818546935135,
            "std": 0.5812722824707408,
            "p5": -1.6246000978311426,
            "p25": -0.7352474942607315,
            "p75": 0.0,
            "p95": 0.0,
            "zero_pct": 26.377688172043012,
            "total": -1386.2552899961236
        },
        "reward_soc_reward": {
            "min": -0.3960000000000001,
            "max": 1.1996259018683728,
            "mean": 0.11476473948725822,
            "median": -0.026573925432714328,
            "std": 0.41210735639669616,
            "p5": -0.3959999999796472,
            "p25": -0.075,
            "p75": 0.3438077394247707,
            "p95": 0.9849660414158544,
            "zero_pct": 0.0,
            "total": 341.53986471408086
        },
        "reward_shaping": {
            "min": -1.7907072775963122,
            "max": 2.1615713147660762,
            "mean": 0.0003024005058062757,
            "median": 0.0020000000000000018,
            "std": 0.2821841263670155,
            "p5": -0.17648470563280672,
            "p25": -0.022374670575406652,
            "p75": 0.02838376038144097,
            "p95": 0.15601879636856453,
            "zero_pct": 0.0,
            "total": 0.8999439052794468
        },
        "reward_arbitrage_bonus": {
            "min": 0.0,
            "max": 5.194302201271057,
            "mean": 0.3207680425209177,
            "median": 0.0,
            "std": 0.7671642432726994,
            "p5": 0.0,
            "p25": 0.0,
            "p75": 0.0013422786349057136,
            "p95": 2.0566044189035892,
            "zero_pct": 70.59811827956989,
            "total": 954.6056945422511
        },
        "reward_export_bonus": {
            "min": 0.0,
            "max": 0.8098105211165391,
            "mean": 0.09848936131704272,
            "median": 0.003133085205288888,
            "std": 0.14334756331910012,
            "p5": 0.0,
            "p25": 0.0,
            "p75": 0.17183546466356364,
            "p95": 0.36610032823505817,
            "zero_pct": 49.69758064516129,
            "total": 293.1043392795195
        },
        "reward_night_charging": {
            "min": 0.0,
            "max": 4.993875622749329,
            "mean": 0.26821840498031185,
            "median": 0.0,
            "std": 0.6752569622064039,
            "p5": 0.0,
            "p25": 0.0,
            "p75": 0.0,
            "p95": 1.8987106159329414,
            "zero_pct": 75.73924731182797,
            "total": 798.2179732214081
        },
        "reward_action_mod_penalty": {
            "min": -1.2000000000000002,
            "max": -0.0,
            "mean": -0.11817404261175732,
            "median": 0.0,
            "std": 0.23517647963923283,
            "p5": -0.6486205101013184,
            "p25": -0.1255283609032631,
            "p75": 0.0,
            "p95": 0.0,
            "zero_pct": 65.02016129032258,
            "total": -351.68595081259014
        },
        "reward_morning_soc": {
            "min": 0,
            "max": 0,
            "mean": 0,
            "median": 0,
            "std": 0,
            "p5": 0,
            "p25": 0,
            "p75": 0,
            "p95": 0,
            "zero_pct": 100.0,
            "total": 0
        },
        "reward_night_peak_chain": {
            "min": 0,
            "max": 0,
            "mean": 0,
            "median": 0,
            "std": 0,
            "p5": 0,
            "p25": 0,
            "p75": 0,
            "p95": 0,
            "zero_pct": 100.0,
            "total": 0
        }
    }
}