{
    "total_reward": -1712.827944104519,
    "avg_battery_power": -0.013631514271204674,
    "max_battery_power": 1.061018854379654,
    "peak_grid_import": 11.989,
    "peak_grid_export": 11.2995075,
    "export_energy_kwh": 1551.818057751659,
    "export_revenue": 0,
    "price_power_correlation": 0.15854416785442887,
    "avg_night_price": 33.81838333333334,
    "avg_day_price": 39.369108333333514,
    "night_charges_energy_kwh": 4.165952274697486,
    "day_charges_energy_kwh": 10.753947984455186,
    "night_day_charge_ratio": 0.3873881741588636,
    "avg_soc": 0.8926785910420536,
    "min_soc": 0.5072625618935986,
    "max_soc": 0.9,
    "pct_time_in_preferred_range": 3.5416666666666665,
    "pct_time_at_high_soc": 97.70833333333333,
    "violation_percentage": 0.0,
    "top3_peaks": [
        5.9945,
        5.9945,
        5.9945
    ],
    "peak_rolling_average": 5.9944999999999995,
    "current_capacity_fee": 487.05312499999997,
    "fixed_grid_fee_total": 730.0,
    "months_in_episode": 2,
    "peak_reduction_due_to_discount": 5.9945,
    "estimated_savings": 487.053125,
    "night_peaks": 48,
    "day_peaks": 0,
    "actions_modified": 2600,
    "pct_modified_actions": 90.27777777777779,
    "avg_action_delta": 0.07298468841794002,
    "max_action_delta": 0.17450761795043945,
    "reward_components": {
        "reward_grid_cost": -1069.4885442198256,
        "reward_capacity_penalty": -522.2587633399997,
        "reward_battery_cost": -263.89544164726595,
        "reward_soc_reward": -4151.697335486998,
        "reward_shaping": 332.23636455103673,
        "reward_arbitrage_bonus": 0.0,
        "reward_export_bonus": 1286.909262124106,
        "reward_night_charging": 83.31904549394963,
        "reward_action_mod_penalty": -5606.789385381291,
        "reward_morning_soc": -1610.583438852564,
        "reward_night_peak_chain": 67.32541462406516
    },
    "reward_component_distributions": {
        "reward_grid_cost": {
            "min": -4.65233145,
            "max": -0.0,
            "mean": -0.37135018896521743,
            "median": 0.0,
            "std": 0.8429316348077394,
            "p5": -2.475772477573581,
            "p25": -0.2967660852629911,
            "p75": 0.0,
            "p95": 0.0,
            "zero_pct": 53.43750000000001,
            "total": -1069.4885442198256
        },
        "reward_capacity_penalty": {
            "min": -6.989000000000001,
            "max": -0.0,
            "mean": -0.18133984838194447,
            "median": 0.0,
            "std": 0.8533101653680546,
            "p5": -1.0960499999999989,
            "p25": -0.0,
            "p75": 0.0,
            "p95": 0.0,
            "zero_pct": 93.88888888888889,
            "total": -522.2587633399997
        },
        "reward_battery_cost": {
            "min": -3.769409087927718,
            "max": -0.0,
            "mean": -0.09163036168307849,
            "median": 0.0,
            "std": 0.35636702621475264,
            "p5": -0.7488344192854125,
            "p25": -0.0,
            "p75": 0.0,
            "p95": 0.0,
            "zero_pct": 83.19444444444444,
            "total": -263.89544164726595
        },
        "reward_soc_reward": {
            "min": -1.5750000000000002,
            "max": 4.896249115805734,
            "mean": -1.4415615748219408,
            "median": -1.5750000000000002,
            "std": 0.718590204349512,
            "p5": -1.5750000000000002,
            "p25": -1.5750000000000002,
            "p75": -1.5750000000000002,
            "p95": -1.4366069365806597,
            "zero_pct": 0.0,
            "total": -4151.697335486998
        },
        "reward_shaping": {
            "min": -6.360000000000026,
            "max": 6.602192230184684,
            "mean": 0.1153598488024504,
            "median": 0.14000000000000057,
            "std": 0.7333456270651335,
            "p5": -0.017514934218161405,
            "p25": 0.14000000000000057,
            "p75": 0.14000000000000057,
            "p95": 0.14000000000000057,
            "zero_pct": 0.0,
            "total": 332.23636455103673
        },
        "reward_arbitrage_bonus": {
            "min": 0,
            "max": 0,
            "mean": 0,
            "median": 0,
            "std": 0,
            "p5": 0,
            "p25": 0,
            "p75": 0,
            "p95": 0,
            "zero_pct": 100.0,
            "total": 0
        },
        "reward_export_bonus": {
            "min": 0.0,
            "max": 3.7346977733812503,
            "mean": 0.4468434937930921,
            "median": 0.0436868373095,
            "std": 0.6298186803793903,
            "p5": 0.0,
            "p25": 0.0,
            "p75": 0.7718308179425,
            "p95": 1.6554947905625,
            "zero_pct": 46.5625,
            "total": 1286.909262124106
        },
        "reward_night_charging": {
            "min": 0.0,
            "max": 3.5118266940116882,
            "mean": 0.028930224129843637,
            "median": 0.0,
            "std": 0.2513191480843699,
            "p5": 0.0,
            "p25": 0.0,
            "p75": 0.0,
            "p95": 0.0,
            "zero_pct": 96.25,
            "total": 83.31904549394963
        },
        "reward_action_mod_penalty": {
            "min": -5.235228538513184,
            "max": -0.0,
            "mean": -1.9468018699240601,
            "median": -1.9152279925949296,
            "std": 1.2073460072448288,
            "p5": -4.034595027565956,
            "p25": -2.810650058090687,
            "p75": -1.095271222009496,
            "p95": 0.0,
            "zero_pct": 9.722222222222223,
            "total": -5606.789385381291
        },
        "reward_morning_soc": {
            "min": -4.55,
            "max": 0.0,
            "mean": -0.5592303607126992,
            "median": 0.0,
            "std": 1.4848048554623987,
            "p5": -4.55,
            "p25": 0.0,
            "p75": 0.0,
            "p95": 0.0,
            "zero_pct": 87.5,
            "total": -1610.583438852564
        },
        "reward_night_peak_chain": {
            "min": 0.0,
            "max": 6.631367839872837,
            "mean": 0.023376880077800404,
            "median": 0.0,
            "std": 0.3151715145974531,
            "p5": 0.0,
            "p25": 0.0,
            "p75": 0.0,
            "p95": 0.0,
            "zero_pct": 99.30555555555556,
            "total": 67.32541462406516
        }
    }
}