{
    "total_reward": -73.80346565732432,
    "avg_battery_power": -0.01173896618235799,
    "max_battery_power": 4.67692494392395,
    "peak_grid_import": 12.848486547976732,
    "peak_grid_export": 5.629330763937379,
    "export_energy_kwh": 222.45166005428817,
    "export_revenue": 359.7867345873959,
    "price_power_correlation": 0.2745618317435521,
    "avg_night_price": 48.77523214285708,
    "avg_day_price": 88.0496473214284,
    "night_charges_energy_kwh": 55.38834192942154,
    "day_charges_energy_kwh": 105.75299524546199,
    "night_day_charge_ratio": 0.5237519920911965,
    "avg_soc": 0.4480361920950934,
    "min_soc": 0.1,
    "max_soc": 0.9,
    "pct_time_in_preferred_range": 46.83779761904761,
    "pct_time_at_high_soc": 16.44345238095238,
    "violation_percentage": 0.0,
    "top3_peaks": [
        10.524378755688668,
        10.018996178299188,
        9.83396675646305
    ],
    "peak_rolling_average": 10.125780563483636,
    "current_capacity_fee": 822.7196707830453,
    "fixed_grid_fee_total": 730.0,
    "months_in_episode": 2,
    "peak_reduction_due_to_discount": 2.324107792288064,
    "estimated_savings": 188.8337581234052,
    "night_peaks": 68,
    "day_peaks": 4,
    "actions_modified": 481,
    "pct_modified_actions": 17.894345238095237,
    "avg_action_delta": 0.10141940883981845,
    "max_action_delta": 0.46955549716949463,
    "reward_components": {
        "reward_grid_cost": -976.2783890142853,
        "reward_capacity_penalty": -791.5554947513937,
        "reward_battery_cost": -707.4066521858,
        "reward_soc_reward": 769.0697644083061,
        "reward_shaping": 4.719297308128629,
        "reward_arbitrage_bonus": 330.8687633472207,
        "reward_export_bonus": 143.91469383495837,
        "reward_night_charging": 221.55336771768617,
        "reward_action_mod_penalty": -57.659878782696275,
        "reward_solar_soc": 23.27919349540025,
        "reward_night_peak_chain": 0.0
    },
    "reward_component_distributions": {
        "reward_grid_cost": {
            "min": -2.6229235822626995,
            "max": -0.0,
            "mean": -0.36319880543686195,
            "median": -0.24140380074567708,
            "std": 0.42082289659009986,
            "p5": -1.2132028675,
            "p25": -0.5775082661806221,
            "p75": -0.0020611178242377686,
            "p95": -0.0,
            "zero_pct": 24.590773809523807,
            "total": -976.2783890142853
        },
        "reward_capacity_penalty": {
            "min": -3.924243273988366,
            "max": -0.0,
            "mean": -0.29447749060691775,
            "median": 0.0,
            "std": 0.7228785235767836,
            "p5": -2.1986317413151264,
            "p25": -0.0,
            "p75": 0.0,
            "p95": -0.0,
            "zero_pct": 77.67857142857143,
            "total": -791.5554947513937
        },
        "reward_battery_cost": {
            "min": -2.7692318746918128,
            "max": -0.0,
            "mean": -0.26317211762864606,
            "median": -0.15170824440428987,
            "std": 0.3370696792312581,
            "p5": -0.8816791953224886,
            "p25": -0.36995940547632544,
            "p75": -0.03349489995162003,
            "p95": -0.0,
            "zero_pct": 14.285714285714285,
            "total": -707.4066521858
        },
        "reward_soc_reward": {
            "min": -0.36000000000000004,
            "max": 1.4986439672802665,
            "mean": 0.28611226354475805,
            "median": -0.018955149366414507,
            "std": 0.5445333684569896,
            "p5": -0.33,
            "p25": -0.05385863346607216,
            "p75": 0.7402204857162807,
            "p95": 1.3743013071466976,
            "zero_pct": 0.0,
            "total": 769.0697644083061
        },
        "reward_shaping": {
            "min": -1.627149393673883,
            "max": 1.6498425482021004,
            "mean": 0.0017556909628454857,
            "median": 0.007924231932636083,
            "std": 0.20606823769142357,
            "p5": -0.07624895136735897,
            "p25": -0.012385331995791615,
            "p75": 0.013936251392517446,
            "p95": 0.06194144126491178,
            "zero_pct": 0.0,
            "total": 4.719297308128629
        },
        "reward_arbitrage_bonus": {
            "min": 0.0,
            "max": 4.092309325933456,
            "mean": 0.12309105779286485,
            "median": 0.0,
            "std": 0.39875541192499514,
            "p5": 0.0,
            "p25": 0.0,
            "p75": 9.969576264534652e-08,
            "p95": 0.7073874860873329,
            "zero_pct": 73.92113095238095,
            "total": 330.8687633472207
        },
        "reward_export_bonus": {
            "min": 0.0,
            "max": 1.62381759447428,
            "mean": 0.053539692646933916,
            "median": 0.0,
            "std": 0.14377584461595758,
            "p5": 0.0,
            "p25": 0.0,
            "p75": 0.0,
            "p95": 0.3645238270756771,
            "zero_pct": 75.40922619047619,
            "total": 143.91469383495837
        },
        "reward_night_charging": {
            "min": 0.0,
            "max": 2.5952738523483276,
            "mean": 0.08242312787116302,
            "median": 0.0,
            "std": 0.24985285586943964,
            "p5": 0.0,
            "p25": 0.0,
            "p75": 0.0,
            "p95": 0.4440364725887776,
            "zero_pct": 78.16220238095238,
            "total": 221.55336771768617
        },
        "reward_action_mod_penalty": {
            "min": -0.5634665966033936,
            "max": -0.0,
            "mean": -0.021450847761419728,
            "median": 0.0,
            "std": 0.06487946028804159,
            "p5": -0.14742293757957903,
            "p25": -0.0,
            "p75": 0.0,
            "p95": -0.0,
            "zero_pct": 82.10565476190477,
            "total": -57.659878782696275
        },
        "reward_morning_soc": {
            "min": 0,
            "max": 0,
            "mean": 0,
            "median": 0,
            "std": 0,
            "p5": 0,
            "p25": 0,
            "p75": 0,
            "p95": 0,
            "zero_pct": 100.0,
            "total": 0
        },
        "reward_night_peak_chain": {
            "min": 0,
            "max": 0,
            "mean": 0,
            "median": 0,
            "std": 0,
            "p5": 0,
            "p25": 0,
            "p75": 0,
            "p95": 0,
            "zero_pct": 100.0,
            "total": 0
        }
    }
}