{
    "total_reward": 5.384420210959033,
    "avg_battery_power": -0.034671640683960586,
    "max_battery_power": 10.0,
    "peak_grid_import": 11.711832678794861,
    "peak_grid_export": 17.15867489616394,
    "export_energy_kwh": 2980.989814019779,
    "export_revenue": 0,
    "price_power_correlation": 0.20640298108718552,
    "avg_night_price": 42.94150833333328,
    "avg_day_price": 57.696443749999915,
    "night_charges_energy_kwh": 115.69683525172377,
    "day_charges_energy_kwh": 235.40068956790688,
    "night_day_charge_ratio": 0.49148893940834565,
    "avg_soc": 0.2749333258097022,
    "min_soc": 0.1,
    "max_soc": 0.9,
    "pct_time_in_preferred_range": 21.006944444444446,
    "pct_time_at_high_soc": 7.951388888888888,
    "violation_percentage": 0.0,
    "top3_peaks": [
        5.855916339397431,
        5.343139921426773,
        4.7724126584999995
    ],
    "peak_rolling_average": 5.323822973108068,
    "current_capacity_fee": 432.5606165650305,
    "fixed_grid_fee_total": 730.0,
    "months_in_episode": 2,
    "peak_reduction_due_to_discount": 5.855916339397431,
    "estimated_savings": 475.79320257604127,
    "night_peaks": 16,
    "day_peaks": 0,
    "actions_modified": 1257,
    "pct_modified_actions": 43.645833333333336,
    "avg_action_delta": 0.24870850770118033,
    "max_action_delta": 1.0,
    "reward_components": {
        "reward_grid_cost": -299.8406263032687,
        "reward_capacity_penalty": -109.6920648452817,
        "reward_battery_cost": -1522.8934571294878,
        "reward_soc_reward": 282.90198991543707,
        "reward_shaping": 9.977404063882775,
        "reward_arbitrage_bonus": 550.3259111289026,
        "reward_export_bonus": 1360.7969344651954,
        "reward_night_charging": 462.7873410068951,
        "reward_action_mod_penalty": -370.2847562090682,
        "reward_solar_soc": 72.79058871790767,
        "reward_night_peak_chain": 0.0
    },
    "reward_component_distributions": {
        "reward_grid_cost": {
            "min": -1.044346875,
            "max": -0.0,
            "mean": -0.10411132857752392,
            "median": 0.0,
            "std": 0.19358590561910013,
            "p5": -0.5766194011099979,
            "p25": -0.1345183210183674,
            "p75": 0.0,
            "p95": 0.0,
            "zero_pct": 61.42361111111111,
            "total": -299.8406263032687
        },
        "reward_capacity_penalty": {
            "min": -3.3559163393974307,
            "max": -0.0,
            "mean": -0.038087522515722796,
            "median": 0.0,
            "std": 0.27098826937120807,
            "p5": -0.0,
            "p25": -0.0,
            "p75": 0.0,
            "p95": 0.0,
            "zero_pct": 96.38888888888889,
            "total": -109.6920648452817
        },
        "reward_battery_cost": {
            "min": -5.921052631578949,
            "max": -0.0,
            "mean": -0.5287824503921842,
            "median": -0.0947913913987577,
            "std": 0.833434156982828,
            "p5": -2.0903424002891895,
            "p25": -0.7759961450938135,
            "p75": 0.0,
            "p95": 0.0,
            "zero_pct": 39.02777777777778,
            "total": -1522.8934571294878
        },
        "reward_soc_reward": {
            "min": -0.36000000000000004,
            "max": 1.4972683735044772,
            "mean": 0.098229857609528,
            "median": -0.03835379104955461,
            "std": 0.3809276139622141,
            "p5": -0.2914875109961276,
            "p25": -0.049999999999999996,
            "p75": -0.010066215447785161,
            "p95": 1.109340893074073,
            "zero_pct": 0.0,
            "total": 282.90198991543707
        },
        "reward_shaping": {
            "min": -1.823273617667861,
            "max": 1.8015370744652155,
            "mean": 0.00346437641107046,
            "median": 0.010000000000000009,
            "std": 0.31197090761887514,
            "p5": -0.22281209180402073,
            "p25": 0.002499764881309763,
            "p75": 0.02471912577757368,
            "p95": 0.15980274484043,
            "zero_pct": 0.0,
            "total": 9.977404063882775
        },
        "reward_arbitrage_bonus": {
            "min": 0.0,
            "max": 4.496762007474899,
            "mean": 0.1910853858086468,
            "median": 0.0,
            "std": 0.4756569501091424,
            "p5": 0.0,
            "p25": 0.0,
            "p75": 0.0,
            "p95": 1.3130527874454856,
            "zero_pct": 77.04861111111111,
            "total": 550.3259111289026
        },
        "reward_export_bonus": {
            "min": 0.0,
            "max": 2.2063825288730325,
            "mean": 0.47249893557819234,
            "median": 0.3117317402031211,
            "std": 0.5225815448273081,
            "p5": 0.0,
            "p25": 0.0,
            "p75": 0.8282071382317825,
            "p95": 1.4852566028016394,
            "zero_pct": 38.57638888888889,
            "total": 1360.7969344651954
        },
        "reward_night_charging": {
            "min": 0.0,
            "max": 3.466920256614685,
            "mean": 0.16069004896072744,
            "median": 0.0,
            "std": 0.5097553053190155,
            "p5": 0.0,
            "p25": 0.0,
            "p75": 0.0,
            "p95": 1.4121854007244108,
            "zero_pct": 84.93055555555556,
            "total": 462.7873410068951
        },
        "reward_action_mod_penalty": {
            "min": -1.2000000000000002,
            "max": -0.0,
            "mean": -0.12857109590592625,
            "median": 0.0,
            "std": 0.2141889319975485,
            "p5": -0.556674075126648,
            "p25": -0.19387253522872924,
            "p75": 0.0,
            "p95": 0.0,
            "zero_pct": 56.35416666666667,
            "total": -370.2847562090682
        },
        "reward_morning_soc": {
            "min": 0,
            "max": 0,
            "mean": 0,
            "median": 0,
            "std": 0,
            "p5": 0,
            "p25": 0,
            "p75": 0,
            "p95": 0,
            "zero_pct": 100.0,
            "total": 0
        },
        "reward_night_peak_chain": {
            "min": 0,
            "max": 0,
            "mean": 0,
            "median": 0,
            "std": 0,
            "p5": 0,
            "p25": 0,
            "p75": 0,
            "p95": 0,
            "zero_pct": 100.0,
            "total": 0
        }
    }
}