{
    "total_reward": -448.67222378706504,
    "avg_battery_power": 0.0019298457542632245,
    "max_battery_power": 2.0260606706142426,
    "peak_grid_import": 12.786,
    "peak_grid_export": 4.4127178,
    "export_energy_kwh": 181.98273146265078,
    "export_revenue": 0,
    "price_power_correlation": 0.02135045824124088,
    "avg_night_price": 48.77523214285708,
    "avg_day_price": 88.0496473214284,
    "night_charges_energy_kwh": 10.449563926962222,
    "day_charges_energy_kwh": 40.62055063705611,
    "night_day_charge_ratio": 0.2572482096643368,
    "avg_soc": 0.0,
    "min_soc": 0,
    "max_soc": 0,
    "pct_time_in_preferred_range": 0.0,
    "pct_time_at_high_soc": 0.0,
    "violation_percentage": 100.0,
    "top3_peaks": [
        10.9,
        10.9,
        10.9
    ],
    "peak_rolling_average": 10.9,
    "current_capacity_fee": 885.625,
    "fixed_grid_fee_total": 730.0,
    "months_in_episode": 2,
    "peak_reduction_due_to_discount": 1.8859999999999992,
    "estimated_savings": 153.23749999999993,
    "night_peaks": 73,
    "day_peaks": 8,
    "actions_modified": 1695,
    "pct_modified_actions": 63.05803571428571,
    "avg_action_delta": 0.07942534493910168,
    "max_action_delta": 0.20677399635314941,
    "reward_components": {
        "reward_grid_cost": -2391.173771372871,
        "reward_capacity_penalty": -1549.8296399335397,
        "reward_battery_cost": -233.18940624847053,
        "reward_soc_reward": 679.2322250666738,
        "reward_shaping": 229.9459879926165,
        "reward_arbitrage_bonus": 0.0,
        "reward_export_bonus": 259.58432320567823,
        "reward_night_charging": 41.79825570784889,
        "reward_action_mod_penalty": -384.48072686912883,
        "reward_morning_soc": -76.88318885467648,
        "reward_night_peak_chain": 71.03693054017715
    },
    "reward_component_distributions": {
        "reward_grid_cost": {
            "min": -6.536008583856796,
            "max": -0.0,
            "mean": -0.8895735756595523,
            "median": -0.5591776872288221,
            "std": 1.0637716894239824,
            "p5": -3.0793749756553757,
            "p25": -1.41759410625,
            "p75": -0.00523794375,
            "p95": -0.0,
            "zero_pct": 23.772321428571427,
            "total": -2391.173771372871
        },
        "reward_capacity_penalty": {
            "min": -7.786,
            "max": -0.0,
            "mean": -0.5765735267609903,
            "median": 0.0,
            "std": 1.4362313968527425,
            "p5": -4.483248900413512,
            "p25": -0.0,
            "p75": 0.0,
            "p95": -0.0,
            "zero_pct": 77.67857142857143,
            "total": -1549.8296399335397
        },
        "reward_battery_cost": {
            "min": -1.1996411865479069,
            "max": -0.0,
            "mean": -0.08675201125315127,
            "median": 0.0,
            "std": 0.17558750348612426,
            "p5": -0.4282957225125038,
            "p25": -0.09071387407311704,
            "p75": 0.0,
            "p95": -0.0,
            "zero_pct": 61.34672619047619,
            "total": -233.18940624847053
        },
        "reward_soc_reward": {
            "min": -1.1500000000000001,
            "max": 4.987199322232901,
            "mean": 0.25269055992064055,
            "median": -0.0016423404633958416,
            "std": 1.0076999806534543,
            "p5": -0.09867991433363062,
            "p25": -0.03164301287333943,
            "p75": -0.0003446415259039659,
            "p95": 3.097522713094032,
            "zero_pct": 0.0,
            "total": 679.2322250666738
        },
        "reward_shaping": {
            "min": -6.55439604226054,
            "max": 6.56125060332114,
            "mean": 0.08554538243773291,
            "median": 0.14000000000000057,
            "std": 1.067961297163213,
            "p5": -0.060354660539046166,
            "p25": 0.024034372189886757,
            "p75": 0.14000000000000057,
            "p95": 0.14000000000000057,
            "zero_pct": 0.0,
            "total": 229.9459879926165
        },
        "reward_arbitrage_bonus": {
            "min": 0,
            "max": 0,
            "mean": 0,
            "median": 0,
            "std": 0,
            "p5": 0,
            "p25": 0,
            "p75": 0,
            "p95": 0,
            "zero_pct": 100.0,
            "total": 0
        },
        "reward_export_bonus": {
            "min": 0.0,
            "max": 2.2285079554279377,
            "mean": 0.09657154881163622,
            "median": 0.0,
            "std": 0.25856876840565274,
            "p5": 0.0,
            "p25": 0.0,
            "p75": 0.0,
            "p95": 0.660097620905875,
            "zero_pct": 76.22767857142857,
            "total": 259.58432320567823
        },
        "reward_night_charging": {
            "min": 0.0,
            "max": 0.7705795019865036,
            "mean": 0.015549946319884258,
            "median": 0.0,
            "std": 0.08011110028413382,
            "p5": 0.0,
            "p25": 0.0,
            "p75": 0.0,
            "p95": 0.0575554745737474,
            "zero_pct": 94.38244047619048,
            "total": 41.79825570784889
        },
        "reward_action_mod_penalty": {
            "min": -0.6030264794826508,
            "max": -0.0,
            "mean": -0.14303598469833656,
            "median": -0.11091669648885727,
            "std": 0.14939460525278597,
            "p5": -0.4128506675362587,
            "p25": -0.2559415642172098,
            "p75": 0.0,
            "p95": -0.0,
            "zero_pct": 36.941964285714285,
            "total": -384.48072686912883
        },
        "reward_morning_soc": {
            "min": -2.75,
            "max": 0.0,
            "mean": -0.028602376806055242,
            "median": 0.0,
            "std": 0.2377032255740046,
            "p5": 0.0,
            "p25": 0.0,
            "p75": 0.0,
            "p95": 0.0,
            "zero_pct": 97.84226190476191,
            "total": -76.88318885467648
        },
        "reward_night_peak_chain": {
            "min": 0.0,
            "max": 4.495462216436863,
            "mean": 0.02642742951643496,
            "median": 0.0,
            "std": 0.24966936747257187,
            "p5": 0.0,
            "p25": 0.0,
            "p75": 0.0,
            "p95": 0.0,
            "zero_pct": 97.99107142857143,
            "total": 71.03693054017715
        }
    }
}