{"threshold": 0.5987509489059448, "f1_score": 0.5923076922597248}