{
    "best_epoch": 20,
    "best_training_loss": 3.8794784545898438,
    "epochs_trained": 20,
    "training_losses": [
        8.253934860229492,
        7.028598785400391,
        6.790995121002197,
        6.642764568328857,
        6.576457500457764,
        6.544434547424316,
        6.5259575843811035,
        6.507909774780273,
        6.4971747398376465,
        6.454913139343262,
        5.757126808166504,
        4.63987398147583,
        4.367182731628418,
        4.1821184158325195,
        4.10164213180542,
        4.047280311584473,
        3.969715118408203,
        3.9639036655426025,
        3.9086079597473145,
        3.8794784545898438
    ],
    "final_loss": 3.8794784545898438,
    "training_accuracy": [
        0.44882071018218994,
        0.3883664309978485,
        0.33504360914230347,
        0.28018292784690857,
        0.2608163058757782,
        0.2519291639328003,
        0.2486492395401001,
        0.2631707787513733,
        0.27516093850135803,
        0.3268505930900574,
        0.5892183780670166,
        0.7244988083839417,
        0.7385440468788147,
        0.7523987293243408,
        0.7537732720375061,
        0.7585911154747009,
        0.7632864713668823,
        0.7630823254585266,
        0.7679137587547302,
        0.7680362462997437
    ],
    "date_trained": "2025-05-06 14:09:13"
}