{
    "best_epoch": 20,
    "best_training_loss": 3.928187131881714,
    "epochs_trained": 20,
    "training_losses": [
        9.235795021057129,
        7.368393421173096,
        6.960856914520264,
        6.766025543212891,
        6.615726470947266,
        6.562952518463135,
        6.532540321350098,
        6.530876159667969,
        6.511388778686523,
        6.505212306976318,
        6.504185199737549,
        6.503889560699463,
        6.48777961730957,
        6.087034702301025,
        4.675642013549805,
        4.28294038772583,
        4.138533115386963,
        4.014063358306885,
        3.985344409942627,
        3.928187131881714
    ],
    "final_loss": 3.928187131881714,
    "training_accuracy": [
        0.4628795385360718,
        0.4193829298019409,
        0.37219810485839844,
        0.3153095543384552,
        0.2723981738090515,
        0.2615240216255188,
        0.2533990144729614,
        0.23739401996135712,
        0.258107990026474,
        0.2684241235256195,
        0.26719924807548523,
        0.2678525149822235,
        0.29535773396492004,
        0.48337575793266296,
        0.7263906002044678,
        0.7481660842895508,
        0.7559916973114014,
        0.7632456421852112,
        0.7640349864959717,
        0.7665528059005737
    ],
    "date_trained": "2025-05-07 16:42:01"
}