{"accuracy": [0.4628795385360718, 0.4193829298019409, 0.37219810485839844, 0.3153095543384552, 0.2723981738090515, 0.2615240216255188, 0.2533990144729614, 0.23739401996135712, 0.258107990026474, 0.2684241235256195, 0.26719924807548523, 0.2678525149822235, 0.29535773396492004, 0.48337575793266296, 0.7263906002044678, 0.7481660842895508, 0.7559916973114014, 0.7632456421852112, 0.7640349864959717, 0.7665528059005737], "auc": [0.5017092823982239, 0.5040057301521301, 0.5041201114654541, 0.5036842226982117, 0.5128442049026489, 0.5191307067871094, 0.5205639600753784, 0.522813081741333, 0.5321810245513916, 0.5320432186126709, 0.5368345379829407, 0.5384320020675659, 0.5432533025741577, 0.6739359498023987, 0.8421049118041992, 0.8672762513160706, 0.8768740892410278, 0.8835898041725159, 0.8852035403251648, 0.8886758685112], "loss": [9.235795021057129, 7.368393421173096, 6.960856914520264, 6.766025543212891, 6.615726470947266, 6.562952518463135, 6.532540321350098, 6.530876159667969, 6.511388778686523, 6.505212306976318, 6.504185199737549, 6.503889560699463, 6.48777961730957, 6.087034702301025, 4.675642013549805, 4.28294038772583, 4.138533115386963, 4.014063358306885, 3.985344409942627, 3.928187131881714], "precision": [0.20091280341148376, 0.20148155093193054, 0.20077675580978394, 0.20135511457920074, 0.20179688930511475, 0.2026364803314209, 0.20292320847511292, 0.20172590017318726, 0.2033231556415558, 0.2041746824979782, 0.203717440366745, 0.20434920489788055, 0.20738635957241058, 0.2524104416370392, 0.4112376570701599, 0.43594229221343994, 0.4447670578956604, 0.4531483054161072, 0.45416709780693054, 0.45721349120140076], "recall": [0.5661789774894714, 0.6422592997550964, 0.717659056186676, 0.8170126080513, 0.8926165103912354, 0.9173868894577026, 0.9334467649459839, 0.9512759447097778, 0.9284790754318237, 0.9172507524490356, 0.9158897399902344, 0.9195644855499268, 0.8941816687583923, 0.8070091605186462, 0.8526709675788879, 0.8820006847381592, 0.886083722114563, 0.8888737559318542, 0.8911194205284119, 0.8937053680419922], "learning_rate": [0.0005000000237487257, 0.0005000000237487257, 0.0005000000237487257, 0.0005000000237487257, 0.0005000000237487257, 0.0005000000237487257, 0.0005000000237487257, 0.0005000000237487257, 0.0005000000237487257, 0.0005000000237487257, 0.0005000000237487257, 0.0005000000237487257, 0.0005000000237487257, 0.0005000000237487257, 0.0005000000237487257, 0.0005000000237487257, 0.0005000000237487257, 0.0005000000237487257, 0.0005000000237487257, 0.0005000000237487257]}