{"accuracy": [0.44882071018218994, 0.3883664309978485, 0.33504360914230347, 0.28018292784690857, 0.2608163058757782, 0.2519291639328003, 0.2486492395401001, 0.2631707787513733, 0.27516093850135803, 0.3268505930900574, 0.5892183780670166, 0.7244988083839417, 0.7385440468788147, 0.7523987293243408, 0.7537732720375061, 0.7585911154747009, 0.7632864713668823, 0.7630823254585266, 0.7679137587547302, 0.7680362462997437], "auc": [0.5017290711402893, 0.5069153904914856, 0.5038819909095764, 0.5111597776412964, 0.5135989785194397, 0.5213795304298401, 0.5285377502441406, 0.5316324830055237, 0.5389072895050049, 0.5654932856559753, 0.7309917211532593, 0.8452198505401611, 0.8631693720817566, 0.873458206653595, 0.8782833814620972, 0.8819714784622192, 0.8858506083488464, 0.8873149156570435, 0.8897184133529663, 0.891359806060791], "loss": [8.253934860229492, 7.028598785400391, 6.790995121002197, 6.642764568328857, 6.576457500457764, 6.544434547424316, 6.5259575843811035, 6.507909774780273, 6.4971747398376465, 6.454913139343262, 5.757126808166504, 4.63987398147583, 4.367182731628418, 4.1821184158325195, 4.10164213180542, 4.047280311584473, 3.969715118408203, 3.9639036655426025, 3.9086079597473145, 3.8794784545898438], "precision": [0.20131494104862213, 0.20294637978076935, 0.201999232172966, 0.20210890471935272, 0.20263007283210754, 0.20247647166252136, 0.20274712145328522, 0.2044477015733719, 0.20478902757167816, 0.2130192220211029, 0.29643550515174866, 0.41008687019348145, 0.42551296949386597, 0.4404413402080536, 0.4423709809780121, 0.44767341017723083, 0.45318248867988586, 0.4530963599681854, 0.4587155878543854, 0.45878514647483826], "recall": [0.5917658805847168, 0.7030962705612183, 0.787955105304718, 0.88172847032547, 0.9185436964035034, 0.932494044303894, 0.9401837587356567, 0.9284110069274902, 0.9102416038513184, 0.8780537843704224, 0.7674039006233215, 0.8609731197357178, 0.8777815699577332, 0.880163311958313, 0.8872405290603638, 0.8858115077018738, 0.888601541519165, 0.891731858253479, 0.8914597034454346, 0.8896903991699219], "learning_rate": [0.0005000000237487257, 0.0005000000237487257, 0.0005000000237487257, 0.0005000000237487257, 0.0005000000237487257, 0.0005000000237487257, 0.0005000000237487257, 0.0005000000237487257, 0.0005000000237487257, 0.0005000000237487257, 0.0005000000237487257, 0.0005000000237487257, 0.0005000000237487257, 0.0005000000237487257, 0.0005000000237487257, 0.0005000000237487257, 0.0005000000237487257, 0.0005000000237487257, 0.0005000000237487257, 0.0005000000237487257]}