{"accuracy": [0.45886316895484924, 0.4098689556121826, 0.3786925673484802, 0.33283352851867676, 0.2910248637199402, 0.2623800039291382, 0.23774658143520355, 0.23151519894599915, 0.22438806295394897, 0.2287110835313797, 0.2261795848608017, 0.22567328810691833, 0.24232274293899536, 0.2874223589897156, 0.4908963441848755, 0.7177964448928833, 0.7546394467353821, 0.7594882249832153, 0.7649601697921753, 0.7669269442558289], "auc": [0.5019015073776245, 0.5049117207527161, 0.502036452293396, 0.5066530108451843, 0.5058867931365967, 0.5110425353050232, 0.5147867202758789, 0.5100464820861816, 0.5143789052963257, 0.5230618715286255, 0.5203325748443604, 0.5217263698577881, 0.5312904119491577, 0.5475168228149414, 0.6544312834739685, 0.7459181547164917, 0.8094024062156677, 0.8620706796646118, 0.8758107423782349, 0.8834877014160156], "loss": [8.659248352050781, 7.243803977966309, 6.875611782073975, 6.711475372314453, 6.608292102813721, 6.557919979095459, 6.5402350425720215, 6.528557777404785, 6.5223259925842285, 6.5152363777160645, 6.522233486175537, 6.518248081207275, 6.505459308624268, 6.498497009277344, 6.1940388679504395, 5.578679084777832, 5.086847305297852, 4.422887325286865, 4.169443130493164, 4.0467047691345215], "precision": [0.20105116069316864, 0.20130005478858948, 0.20142415165901184, 0.20282423496246338, 0.2007327675819397, 0.20194321870803833, 0.20130756497383118, 0.20089340209960938, 0.20088237524032593, 0.20126670598983765, 0.20061364769935608, 0.2007143795490265, 0.20144695043563843, 0.20672059059143066, 0.24908320605754852, 0.3800840675830841, 0.4323539733886719, 0.4467965364456177, 0.4545179009437561, 0.4571327567100525], "recall": [0.5736124515533447, 0.6573514938354492, 0.7106134295463562, 0.7971762418746948, 0.8535540699958801, 0.9107108116149902, 0.9474196434020996, 0.954625129699707, 0.9665043950080872, 0.9623174071311951, 0.9613437056541443, 0.9629990458488464, 0.9407984614372253, 0.9033105969429016, 0.7671859860420227, 0.6515092253684998, 0.7250243425369263, 0.8508276343345642, 0.8757546544075012, 0.8820837140083313], "val_accuracy": [0.21301114559173584, 0.24330854415893555, 0.22193308174610138, 0.22286245226860046, 0.21923792362213135, 0.20566914975643158, 0.22156134247779846, 0.1832713782787323, 0.1921003758907318, 0.1832713782787323, 0.20334573090076447, 0.1832713782787323, 0.22407063841819763, 0.2659851312637329, 0.7236989140510559, 0.7826208472251892, 0.7725836634635925, 0.7219330668449402, 0.7422862648963928, 0.767657995223999], "val_auc": [0.521888017654419, 0.5422526597976685, 0.5378062725067139, 0.5474467873573303, 0.5368396043777466, 0.5454986691474915, 0.5455626249313354, 0.5423948764801025, 0.5471980571746826, 0.5559239387512207, 0.5590596795082092, 0.5574465990066528, 0.5588618516921997, 0.6016781330108643, 0.7646718621253967, 0.7938340902328491, 0.8466798663139343, 0.8616420030593872, 0.8637280464172363, 0.8648982644081116], "val_loss": [0.8742144107818604, 0.8701204657554626, 0.8702858090400696, 0.8684642910957336, 0.8693710565567017, 0.8688539862632751, 0.8682371973991394, 0.8697158694267273, 0.8699920177459717, 0.8672619462013245, 0.8667563796043396, 0.8678266406059265, 0.8664318323135376, 0.8620612025260925, 0.7330518960952759, 0.7056575417518616, 0.6192377805709839, 0.6003438234329224, 0.588137686252594, 0.5820250511169434], "val_precision": [0.18490493297576904, 0.18692916631698608, 0.18522526323795319, 0.18565525114536285, 0.18543888628482819, 0.18453124165534973, 0.18577036261558533, 0.1832713782787323, 0.18371765315532684, 0.1832713782787323, 0.1846330314874649, 0.1832713782787323, 0.1876775324344635, 0.19572807848453522, 0.3613957464694977, 0.43639513850212097, 0.4360699951648712, 0.38600805401802063, 0.40370282530784607, 0.4305263161659241], "val_recall": [0.9665314555168152, 0.9340770840644836, 0.9548681378364563, 0.9568965435028076, 0.9609533548355103, 0.9751521348953247, 0.9599391222000122, 1.0, 0.9898580312728882, 1.0, 0.9797160029411316, 1.0, 0.9716024398803711, 0.9665314555168152, 0.6617646813392639, 0.6384381055831909, 0.8215010166168213, 0.8757606744766235, 0.8514198660850525, 0.8296145796775818], "learning_rate": [0.0005000000237487257, 0.0005000000237487257, 0.0005000000237487257, 0.0005000000237487257, 0.0005000000237487257, 0.0005000000237487257, 0.0005000000237487257, 0.0005000000237487257, 0.0005000000237487257, 0.0005000000237487257, 0.0005000000237487257, 0.0005000000237487257, 0.0005000000237487257, 0.0005000000237487257, 0.0005000000237487257, 0.0005000000237487257, 0.0005000000237487257, 0.0005000000237487257, 0.0005000000237487257, 0.0005000000237487257]}