{
    "total_reward": -177.46540102655916,
    "avg_battery_power": -0.04635259470059695,
    "max_battery_power": 10.0,
    "peak_grid_import": 13.546375693798065,
    "peak_grid_export": 9.972,
    "export_energy_kwh": 277.45111507283326,
    "export_revenue": 504.49800892082567,
    "price_power_correlation": 0.323593798996631,
    "avg_night_price": 48.77523214285708,
    "avg_day_price": 88.0496473214284,
    "night_charges_energy_kwh": 85.86050665280811,
    "day_charges_energy_kwh": 202.97676395255925,
    "night_day_charge_ratio": 0.42300657957516685,
    "avg_soc": 0.7967026859132073,
    "min_soc": 0.1,
    "max_soc": 0.9,
    "pct_time_in_preferred_range": 28.422619047619047,
    "pct_time_at_high_soc": 68.63839285714286,
    "violation_percentage": 0.0,
    "top3_peaks": [
        10.9,
        10.385,
        8.30700000000304
    ],
    "peak_rolling_average": 9.864000000001013,
    "current_capacity_fee": 801.4500000000824,
    "fixed_grid_fee_total": 730.0,
    "months_in_episode": 2,
    "peak_reduction_due_to_discount": 2.646375693798065,
    "estimated_savings": 215.0180251210928,
    "night_peaks": 56,
    "day_peaks": 4,
    "actions_modified": 1479,
    "pct_modified_actions": 55.02232142857143,
    "avg_action_delta": 0.4216044822603075,
    "max_action_delta": 1.0,
    "reward_components": {
        "reward_grid_cost": -1008.5183971721688,
        "reward_capacity_penalty": -858.6490928499302,
        "reward_battery_cost": -1227.7041245239982,
        "reward_soc_reward": -47.379939759069096,
        "reward_shaping": 7.986582729806729,
        "reward_arbitrage_bonus": 593.1192486080067,
        "reward_export_bonus": 201.79920356833028,
        "reward_night_charging": 343.44202661123245,
        "reward_action_mod_penalty": -744.2853365996481,
        "reward_solar_soc": 105.36179312737659,
        "reward_night_peak_chain": 0.0
    },
    "reward_component_distributions": {
        "reward_grid_cost": {
            "min": -2.9399529838553766,
            "max": -0.0,
            "mean": -0.375192856090837,
            "median": -0.246425025,
            "std": 0.420560973184409,
            "p5": -1.2087136875,
            "p25": -0.5730090625,
            "p75": -0.003439731296266525,
            "p95": -0.0,
            "zero_pct": 24.404761904761905,
            "total": -1008.5183971721688
        },
        "reward_capacity_penalty": {
            "min": -4.273187846899033,
            "max": -0.0,
            "mean": -0.3194379065661948,
            "median": 0.0,
            "std": 0.792432368057135,
            "p5": -2.4385000000000003,
            "p25": -0.0,
            "p75": 0.0,
            "p95": -0.0,
            "zero_pct": 76.63690476190477,
            "total": -858.6490928499302
        },
        "reward_battery_cost": {
            "min": -5.921052631578949,
            "max": -0.0,
            "mean": -0.4567351653735115,
            "median": -0.00020677939877338376,
            "std": 0.7625825709208675,
            "p5": -2.172474094061181,
            "p25": -0.6382791482426815,
            "p75": 0.0,
            "p95": -0.0,
            "zero_pct": 38.132440476190474,
            "total": -1227.7041245239982
        },
        "reward_soc_reward": {
            "min": -0.36000000000000004,
            "max": 1.4944743752840512,
            "mean": -0.017626465684177996,
            "median": -0.31500000000000006,
            "std": 0.5100895331749037,
            "p5": -0.36000000000000004,
            "p25": -0.33,
            "p75": 0.05050890140980477,
            "p95": 1.2536702525110306,
            "zero_pct": 0.0,
            "total": -47.379939759069096
        },
        "reward_shaping": {
            "min": -1.5821339904577536,
            "max": 2.051739721773059,
            "mean": 0.0029711989322198018,
            "median": 0.010000000000000009,
            "std": 0.2708509788671022,
            "p5": -0.21951931466999716,
            "p25": -0.008600471642019956,
            "p75": 0.010000000000000009,
            "p95": 0.24120407386061019,
            "zero_pct": 0.0,
            "total": 7.986582729806729
        },
        "reward_arbitrage_bonus": {
            "min": 0.0,
            "max": 8.75,
            "mean": 0.22065448236904994,
            "median": 0.0,
            "std": 0.7909109978381477,
            "p5": 0.0,
            "p25": 0.0,
            "p75": 0.0,
            "p95": 1.5354449991136792,
            "zero_pct": 81.17559523809523,
            "total": 593.1192486080067
        },
        "reward_export_bonus": {
            "min": 0.0,
            "max": 2.8561303799999997,
            "mean": 0.07507410847036093,
            "median": 0.0,
            "std": 0.2314646140314319,
            "p5": 0.0,
            "p25": 0.0,
            "p75": 0.0,
            "p95": 0.4468536280836766,
            "zero_pct": 75.59523809523809,
            "total": 201.79920356833028
        },
        "reward_night_charging": {
            "min": 0.0,
            "max": 5.0,
            "mean": 0.1277686110904883,
            "median": 0.0,
            "std": 0.5216913510194522,
            "p5": 0.0,
            "p25": 0.0,
            "p75": 0.0,
            "p95": 0.9307238422334195,
            "zero_pct": 83.74255952380952,
            "total": 343.44202661123245
        },
        "reward_action_mod_penalty": {
            "min": -1.2000000000000002,
            "max": -0.0,
            "mean": -0.27689186629451107,
            "median": -0.12292065024375917,
            "std": 0.3456803807289606,
            "p5": -1.0183480346058429,
            "p25": -0.4923324912786484,
            "p75": 0.0,
            "p95": -0.0,
            "zero_pct": 44.97767857142857,
            "total": -744.2853365996481
        },
        "reward_morning_soc": {
            "min": 0,
            "max": 0,
            "mean": 0,
            "median": 0,
            "std": 0,
            "p5": 0,
            "p25": 0,
            "p75": 0,
            "p95": 0,
            "zero_pct": 100.0,
            "total": 0
        },
        "reward_night_peak_chain": {
            "min": 0,
            "max": 0,
            "mean": 0,
            "median": 0,
            "std": 0,
            "p5": 0,
            "p25": 0,
            "p75": 0,
            "p95": 0,
            "zero_pct": 100.0,
            "total": 0
        }
    }
}