{
    "total_reward": -8.997682003255992,
    "avg_battery_power": -0.013186279795823387,
    "max_battery_power": 2.3688049614429474,
    "peak_grid_import": 12.256,
    "peak_grid_export": 8.852488052795792,
    "export_energy_kwh": 1092.3022868425055,
    "export_revenue": 0,
    "price_power_correlation": 0.37515390615845184,
    "avg_night_price": 34.81749193548385,
    "avg_day_price": 58.76215725806439,
    "night_charges_energy_kwh": 104.21046504943352,
    "day_charges_energy_kwh": 79.71041119314805,
    "night_day_charge_ratio": 1.3073632852917902,
    "avg_soc": 0.3630331232385729,
    "min_soc": 0.1,
    "max_soc": 0.9,
    "pct_time_in_preferred_range": 36.02150537634409,
    "pct_time_at_high_soc": 10.920698924731182,
    "violation_percentage": 0.0,
    "top3_peaks": [
        7.604,
        7.306096700906753,
        6.904972892895569
    ],
    "peak_rolling_average": 7.2716898646007735,
    "current_capacity_fee": 590.8248014988128,
    "fixed_grid_fee_total": 730.0,
    "months_in_episode": 2,
    "peak_reduction_due_to_discount": 4.652,
    "estimated_savings": 377.975,
    "night_peaks": 24,
    "day_peaks": 0,
    "actions_modified": 772,
    "pct_modified_actions": 25.940860215053764,
    "avg_action_delta": 0.10538869724832109,
    "max_action_delta": 0.2570897340774536,
    "reward_components": {
        "reward_grid_cost": -521.7596558651031,
        "reward_capacity_penalty": -350.3056393456929,
        "reward_battery_cost": -805.497335250202,
        "reward_soc_reward": 269.90569832700476,
        "reward_shaping": 6.8351900095056095,
        "reward_arbitrage_bonus": 440.0609113158575,
        "reward_export_bonus": 436.3948736960091,
        "reward_night_charging": 416.8418601977341,
        "reward_action_mod_penalty": -96.49017075835253,
        "reward_solar_soc": 33.63585352897644,
        "reward_night_peak_chain": 0.0
    },
    "reward_component_distributions": {
        "reward_grid_cost": {
            "min": -2.69278108,
            "max": -0.0,
            "mean": -0.17532246500843476,
            "median": -0.004915312022086353,
            "std": 0.31940044528439654,
            "p5": -0.7396077589618791,
            "p25": -0.2436562638815868,
            "p75": 0.0,
            "p95": 0.0,
            "zero_pct": 46.975806451612904,
            "total": -521.7596558651031
        },
        "reward_capacity_penalty": {
            "min": -3.628,
            "max": -0.0,
            "mean": -0.11771022827476238,
            "median": 0.0,
            "std": 0.39559454873681116,
            "p5": -0.9050211062282324,
            "p25": -0.0,
            "p75": 0.0,
            "p95": 0.0,
            "zero_pct": 86.6263440860215,
            "total": -350.3056393456929
        },
        "reward_battery_cost": {
            "min": -1.4025818850649032,
            "max": -0.0,
            "mean": -0.2706644271674068,
            "median": -0.19819777277638279,
            "std": 0.2855819160943929,
            "p5": -0.8931812487150496,
            "p25": -0.4351582011440769,
            "p75": -0.0025712603819556534,
            "p95": 0.0,
            "zero_pct": 22.647849462365592,
            "total": -805.497335250202
        },
        "reward_soc_reward": {
            "min": -0.3960000000000001,
            "max": 0.7992376482415416,
            "mean": 0.09069411906149384,
            "median": -0.029982534820329795,
            "std": 0.29458063021343917,
            "p5": -0.3378033766265469,
            "p25": -0.06,
            "p75": 0.23008854816337618,
            "p95": 0.714182443151776,
            "zero_pct": 0.0,
            "total": 269.90569832700476
        },
        "reward_shaping": {
            "min": -1.551730942805855,
            "max": 1.5898486065354789,
            "mean": 0.002296770836527451,
            "median": 0.010000000000000009,
            "std": 0.23084926495588703,
            "p5": -0.08585156282046014,
            "p25": -0.01722454418524838,
            "p75": 0.021138221897939045,
            "p95": 0.06872792963651358,
            "zero_pct": 0.0,
            "total": 6.8351900095056095
        },
        "reward_arbitrage_bonus": {
            "min": 0.0,
            "max": 2.072704341262579,
            "mean": 0.14786992987764028,
            "median": 0.0,
            "std": 0.3277959304438752,
            "p5": 0.0,
            "p25": 0.0,
            "p75": 0.14228767715394497,
            "p95": 0.7826491491869092,
            "zero_pct": 69.32123655913979,
            "total": 440.0609113158575
        },
        "reward_export_bonus": {
            "min": 0.0,
            "max": 1.3497013500947248,
            "mean": 0.1466380623978525,
            "median": 0.0,
            "std": 0.22962906715733966,
            "p5": 0.0,
            "p25": 0.0,
            "p75": 0.25131560319510193,
            "p95": 0.5977378360171481,
            "zero_pct": 53.0241935483871,
            "total": 436.3948736960091
        },
        "reward_night_charging": {
            "min": 0.0,
            "max": 1.3340160250663757,
            "mean": 0.1400678293675182,
            "median": 0.0,
            "std": 0.30039779105757375,
            "p5": 0.0,
            "p25": 0.0,
            "p75": 9.135403544746623e-11,
            "p95": 0.9562075883150101,
            "zero_pct": 74.56317204301075,
            "total": 416.8418601977341
        },
        "reward_action_mod_penalty": {
            "min": -0.30850768089294434,
            "max": -0.0,
            "mean": -0.03242277243224216,
            "median": 0.0,
            "std": 0.06772548731801996,
            "p5": -0.20246351659297945,
            "p25": -0.004592500627040863,
            "p75": 0.0,
            "p95": 0.0,
            "zero_pct": 74.05913978494624,
            "total": -96.49017075835253
        },
        "reward_morning_soc": {
            "min": 0,
            "max": 0,
            "mean": 0,
            "median": 0,
            "std": 0,
            "p5": 0,
            "p25": 0,
            "p75": 0,
            "p95": 0,
            "zero_pct": 100.0,
            "total": 0
        },
        "reward_night_peak_chain": {
            "min": 0,
            "max": 0,
            "mean": 0,
            "median": 0,
            "std": 0,
            "p5": 0,
            "p25": 0,
            "p75": 0,
            "p95": 0,
            "zero_pct": 100.0,
            "total": 0
        }
    }
}