{
    "total_reward": -344.87806570285596,
    "avg_battery_power": 0.008789234506099558,
    "max_battery_power": 1.0642742365598679,
    "peak_grid_import": 12.071075164169073,
    "peak_grid_export": 2.1086072439336063,
    "export_energy_kwh": 44.037029976130356,
    "export_revenue": 0,
    "price_power_correlation": 0.06449469174734501,
    "avg_night_price": 28.219979838709616,
    "avg_day_price": 76.8684173387098,
    "night_charges_energy_kwh": 8.987740996526554,
    "day_charges_energy_kwh": 10.642288289964199,
    "night_day_charge_ratio": 0.8445308707716646,
    "avg_soc": 0.12001238201707214,
    "min_soc": 0.1,
    "max_soc": 0.49544100399222674,
    "pct_time_in_preferred_range": 2.788978494623656,
    "pct_time_at_high_soc": 0.0,
    "violation_percentage": 0.0,
    "top3_peaks": [
        10.015,
        8.451,
        8.327
    ],
    "peak_rolling_average": 8.931,
    "current_capacity_fee": 725.64375,
    "fixed_grid_fee_total": 730.0,
    "months_in_episode": 2,
    "peak_reduction_due_to_discount": 2.056075164169073,
    "estimated_savings": 167.05610708873718,
    "night_peaks": 72,
    "day_peaks": 4,
    "actions_modified": 1636,
    "pct_modified_actions": 54.97311827956989,
    "avg_action_delta": 0.03167850225282263,
    "max_action_delta": 0.1479281187057495,
    "reward_components": {
        "reward_grid_cost": -978.7409429513616,
        "reward_capacity_penalty": -704.8033077819946,
        "reward_battery_cost": -103.93891860810021,
        "reward_soc_reward": -138.04101839950198,
        "reward_shaping": 16.595218162854074,
        "reward_arbitrage_bonus": 43.85668042404761,
        "reward_export_bonus": 26.550456324579535,
        "reward_night_charging": 35.95096398610622,
        "reward_action_mod_penalty": -61.82890629642707,
        "reward_solar_soc": 0.0,
        "reward_night_peak_chain": 0.0
    },
    "reward_component_distributions": {
        "reward_grid_cost": {
            "min": -1.5446272737500002,
            "max": -0.0,
            "mean": -0.3288780050239789,
            "median": -0.2575075000425583,
            "std": 0.2974289031874387,
            "p5": -0.9298398687499999,
            "p25": -0.46667816875,
            "p75": -0.1075004076665259,
            "p95": 0.0,
            "zero_pct": 12.365591397849462,
            "total": -978.7409429513616
        },
        "reward_capacity_penalty": {
            "min": -3.5355375820845367,
            "max": -0.0,
            "mean": -0.23682906847513246,
            "median": 0.0,
            "std": 0.6397044810119609,
            "p5": -1.8121328400895003,
            "p25": -0.0,
            "p75": 0.0,
            "p95": 0.0,
            "zero_pct": 79.63709677419355,
            "total": -704.8033077819946
        },
        "reward_battery_cost": {
            "min": -0.6301623769104481,
            "max": -0.0,
            "mean": -0.03492571189788311,
            "median": 0.0,
            "std": 0.06716031122387228,
            "p5": -0.18186526164093889,
            "p25": -0.04118465830106288,
            "p75": 0.0,
            "p95": 0.0,
            "zero_pct": 52.956989247311824,
            "total": -103.93891860810021
        },
        "reward_soc_reward": {
            "min": -0.06999999999999999,
            "max": 0.7158075299416999,
            "mean": -0.0463847508062842,
            "median": -0.049999999999999996,
            "std": 0.04970721115908978,
            "p5": -0.06999999999999999,
            "p25": -0.06000000000000001,
            "p75": -0.04,
            "p95": -0.03125070380184544,
            "zero_pct": 0.0,
            "total": -138.04101839950198
        },
        "reward_shaping": {
            "min": -1.5242291676200945,
            "max": 1.5144556218385696,
            "mean": 0.00557635018913114,
            "median": 0.010000000000000009,
            "std": 0.302758738300365,
            "p5": -0.016031911152931913,
            "p25": 0.003124743836282501,
            "p75": 0.010000000000000009,
            "p95": 0.010679222028094848,
            "zero_pct": 0.0,
            "total": 16.595218162854074
        },
        "reward_arbitrage_bonus": {
            "min": 0.0,
            "max": 0.6314299069344997,
            "mean": 0.01473678777689772,
            "median": 0.0,
            "std": 0.04907556063264978,
            "p5": 0.0,
            "p25": 0.0,
            "p75": 0.0,
            "p95": 0.09989005367970094,
            "zero_pct": 82.96370967741935,
            "total": 43.85668042404761
        },
        "reward_export_bonus": {
            "min": 0.0,
            "max": 0.47627698366238524,
            "mean": 0.008921524302614111,
            "median": 0.0,
            "std": 0.03669322847652728,
            "p5": 0.0,
            "p25": 0.0,
            "p75": 0.0,
            "p95": 0.06555200487993662,
            "zero_pct": 87.63440860215054,
            "total": 26.550456324579535
        },
        "reward_night_charging": {
            "min": 0.0,
            "max": 0.38118164986371994,
            "mean": 0.012080297038342142,
            "median": 0.0,
            "std": 0.0461542427749348,
            "p5": 0.0,
            "p25": 0.0,
            "p75": 0.0,
            "p95": 0.09114344604313374,
            "zero_pct": 89.34811827956989,
            "total": 35.95096398610622
        },
        "reward_action_mod_penalty": {
            "min": -0.17751374244689944,
            "max": -0.0,
            "mean": -0.02077584216949836,
            "median": -0.006771334434222211,
            "std": 0.02838849573128453,
            "p5": -0.08248153924942017,
            "p25": -0.033316152356565,
            "p75": 0.0,
            "p95": 0.0,
            "zero_pct": 45.026881720430104,
            "total": -61.82890629642707
        },
        "reward_morning_soc": {
            "min": 0,
            "max": 0,
            "mean": 0,
            "median": 0,
            "std": 0,
            "p5": 0,
            "p25": 0,
            "p75": 0,
            "p95": 0,
            "zero_pct": 100.0,
            "total": 0
        },
        "reward_night_peak_chain": {
            "min": 0,
            "max": 0,
            "mean": 0,
            "median": 0,
            "std": 0,
            "p5": 0,
            "p25": 0,
            "p75": 0,
            "p95": 0,
            "zero_pct": 100.0,
            "total": 0
        }
    }
}