{
    "total_reward": -86.15294746376658,
    "avg_battery_power": -0.0163294604718679,
    "max_battery_power": 10.0,
    "peak_grid_import": 14.196277176856995,
    "peak_grid_export": 10.0028249815,
    "export_energy_kwh": 101.01562057092141,
    "export_revenue": 0,
    "price_power_correlation": 0.29265226494535923,
    "avg_night_price": 28.219979838709616,
    "avg_day_price": 76.8684173387098,
    "night_charges_energy_kwh": 99.0529399789106,
    "day_charges_energy_kwh": 116.55977943318139,
    "night_day_charge_ratio": 0.8498037698818168,
    "avg_soc": 0.32704023128344906,
    "min_soc": 0.1,
    "max_soc": 0.9,
    "pct_time_in_preferred_range": 22.58064516129032,
    "pct_time_at_high_soc": 13.776881720430106,
    "violation_percentage": 0.0,
    "top3_peaks": [
        10.015,
        8.451,
        7.814096763849259
    ],
    "peak_rolling_average": 8.76003225461642,
    "current_capacity_fee": 711.7526206875841,
    "fixed_grid_fee_total": 730.0,
    "months_in_episode": 2,
    "peak_reduction_due_to_discount": 4.1812771768569945,
    "estimated_savings": 339.7287706196308,
    "night_peaks": 36,
    "day_peaks": 0,
    "actions_modified": 1288,
    "pct_modified_actions": 43.27956989247312,
    "avg_action_delta": 0.26108632082372607,
    "max_action_delta": 1.0,
    "reward_components": {
        "reward_grid_cost": -993.8612113555446,
        "reward_capacity_penalty": -772.7466979498214,
        "reward_battery_cost": -942.7596633720838,
        "reward_soc_reward": 99.17352695622984,
        "reward_shaping": 13.28938614666038,
        "reward_arbitrage_bonus": 460.85395347060904,
        "reward_export_bonus": 82.51173511371077,
        "reward_night_charging": 396.2117599156424,
        "reward_action_mod_penalty": -401.09858379310845,
        "reward_solar_soc": 8.126092832535505,
        "reward_night_peak_chain": 0.0
    },
    "reward_component_distributions": {
        "reward_grid_cost": {
            "min": -1.44127323375,
            "max": -0.0,
            "mean": -0.3339587403748471,
            "median": -0.2963075,
            "std": 0.2968237210667259,
            "p5": -0.9745826315521824,
            "p25": -0.47138143603830274,
            "p75": -0.09403964681779278,
            "p95": 0.0,
            "zero_pct": 12.936827956989246,
            "total": -993.8612113555446
        },
        "reward_capacity_penalty": {
            "min": -4.5981385884284975,
            "max": -0.0,
            "mean": -0.2596595087196982,
            "median": 0.0,
            "std": 0.6811889218699394,
            "p5": -1.9545977897495028,
            "p25": -0.0,
            "p75": 0.0,
            "p95": 0.0,
            "zero_pct": 79.40188172043011,
            "total": -772.7466979498214
        },
        "reward_battery_cost": {
            "min": -5.921052631578949,
            "max": -0.0,
            "mean": -0.3167875212943829,
            "median": -0.10977643582737073,
            "std": 0.5044879521277259,
            "p5": -1.134714180321776,
            "p25": -0.4898595305061655,
            "p75": 0.0,
            "p95": 0.0,
            "zero_pct": 39.44892473118279,
            "total": -942.7596633720838
        },
        "reward_soc_reward": {
            "min": -0.36000000000000004,
            "max": 1.4954622519548593,
            "mean": 0.03332443782131354,
            "median": -0.04655177642177996,
            "std": 0.33871290616233024,
            "p5": -0.32999999997184126,
            "p25": -0.06000000000000001,
            "p75": -0.020739084261182133,
            "p95": 0.9391568944742295,
            "zero_pct": 0.0,
            "total": 99.17352695622984
        },
        "reward_shaping": {
            "min": -1.6567767468924552,
            "max": 1.6413697797191904,
            "mean": 0.004465519538528418,
            "median": 0.010000000000000009,
            "std": 0.2800540477622168,
            "p5": -0.12404096403988923,
            "p25": 0.0023760650364562097,
            "p75": 0.015295243498858552,
            "p95": 0.0931909237150636,
            "zero_pct": 0.0,
            "total": 13.28938614666038
        },
        "reward_arbitrage_bonus": {
            "min": 0.0,
            "max": 8.75,
            "mean": 0.15485683920383364,
            "median": 0.0,
            "std": 0.5611881421447374,
            "p5": 0.0,
            "p25": 0.0,
            "p75": 0.0,
            "p95": 0.8213416859507561,
            "zero_pct": 78.52822580645162,
            "total": 460.85395347060904
        },
        "reward_export_bonus": {
            "min": 0.0,
            "max": 3.9309101612298702,
            "mean": 0.027725717444123228,
            "median": 0.0,
            "std": 0.16914633303570017,
            "p5": 0.0,
            "p25": 0.0,
            "p75": 0.0,
            "p95": 0.13063941460205436,
            "zero_pct": 87.06317204301075,
            "total": 82.51173511371077
        },
        "reward_night_charging": {
            "min": 0.0,
            "max": 3.0835145711898804,
            "mean": 0.13313567201466478,
            "median": 0.0,
            "std": 0.39856863419143623,
            "p5": 0.0,
            "p25": 0.0,
            "p75": 0.0,
            "p95": 1.1222554184496403,
            "zero_pct": 83.13172043010752,
            "total": 396.2117599156424
        },
        "reward_action_mod_penalty": {
            "min": -1.2000000000000002,
            "max": -0.0,
            "mean": -0.13477774993048,
            "median": 0.0,
            "std": 0.21197998602542492,
            "p5": -0.5924928188323975,
            "p25": -0.21618551313961398,
            "p75": 0.0,
            "p95": 0.0,
            "zero_pct": 56.72043010752689,
            "total": -401.09858379310845
        },
        "reward_morning_soc": {
            "min": 0,
            "max": 0,
            "mean": 0,
            "median": 0,
            "std": 0,
            "p5": 0,
            "p25": 0,
            "p75": 0,
            "p95": 0,
            "zero_pct": 100.0,
            "total": 0
        },
        "reward_night_peak_chain": {
            "min": 0,
            "max": 0,
            "mean": 0,
            "median": 0,
            "std": 0,
            "p5": 0,
            "p25": 0,
            "p75": 0,
            "p95": 0,
            "zero_pct": 100.0,
            "total": 0
        }
    }
}