{
    "total_reward": -203.8532745477488,
    "avg_battery_power": -0.004640752451347502,
    "max_battery_power": 3.220584988594055,
    "peak_grid_import": 12.520767142891884,
    "peak_grid_export": 3.223409970094055,
    "export_energy_kwh": 92.35191656617779,
    "export_revenue": 0,
    "price_power_correlation": 0.6340929214409539,
    "avg_night_price": 28.219979838709616,
    "avg_day_price": 76.8684173387098,
    "night_charges_energy_kwh": 66.00269933837154,
    "day_charges_energy_kwh": 47.484515628837,
    "night_day_charge_ratio": 1.3899836286481688,
    "avg_soc": 0.46550362237214565,
    "min_soc": 0.1,
    "max_soc": 0.9,
    "pct_time_in_preferred_range": 37.23118279569893,
    "pct_time_at_high_soc": 23.45430107526882,
    "violation_percentage": 0.0,
    "top3_peaks": [
        9.052064537405968,
        8.595951455295086,
        8.327
    ],
    "peak_rolling_average": 8.658338664233684,
    "current_capacity_fee": 703.4900164689868,
    "fixed_grid_fee_total": 730.0,
    "months_in_episode": 2,
    "peak_reduction_due_to_discount": 3.468702605485916,
    "estimated_savings": 281.83208669573065,
    "night_peaks": 68,
    "day_peaks": 0,
    "actions_modified": 739,
    "pct_modified_actions": 24.831989247311828,
    "avg_action_delta": 0.07274256554517092,
    "max_action_delta": 0.2978588044643402,
    "reward_components": {
        "reward_grid_cost": -980.4951586825683,
        "reward_capacity_penalty": -780.5027678963271,
        "reward_battery_cost": -503.18693680573875,
        "reward_soc_reward": 213.16233036357696,
        "reward_shaping": 4.489535077420292,
        "reward_arbitrage_bonus": 397.23686939524157,
        "reward_export_bonus": 74.73665228922104,
        "reward_night_charging": 264.01079735348617,
        "reward_action_mod_penalty": -64.09426843217821,
        "reward_solar_soc": 9.077550042420626,
        "reward_night_peak_chain": 0.0
    },
    "reward_component_distributions": {
        "reward_grid_cost": {
            "min": -1.5446272737500002,
            "max": -0.0,
            "mean": -0.3294674592347338,
            "median": -0.2724146105183285,
            "std": 0.2968172467846872,
            "p5": -0.9426590908825774,
            "p25": -0.46693948250000006,
            "p75": -0.10206800762331877,
            "p95": 0.0,
            "zero_pct": 15.020161290322582,
            "total": -980.4951586825683
        },
        "reward_capacity_penalty": {
            "min": -3.760383571445942,
            "max": -0.0,
            "mean": -0.262265715018927,
            "median": 0.0,
            "std": 0.6859633041270164,
            "p5": -1.9685387289337815,
            "p25": -0.0,
            "p75": 0.0,
            "p95": 0.0,
            "zero_pct": 79.56989247311827,
            "total": -780.5027678963271
        },
        "reward_battery_cost": {
            "min": -1.9069253221938487,
            "max": -0.0,
            "mean": -0.16908163199117557,
            "median": -0.11418190245565617,
            "std": 0.2143360923852996,
            "p5": -0.5705964702524637,
            "p25": -0.24547902803169563,
            "p75": -0.0037372643128037453,
            "p95": 0.0,
            "zero_pct": 21.303763440860216,
            "total": -503.18693680573875
        },
        "reward_soc_reward": {
            "min": -0.3960000000000001,
            "max": 0.7991238881712852,
            "mean": 0.07162712713829836,
            "median": -0.01664767814810187,
            "std": 0.30425540800941364,
            "p5": -0.35100000000000003,
            "p25": -0.06,
            "p75": 0.26655677209608586,
            "p95": 0.6612802708409465,
            "zero_pct": 0.0,
            "total": 213.16233036357696
        },
        "reward_shaping": {
            "min": -1.6062039550029459,
            "max": 1.6550608037540515,
            "mean": 0.0015085803351546857,
            "median": 0.007424044725365148,
            "std": 0.17007456618593253,
            "p5": -0.05129873409670948,
            "p25": -0.011517626230449204,
            "p75": 0.010198339598489495,
            "p95": 0.03727726490314892,
            "zero_pct": 0.0,
            "total": 4.489535077420292
        },
        "reward_arbitrage_bonus": {
            "min": 0.0,
            "max": 2.8180118650197983,
            "mean": 0.13348013084517527,
            "median": 0.0,
            "std": 0.30065786735991773,
            "p5": 0.0,
            "p25": 0.0,
            "p75": 0.18594449618831277,
            "p95": 0.7394257187843323,
            "zero_pct": 63.23924731182796,
            "total": 397.23686939524157
        },
        "reward_export_bonus": {
            "min": 0.0,
            "max": 1.266735650047562,
            "mean": 0.0251131224090124,
            "median": 0.0,
            "std": 0.10357259810764331,
            "p5": 0.0,
            "p25": 0.0,
            "p75": 0.0,
            "p95": 0.1820202810201872,
            "zero_pct": 84.97983870967742,
            "total": 74.73665228922104
        },
        "reward_night_charging": {
            "min": 0.0,
            "max": 0.7993345707654953,
            "mean": 0.08871330556232739,
            "median": 0.0,
            "std": 0.1768635693236626,
            "p5": 0.0,
            "p25": 0.0,
            "p75": 1.4039417228772777e-07,
            "p95": 0.5127158388495445,
            "zero_pct": 73.89112903225806,
            "total": 264.01079735348617
        },
        "reward_action_mod_penalty": {
            "min": -0.3574305653572083,
            "max": -0.0,
            "mean": -0.021537052564576012,
            "median": 0.0,
            "std": 0.04718381028691986,
            "p5": -0.1261180937290192,
            "p25": -0.0,
            "p75": 0.0,
            "p95": 0.0,
            "zero_pct": 75.16801075268818,
            "total": -64.09426843217821
        },
        "reward_morning_soc": {
            "min": 0,
            "max": 0,
            "mean": 0,
            "median": 0,
            "std": 0,
            "p5": 0,
            "p25": 0,
            "p75": 0,
            "p95": 0,
            "zero_pct": 100.0,
            "total": 0
        },
        "reward_night_peak_chain": {
            "min": 0,
            "max": 0,
            "mean": 0,
            "median": 0,
            "std": 0,
            "p5": 0,
            "p25": 0,
            "p75": 0,
            "p95": 0,
            "zero_pct": 100.0,
            "total": 0
        }
    }
}