{
    "total_reward": -18.318841064887387,
    "avg_battery_power": -0.016223890498101114,
    "max_battery_power": 2.0947644114494324,
    "peak_grid_import": 12.259495123237372,
    "peak_grid_export": 9.294860445194434,
    "export_energy_kwh": 1028.5034530619494,
    "export_revenue": 0,
    "price_power_correlation": 0.3938546388559062,
    "avg_night_price": 34.81749193548385,
    "avg_day_price": 58.76215725806439,
    "night_charges_energy_kwh": 30.372341264758624,
    "day_charges_energy_kwh": 92.59258313624642,
    "night_day_charge_ratio": 0.32802131915973115,
    "avg_soc": 0.680714028319685,
    "min_soc": 0.1,
    "max_soc": 0.9,
    "pct_time_in_preferred_range": 44.69086021505376,
    "pct_time_at_high_soc": 46.63978494623656,
    "violation_percentage": 0.0,
    "top3_peaks": [
        7.500596137672662,
        6.890893978714943,
        6.129747561618686
    ],
    "peak_rolling_average": 6.84041255933543,
    "current_capacity_fee": 555.7835204460036,
    "fixed_grid_fee_total": 730.0,
    "months_in_episode": 2,
    "peak_reduction_due_to_discount": 4.758898985564709,
    "estimated_savings": 386.6605425771326,
    "night_peaks": 17,
    "day_peaks": 0,
    "actions_modified": 807,
    "pct_modified_actions": 27.116935483870968,
    "avg_action_delta": 0.17570060017251138,
    "max_action_delta": 0.720408022403717,
    "reward_components": {
        "reward_grid_cost": -499.2669694534138,
        "reward_capacity_penalty": -268.49913797127846,
        "reward_battery_cost": -525.482038758138,
        "reward_soc_reward": 529.2825566524441,
        "reward_shaping": 2.928315204995287,
        "reward_arbitrage_bonus": 325.1961621206538,
        "reward_export_bonus": 405.7617257173753,
        "reward_night_charging": 121.4893650590345,
        "reward_action_mod_penalty": -169.18407837061184,
        "reward_solar_soc": 74.90394168999046,
        "reward_night_peak_chain": 0.0
    },
    "reward_component_distributions": {
        "reward_grid_cost": {
            "min": -2.693548997895387,
            "max": -0.0,
            "mean": -0.16776443866042146,
            "median": -0.0023177724075037053,
            "std": 0.30856667595150306,
            "p5": -0.7124753672697385,
            "p25": -0.22037415625,
            "p75": 0.0,
            "p95": 0.0,
            "zero_pct": 47.88306451612903,
            "total": -499.2669694534138
        },
        "reward_capacity_penalty": {
            "min": -3.629747561618686,
            "max": -0.0,
            "mean": -0.0902214845333596,
            "median": 0.0,
            "std": 0.3521166684755678,
            "p5": -0.6487629338167609,
            "p25": -0.0,
            "p75": 0.0,
            "p95": 0.0,
            "zero_pct": 87.97043010752688,
            "total": -268.49913797127846
        },
        "reward_battery_cost": {
            "min": -1.6696699317544699,
            "max": -0.0,
            "mean": -0.17657326571173987,
            "median": -0.09055399830685928,
            "std": 0.2252087895937108,
            "p5": -0.6010265654829136,
            "p25": -0.2566658376599662,
            "p75": -0.000282983712147851,
            "p95": 0.0,
            "zero_pct": 18.98521505376344,
            "total": -525.482038758138
        },
        "reward_soc_reward": {
            "min": -0.36000000000000004,
            "max": 1.495622083353537,
            "mean": 0.17785032145579385,
            "median": -0.02566577529734258,
            "std": 0.5574077777152752,
            "p5": -0.35999999999999965,
            "p25": -0.31500000000000006,
            "p75": 0.5984218666748299,
            "p95": 1.2953010601078734,
            "zero_pct": 0.0,
            "total": 529.2825566524441
        },
        "reward_shaping": {
            "min": -1.5049806079860801,
            "max": 1.9333094708115273,
            "mean": 0.0009839768833989646,
            "median": 0.004420464156640309,
            "std": 0.197455536620923,
            "p5": -0.06003980321680469,
            "p25": -0.01018240527625315,
            "p75": 0.010989305047332632,
            "p95": 0.053324161147083604,
            "zero_pct": 0.0,
            "total": 2.928315204995287
        },
        "reward_arbitrage_bonus": {
            "min": 0.0,
            "max": 1.5622642636299133,
            "mean": 0.1092729039383917,
            "median": 0.0,
            "std": 0.22809656671500347,
            "p5": 0.0,
            "p25": 0.0,
            "p75": 0.08815991866867989,
            "p95": 0.6952192005701363,
            "zero_pct": 66.86827956989248,
            "total": 325.1961621206538
        },
        "reward_export_bonus": {
            "min": 0.0,
            "max": 1.4312504959323746,
            "mean": 0.1363446658996558,
            "median": 0.0,
            "std": 0.22017431236188756,
            "p5": 0.0,
            "p25": 0.0,
            "p75": 0.2263778599419577,
            "p95": 0.5704384242830528,
            "zero_pct": 52.11693548387096,
            "total": 405.7617257173753
        },
        "reward_night_charging": {
            "min": 0.0,
            "max": 1.298411786556244,
            "mean": 0.04082303933435299,
            "median": 0.0,
            "std": 0.1571234997306336,
            "p5": 0.0,
            "p25": 0.0,
            "p75": 0.0,
            "p95": 0.2957269921898842,
            "zero_pct": 85.4502688172043,
            "total": 121.4893650590345
        },
        "reward_action_mod_penalty": {
            "min": -0.8644896268844605,
            "max": -0.0,
            "mean": -0.05684948869980234,
            "median": 0.0,
            "std": 0.12546734351287867,
            "p5": -0.33069106042385105,
            "p25": -0.03324734810739756,
            "p75": 0.0,
            "p95": 0.0,
            "zero_pct": 72.88306451612904,
            "total": -169.18407837061184
        },
        "reward_morning_soc": {
            "min": 0,
            "max": 0,
            "mean": 0,
            "median": 0,
            "std": 0,
            "p5": 0,
            "p25": 0,
            "p75": 0,
            "p95": 0,
            "zero_pct": 100.0,
            "total": 0
        },
        "reward_night_peak_chain": {
            "min": 0,
            "max": 0,
            "mean": 0,
            "median": 0,
            "std": 0,
            "p5": 0,
            "p25": 0,
            "p75": 0,
            "p95": 0,
            "zero_pct": 100.0,
            "total": 0
        }
    }
}