{
    "best_epoch": 49,
    "best_training_loss": 3.308788299560547,
    "epochs_trained": 50,
    "training_losses": [
        8.078551292419434,
        7.051610946655273,
        6.795048236846924,
        6.637332439422607,
        6.596930503845215,
        6.545703411102295,
        6.518447399139404,
        6.521439075469971,
        6.493585109710693,
        5.692267417907715,
        4.29288911819458,
        4.113778114318848,
        4.026042461395264,
        3.979557991027832,
        3.914130449295044,
        3.886195421218872,
        3.8457536697387695,
        3.8208699226379395,
        3.8059921264648438,
        3.757654905319214,
        3.7630720138549805,
        3.7361369132995605,
        3.6867990493774414,
        3.690626382827759,
        3.6671571731567383,
        3.6410069465637207,
        3.6474995613098145,
        3.6208724975585938,
        3.6021006107330322,
        3.5950534343719482,
        3.5899133682250977,
        3.559582471847534,
        3.5561845302581787,
        3.525754690170288,
        3.510066032409668,
        3.495105743408203,
        3.502507209777832,
        3.4658215045928955,
        3.45102858543396,
        3.452056407928467,
        3.4639182090759277,
        3.424041509628296,
        3.409072160720825,
        3.386596202850342,
        3.373572587966919,
        3.3639039993286133,
        3.3636715412139893,
        3.3596339225769043,
        3.308788299560547,
        3.3326773643493652
    ],
    "final_loss": 3.3326773643493652,
    "training_accuracy": [
        0.4506246745586395,
        0.37268298864364624,
        0.31812241673469543,
        0.2716459333896637,
        0.2506328523159027,
        0.24120144546031952,
        0.2543618381023407,
        0.26045891642570496,
        0.2872016131877899,
        0.5691227316856384,
        0.747829258441925,
        0.7532458901405334,
        0.7570701241493225,
        0.7588666081428528,
        0.7667601108551025,
        0.7672908902168274,
        0.7719589471817017,
        0.7721766829490662,
        0.7719317078590393,
        0.7799341082572937,
        0.7796619534492493,
        0.7767359018325806,
        0.7826424241065979,
        0.7825199365615845,
        0.7830915451049805,
        0.7850921154022217,
        0.785405158996582,
        0.7891749739646912,
        0.7902909517288208,
        0.7890797257423401,
        0.7918832898139954,
        0.7910667061805725,
        0.7914341688156128,
        0.7924820780754089,
        0.7943058013916016,
        0.7958980798721313,
        0.7963607907295227,
        0.7959661483764648,
        0.7968507409095764,
        0.7977353930473328,
        0.7925909757614136,
        0.7976264953613281,
        0.8001714944839478,
        0.7999809384346008,
        0.8033697009086609,
        0.8026075959205627,
        0.8008383512496948,
        0.8044720888137817,
        0.8038596510887146,
        0.80173659324646
    ],
    "date_trained": "2025-05-09 04:46:31"
}