{"accuracy": [0.44157904386520386, 0.3819710910320282, 0.32480499148368835, 0.27830156683921814, 0.25445297360420227, 0.23711591958999634, 0.23449772596359253, 0.2402903139591217, 0.25610798597335815, 0.26431527733802795, 0.3719324469566345, 0.6981754302978516, 0.7519772052764893, 0.7599538564682007, 0.7664111852645874, 0.7665332555770874, 0.7695448398590088, 0.7700196504592896, 0.7723801136016846, 0.7758257985115051, 0.7779691815376282, 0.7799633741378784, 0.7823644876480103, 0.7842501401901245, 0.7876687049865723, 0.78587806224823, 0.7845214605331421, 0.7872346043586731, 0.7904361486434937, 0.7897307276725769, 0.7908160090446472, 0.7920233607292175, 0.7918198704719543, 0.7916299104690552, 0.7910194396972656, 0.7917791604995728, 0.796269416809082, 0.7927423119544983, 0.7978159189224243, 0.7957946062088013, 0.7973139882087708, 0.7969205975532532, 0.7984806299209595, 0.7981007695198059, 0.802143394947052, 0.7994031310081482, 0.8017771244049072, 0.8015871644020081, 0.8006918430328369, 0.8027673959732056], "auc": [0.502048671245575, 0.5025697946548462, 0.5029693245887756, 0.5028555989265442, 0.5092191696166992, 0.5147268772125244, 0.5183039903640747, 0.5244314074516296, 0.5313611626625061, 0.5364276766777039, 0.5991352796554565, 0.8309903144836426, 0.8726596832275391, 0.8832256197929382, 0.8867682218551636, 0.8898036479949951, 0.8938735127449036, 0.8946201205253601, 0.8966084718704224, 0.8980094194412231, 0.9004606008529663, 0.9007930159568787, 0.9016340970993042, 0.9024534225463867, 0.9037315845489502, 0.9053211212158203, 0.9054474234580994, 0.9056591987609863, 0.9076554179191589, 0.9085022807121277, 0.909010648727417, 0.9094468355178833, 0.9100884795188904, 0.9107175469398499, 0.911004900932312, 0.9115023612976074, 0.9131733775138855, 0.9128549098968506, 0.9141072034835815, 0.9140905141830444, 0.9154146313667297, 0.9157697558403015, 0.9165046215057373, 0.9163926243782043, 0.9178262948989868, 0.9177918434143066, 0.9173014163970947, 0.9182681441307068, 0.9186874628067017, 0.9194767475128174], "loss": [8.517056465148926, 7.233046054840088, 6.948971748352051, 6.7887043952941895, 6.676529407501221, 6.592136383056641, 6.558387756347656, 6.5353899002075195, 6.515671730041504, 6.5061726570129395, 6.376479625701904, 4.84243106842041, 4.200857162475586, 4.0224289894104, 3.9755213260650635, 3.919518232345581, 3.8509106636047363, 3.834012269973755, 3.8011505603790283, 3.771684408187866, 3.7195825576782227, 3.715902805328369, 3.712765693664551, 3.6920058727264404, 3.6655361652374268, 3.6166138648986816, 3.6348986625671387, 3.6283164024353027, 3.5844054222106934, 3.560577869415283, 3.5608012676239014, 3.5520577430725098, 3.52726149559021, 3.5070159435272217, 3.5006496906280518, 3.495208978652954, 3.4549858570098877, 3.4677298069000244, 3.4465537071228027, 3.4278931617736816, 3.408353567123413, 3.3890600204467773, 3.382467031478882, 3.3805689811706543, 3.350583076477051, 3.3418984413146973, 3.350731372833252, 3.3431787490844727, 3.3399879932403564, 3.3153076171875], "precision": [0.2008017599582672, 0.20150338113307953, 0.20058125257492065, 0.20117488503456116, 0.2018505036830902, 0.20199088752269745, 0.2015777975320816, 0.20176947116851807, 0.20352870225906372, 0.20449307560920715, 0.22240793704986572, 0.38474294543266296, 0.44009342789649963, 0.44937923550605774, 0.456670880317688, 0.45697444677352905, 0.46066510677337646, 0.4611763060092926, 0.4640587568283081, 0.4682624638080597, 0.47093355655670166, 0.47350671887397766, 0.476457804441452, 0.478870153427124, 0.48330211639404297, 0.4810347855091095, 0.47932446002960205, 0.48279646039009094, 0.48701706528663635, 0.48613399267196655, 0.4874967634677887, 0.48907631635665894, 0.4888271391391754, 0.488651841878891, 0.48783087730407715, 0.48882579803466797, 0.49487075209617615, 0.4901708662509918, 0.4969921112060547, 0.4942605495452881, 0.49630871415138245, 0.49578991532325745, 0.49791091680526733, 0.4973929226398468, 0.5029683709144592, 0.4991813004016876, 0.5024595260620117, 0.5021896362304688, 0.5009548664093018, 0.5038328766822815], "recall": [0.6013701558113098, 0.7054873704910278, 0.7958353161811829, 0.8780438303947449, 0.9233534336090088, 0.953808605670929, 0.9549616575241089, 0.9466865658760071, 0.9334599375724792, 0.9267448782920837, 0.8574238419532776, 0.8497592210769653, 0.881977915763855, 0.8887607455253601, 0.885030210018158, 0.8886250853538513, 0.8916773796081543, 0.8903208374977112, 0.8915417194366455, 0.8916773796081543, 0.8923556804656982, 0.8952723145484924, 0.8922878503799438, 0.8923556804656982, 0.8922878503799438, 0.8954758048057556, 0.8971037268638611, 0.8956114649772644, 0.8969002366065979, 0.9000881910324097, 0.895204484462738, 0.892830491065979, 0.8947296738624573, 0.9010377526283264, 0.9000203609466553, 0.8990707397460938, 0.8998168706893921, 0.9048361778259277, 0.9021908640861511, 0.9053788185119629, 0.9028691649436951, 0.906599760055542, 0.9053109884262085, 0.9058536291122437, 0.9079563021659851, 0.9098555445671082, 0.9076171517372131, 0.9100590348243713, 0.90741366147995, 0.9094485640525818], "learning_rate": [0.0005000000237487257, 0.0005000000237487257, 0.0005000000237487257, 0.0005000000237487257, 0.0005000000237487257, 0.0005000000237487257, 0.0005000000237487257, 0.0005000000237487257, 0.0005000000237487257, 0.0005000000237487257, 0.0005000000237487257, 0.0005000000237487257, 0.0005000000237487257, 0.0005000000237487257, 0.0005000000237487257, 0.0005000000237487257, 0.0005000000237487257, 0.0005000000237487257, 0.0005000000237487257, 0.0005000000237487257, 0.0005000000237487257, 0.0005000000237487257, 0.0005000000237487257, 0.0005000000237487257, 0.0005000000237487257, 0.0005000000237487257, 0.0005000000237487257, 0.0005000000237487257, 0.0005000000237487257, 0.0005000000237487257, 0.0005000000237487257, 0.0005000000237487257, 0.0005000000237487257, 0.0005000000237487257, 0.0005000000237487257, 0.0005000000237487257, 0.0005000000237487257, 0.0005000000237487257, 0.0005000000237487257, 0.0005000000237487257, 0.0005000000237487257, 0.0005000000237487257, 0.0005000000237487257, 0.0005000000237487257, 0.0005000000237487257, 0.0005000000237487257, 0.0005000000237487257, 0.0005000000237487257, 0.0005000000237487257, 0.0005000000237487257]}