{"accuracy": [0.45277273654937744, 0.4040839970111847, 0.35194456577301025, 0.30686894059181213, 0.28314703702926636, 0.31294485926628113, 0.37798047065734863, 0.6074183583259583, 0.7319007515907288, 0.7462989687919617, 0.7562315464019775, 0.7587485313415527, 0.7625645995140076, 0.7614414691925049, 0.7629705667495728, 0.7680045366287231, 0.7685187458992004, 0.7675444483757019, 0.7674903273582458, 0.773931622505188, 0.7725648880004883, 0.7727813720703125, 0.7744458317756653, 0.7750548124313354, 0.7757855653762817, 0.778180718421936, 0.778180718421936, 0.7765027284622192, 0.7789655923843384, 0.7810901403427124, 0.7819020748138428, 0.7817126512527466, 0.7840672135353088, 0.7856640219688416, 0.7834718227386475, 0.7853257060050964, 0.7856234312057495, 0.7878426909446716, 0.784175455570221, 0.7870984077453613, 0.7885463833808899, 0.7900890707969666, 0.7904273271560669, 0.7869495749473572, 0.7896289229393005, 0.7863271236419678, 0.7890605926513672, 0.7881810069084167, 0.7906979918479919, 0.7896695733070374], "auc": [0.5043798685073853, 0.507392942905426, 0.508195161819458, 0.5129728317260742, 0.5231242179870605, 0.5389635562896729, 0.5912085175514221, 0.7460835576057434, 0.8477107286453247, 0.8644092679023743, 0.8746688961982727, 0.8800215721130371, 0.8827686905860901, 0.8858943581581116, 0.8867449164390564, 0.890990138053894, 0.8906943202018738, 0.891411304473877, 0.8924269676208496, 0.8941750526428223, 0.8957420587539673, 0.8968340158462524, 0.8973801732063293, 0.8979789018630981, 0.8989712595939636, 0.8997821807861328, 0.8995704054832458, 0.8998684287071228, 0.9016122817993164, 0.9016599059104919, 0.9010249376296997, 0.9034867286682129, 0.9030030965805054, 0.9039753675460815, 0.9037458896636963, 0.904503583908081, 0.9059256315231323, 0.906761884689331, 0.9053067564964294, 0.9064170718193054, 0.9066240787506104, 0.9078699946403503, 0.9089059829711914, 0.9077873229980469, 0.909216046333313, 0.9087367653846741, 0.9089781045913696, 0.9098033905029297, 0.911359429359436, 0.9100003242492676], "loss": [7.945011138916016, 6.972508907318115, 6.716837406158447, 6.570891380310059, 6.53133487701416, 6.477196216583252, 6.361466407775879, 5.6572041511535645, 4.573530673980713, 4.306935787200928, 4.148445129394531, 4.074030876159668, 4.0162858963012695, 3.9540557861328125, 3.954085350036621, 3.880845785140991, 3.8924472332000732, 3.874023675918579, 3.856248617172241, 3.8149547576904297, 3.803438186645508, 3.772336483001709, 3.7635295391082764, 3.7487690448760986, 3.7302565574645996, 3.7217540740966797, 3.7174408435821533, 3.7174224853515625, 3.6873738765716553, 3.6781246662139893, 3.692054033279419, 3.6474287509918213, 3.6595425605773926, 3.639735221862793, 3.636063814163208, 3.6239893436431885, 3.5968902111053467, 3.580535888671875, 3.6099374294281006, 3.5784480571746826, 3.5847315788269043, 3.5582592487335205, 3.5165517330169678, 3.5577175617218018, 3.5168075561523438, 3.5317726135253906, 3.525831937789917, 3.5147740840911865, 3.4743800163269043, 3.5057218074798584], "precision": [0.19508787989616394, 0.19628112018108368, 0.19612731039524078, 0.19673582911491394, 0.19858045876026154, 0.20381422340869904, 0.21795646846294403, 0.3012891113758087, 0.4077167809009552, 0.4236195981502533, 0.4345395267009735, 0.43756532669067383, 0.4420498311519623, 0.4408237338066101, 0.4425642490386963, 0.44841694831848145, 0.4489257037639618, 0.4480229616165161, 0.4479668438434601, 0.4555467367172241, 0.45393437147140503, 0.45423510670661926, 0.45631489157676697, 0.45714595913887024, 0.45793378353118896, 0.46093693375587463, 0.4610219895839691, 0.4588196873664856, 0.4619695842266083, 0.46451258659362793, 0.46560147404670715, 0.4654863476753235, 0.4683329164981842, 0.4703652858734131, 0.46763676404953003, 0.46994656324386597, 0.47035470604896545, 0.47325825691223145, 0.4684714674949646, 0.47230592370033264, 0.474258691072464, 0.4762493371963501, 0.4767724275588989, 0.47227972745895386, 0.47571077942848206, 0.47137248516082764, 0.474916011095047, 0.473869651556015, 0.4772498905658722, 0.475888192653656], "recall": [0.58831787109375, 0.67586350440979, 0.7622858881950378, 0.8420387506484985, 0.8956753611564636, 0.882336437702179, 0.8605026602745056, 0.785944938659668, 0.8635214567184448, 0.8768604397773743, 0.8784751296043396, 0.881704568862915, 0.8841617703437805, 0.8851446509361267, 0.8850042223930359, 0.8849340081214905, 0.8830384612083435, 0.8877422213554382, 0.8878825902938843, 0.885636031627655, 0.8865486979484558, 0.887391209602356, 0.8887952566146851, 0.8908312320709229, 0.8884442448616028, 0.8897079229354858, 0.891814112663269, 0.8885846734046936, 0.8911822438240051, 0.8881634473800659, 0.8899185657501221, 0.893358588218689, 0.8892866969108582, 0.888654887676239, 0.8911822438240051, 0.8892164826393127, 0.8899887800216675, 0.8908312320709229, 0.8892866969108582, 0.8913928866386414, 0.8937798142433167, 0.8925161361694336, 0.8956051468849182, 0.8970794677734375, 0.8951137065887451, 0.8935692310333252, 0.8932182192802429, 0.8969390392303467, 0.9005897045135498, 0.8999578952789307], "learning_rate": [0.0005000000237487257, 0.0005000000237487257, 0.0005000000237487257, 0.0005000000237487257, 0.0005000000237487257, 0.0005000000237487257, 0.0005000000237487257, 0.0005000000237487257, 0.0005000000237487257, 0.0005000000237487257, 0.0005000000237487257, 0.0005000000237487257, 0.0005000000237487257, 0.0005000000237487257, 0.0005000000237487257, 0.0005000000237487257, 0.0005000000237487257, 0.0005000000237487257, 0.0005000000237487257, 0.0005000000237487257, 0.0005000000237487257, 0.0005000000237487257, 0.0005000000237487257, 0.0005000000237487257, 0.0005000000237487257, 0.0005000000237487257, 0.0005000000237487257, 0.0005000000237487257, 0.0005000000237487257, 0.0005000000237487257, 0.0005000000237487257, 0.0005000000237487257, 0.0005000000237487257, 0.0005000000237487257, 0.0005000000237487257, 0.0005000000237487257, 0.0005000000237487257, 0.0005000000237487257, 0.0005000000237487257, 0.0005000000237487257, 0.0005000000237487257, 0.0005000000237487257, 0.0005000000237487257, 0.0005000000237487257, 0.0005000000237487257, 0.0005000000237487257, 0.0005000000237487257, 0.0005000000237487257, 0.0005000000237487257, 0.0005000000237487257]}