{
    "best_epoch": 49,
    "best_training_loss": 3.4743800163269043,
    "epochs_trained": 50,
    "training_losses": [
        7.945011138916016,
        6.972508907318115,
        6.716837406158447,
        6.570891380310059,
        6.53133487701416,
        6.477196216583252,
        6.361466407775879,
        5.6572041511535645,
        4.573530673980713,
        4.306935787200928,
        4.148445129394531,
        4.074030876159668,
        4.0162858963012695,
        3.9540557861328125,
        3.954085350036621,
        3.880845785140991,
        3.8924472332000732,
        3.874023675918579,
        3.856248617172241,
        3.8149547576904297,
        3.803438186645508,
        3.772336483001709,
        3.7635295391082764,
        3.7487690448760986,
        3.7302565574645996,
        3.7217540740966797,
        3.7174408435821533,
        3.7174224853515625,
        3.6873738765716553,
        3.6781246662139893,
        3.692054033279419,
        3.6474287509918213,
        3.6595425605773926,
        3.639735221862793,
        3.636063814163208,
        3.6239893436431885,
        3.5968902111053467,
        3.580535888671875,
        3.6099374294281006,
        3.5784480571746826,
        3.5847315788269043,
        3.5582592487335205,
        3.5165517330169678,
        3.5577175617218018,
        3.5168075561523438,
        3.5317726135253906,
        3.525831937789917,
        3.5147740840911865,
        3.4743800163269043,
        3.5057218074798584
    ],
    "final_loss": 3.5057218074798584,
    "training_accuracy": [
        0.45277273654937744,
        0.4040839970111847,
        0.35194456577301025,
        0.30686894059181213,
        0.28314703702926636,
        0.31294485926628113,
        0.37798047065734863,
        0.6074183583259583,
        0.7319007515907288,
        0.7462989687919617,
        0.7562315464019775,
        0.7587485313415527,
        0.7625645995140076,
        0.7614414691925049,
        0.7629705667495728,
        0.7680045366287231,
        0.7685187458992004,
        0.7675444483757019,
        0.7674903273582458,
        0.773931622505188,
        0.7725648880004883,
        0.7727813720703125,
        0.7744458317756653,
        0.7750548124313354,
        0.7757855653762817,
        0.778180718421936,
        0.778180718421936,
        0.7765027284622192,
        0.7789655923843384,
        0.7810901403427124,
        0.7819020748138428,
        0.7817126512527466,
        0.7840672135353088,
        0.7856640219688416,
        0.7834718227386475,
        0.7853257060050964,
        0.7856234312057495,
        0.7878426909446716,
        0.784175455570221,
        0.7870984077453613,
        0.7885463833808899,
        0.7900890707969666,
        0.7904273271560669,
        0.7869495749473572,
        0.7896289229393005,
        0.7863271236419678,
        0.7890605926513672,
        0.7881810069084167,
        0.7906979918479919,
        0.7896695733070374
    ],
    "date_trained": "2025-06-15 12:35:29"
}