{"accuracy": [0.4506246745586395, 0.37268298864364624, 0.31812241673469543, 0.2716459333896637, 0.2506328523159027, 0.24120144546031952, 0.2543618381023407, 0.26045891642570496, 0.2872016131877899, 0.5691227316856384, 0.747829258441925, 0.7532458901405334, 0.7570701241493225, 0.7588666081428528, 0.7667601108551025, 0.7672908902168274, 0.7719589471817017, 0.7721766829490662, 0.7719317078590393, 0.7799341082572937, 0.7796619534492493, 0.7767359018325806, 0.7826424241065979, 0.7825199365615845, 0.7830915451049805, 0.7850921154022217, 0.785405158996582, 0.7891749739646912, 0.7902909517288208, 0.7890797257423401, 0.7918832898139954, 0.7910667061805725, 0.7914341688156128, 0.7924820780754089, 0.7943058013916016, 0.7958980798721313, 0.7963607907295227, 0.7959661483764648, 0.7968507409095764, 0.7977353930473328, 0.7925909757614136, 0.7976264953613281, 0.8001714944839478, 0.7999809384346008, 0.8033697009086609, 0.8026075959205627, 0.8008383512496948, 0.8044720888137817, 0.8038596510887146, 0.80173659324646], "auc": [0.5036394596099854, 0.49938318133354187, 0.5041059255599976, 0.518301784992218, 0.5148051977157593, 0.5195304751396179, 0.530899703502655, 0.5326249599456787, 0.5449809432029724, 0.7391917705535889, 0.8673330545425415, 0.8770203590393066, 0.8824107050895691, 0.8849892616271973, 0.889317512512207, 0.8908219337463379, 0.8933271169662476, 0.8949542045593262, 0.8956400156021118, 0.8983380794525146, 0.8988635540008545, 0.8996900320053101, 0.9027369022369385, 0.9018167853355408, 0.9031643867492676, 0.9038916826248169, 0.9050811529159546, 0.9058506488800049, 0.9066506028175354, 0.9073234796524048, 0.9074901342391968, 0.9086252450942993, 0.9087460041046143, 0.9103088974952698, 0.911396861076355, 0.9114819765090942, 0.9119816422462463, 0.9134458899497986, 0.9136255383491516, 0.913976788520813, 0.912792444229126, 0.9150944352149963, 0.9158332347869873, 0.9166388511657715, 0.9175748825073242, 0.9172877669334412, 0.9174290895462036, 0.9180914163589478, 0.9196280241012573, 0.919303834438324], "loss": [8.078551292419434, 7.051610946655273, 6.795048236846924, 6.637332439422607, 6.596930503845215, 6.545703411102295, 6.518447399139404, 6.521439075469971, 6.493585109710693, 5.692267417907715, 4.29288911819458, 4.113778114318848, 4.026042461395264, 3.979557991027832, 3.914130449295044, 3.886195421218872, 3.8457536697387695, 3.8208699226379395, 3.8059921264648438, 3.757654905319214, 3.7630720138549805, 3.7361369132995605, 3.6867990493774414, 3.690626382827759, 3.6671571731567383, 3.6410069465637207, 3.6474995613098145, 3.6208724975585938, 3.6021006107330322, 3.5950534343719482, 3.5899133682250977, 3.559582471847534, 3.5561845302581787, 3.525754690170288, 3.510066032409668, 3.495105743408203, 3.502507209777832, 3.4658215045928955, 3.45102858543396, 3.452056407928467, 3.4639182090759277, 3.424041509628296, 3.409072160720825, 3.386596202850342, 3.373572587966919, 3.3639039993286133, 3.3636715412139893, 3.3596339225769043, 3.308788299560547, 3.3326773643493652], "precision": [0.20133556425571442, 0.19970926642417908, 0.2008752077817917, 0.20248295366764069, 0.2020401805639267, 0.20155546069145203, 0.2032478153705597, 0.20367740094661713, 0.20722611248493195, 0.2917945086956024, 0.4352058470249176, 0.4418691098690033, 0.44620996713638306, 0.44835126399993896, 0.4574227035045624, 0.45806294679641724, 0.46346911787986755, 0.4638219475746155, 0.4634906053543091, 0.4732663929462433, 0.4729607403278351, 0.4694380760192871, 0.4768303334712982, 0.47668299078941345, 0.47740575671195984, 0.4799502491950989, 0.4803774654865265, 0.4853147268295288, 0.48676013946533203, 0.48516425490379333, 0.488887220621109, 0.48782747983932495, 0.48828908801078796, 0.4897131621837616, 0.4921673536300659, 0.4943492114543915, 0.49495595693588257, 0.4944417476654053, 0.4956511855125427, 0.4968593716621399, 0.48989954590797424, 0.4967101514339447, 0.5002265572547913, 0.49996230006217957, 0.504693865776062, 0.5036211013793945, 0.501149594783783, 0.50627201795578, 0.5053710341453552, 0.5023968815803528], "recall": [0.5888397693634033, 0.7105137705802917, 0.8090506792068481, 0.8990132808685303, 0.9313371777534485, 0.9435182213783264, 0.9343314170837402, 0.927186131477356, 0.9074515104293823, 0.8089826703071594, 0.8762164115905762, 0.8886696100234985, 0.8905069828033447, 0.8928887248039246, 0.8930248618125916, 0.893433153629303, 0.8896903991699219, 0.8920721411705017, 0.8911194205284119, 0.8884654641151428, 0.8897584080696106, 0.8937053680419922, 0.8935011625289917, 0.8938414454460144, 0.8936372995376587, 0.8926845788955688, 0.8937733769416809, 0.8950663208961487, 0.8931609392166138, 0.8935011625289917, 0.8936372995376587, 0.8958829641342163, 0.8937733769416809, 0.8957468271255493, 0.8958148956298828, 0.8989452123641968, 0.8947941660881042, 0.8989452123641968, 0.8996937870979309, 0.8989452123641968, 0.8994215726852417, 0.8990132808685303, 0.9015311598777771, 0.9026879668235779, 0.9036406874656677, 0.9038448333740234, 0.9047975540161133, 0.9008506536483765, 0.9060224294662476, 0.9057502746582031], "learning_rate": [0.0005000000237487257, 0.0005000000237487257, 0.0005000000237487257, 0.0005000000237487257, 0.0005000000237487257, 0.0005000000237487257, 0.0005000000237487257, 0.0005000000237487257, 0.0005000000237487257, 0.0005000000237487257, 0.0005000000237487257, 0.0005000000237487257, 0.0005000000237487257, 0.0005000000237487257, 0.0005000000237487257, 0.0005000000237487257, 0.0005000000237487257, 0.0005000000237487257, 0.0005000000237487257, 0.0005000000237487257, 0.0005000000237487257, 0.0005000000237487257, 0.0005000000237487257, 0.0005000000237487257, 0.0005000000237487257, 0.0005000000237487257, 0.0005000000237487257, 0.0005000000237487257, 0.0005000000237487257, 0.0005000000237487257, 0.0005000000237487257, 0.0005000000237487257, 0.0005000000237487257, 0.0005000000237487257, 0.0005000000237487257, 0.0005000000237487257, 0.0005000000237487257, 0.0005000000237487257, 0.0005000000237487257, 0.0005000000237487257, 0.0005000000237487257, 0.0005000000237487257, 0.0005000000237487257, 0.0005000000237487257, 0.0005000000237487257, 0.0005000000237487257, 0.0005000000237487257, 0.0005000000237487257, 0.0005000000237487257, 0.0005000000237487257]}