{
    "best_epoch": 50,
    "best_training_loss": 3.3153076171875,
    "epochs_trained": 50,
    "training_losses": [
        8.517056465148926,
        7.233046054840088,
        6.948971748352051,
        6.7887043952941895,
        6.676529407501221,
        6.592136383056641,
        6.558387756347656,
        6.5353899002075195,
        6.515671730041504,
        6.5061726570129395,
        6.376479625701904,
        4.84243106842041,
        4.200857162475586,
        4.0224289894104,
        3.9755213260650635,
        3.919518232345581,
        3.8509106636047363,
        3.834012269973755,
        3.8011505603790283,
        3.771684408187866,
        3.7195825576782227,
        3.715902805328369,
        3.712765693664551,
        3.6920058727264404,
        3.6655361652374268,
        3.6166138648986816,
        3.6348986625671387,
        3.6283164024353027,
        3.5844054222106934,
        3.560577869415283,
        3.5608012676239014,
        3.5520577430725098,
        3.52726149559021,
        3.5070159435272217,
        3.5006496906280518,
        3.495208978652954,
        3.4549858570098877,
        3.4677298069000244,
        3.4465537071228027,
        3.4278931617736816,
        3.408353567123413,
        3.3890600204467773,
        3.382467031478882,
        3.3805689811706543,
        3.350583076477051,
        3.3418984413146973,
        3.350731372833252,
        3.3431787490844727,
        3.3399879932403564,
        3.3153076171875
    ],
    "final_loss": 3.3153076171875,
    "training_accuracy": [
        0.44157904386520386,
        0.3819710910320282,
        0.32480499148368835,
        0.27830156683921814,
        0.25445297360420227,
        0.23711591958999634,
        0.23449772596359253,
        0.2402903139591217,
        0.25610798597335815,
        0.26431527733802795,
        0.3719324469566345,
        0.6981754302978516,
        0.7519772052764893,
        0.7599538564682007,
        0.7664111852645874,
        0.7665332555770874,
        0.7695448398590088,
        0.7700196504592896,
        0.7723801136016846,
        0.7758257985115051,
        0.7779691815376282,
        0.7799633741378784,
        0.7823644876480103,
        0.7842501401901245,
        0.7876687049865723,
        0.78587806224823,
        0.7845214605331421,
        0.7872346043586731,
        0.7904361486434937,
        0.7897307276725769,
        0.7908160090446472,
        0.7920233607292175,
        0.7918198704719543,
        0.7916299104690552,
        0.7910194396972656,
        0.7917791604995728,
        0.796269416809082,
        0.7927423119544983,
        0.7978159189224243,
        0.7957946062088013,
        0.7973139882087708,
        0.7969205975532532,
        0.7984806299209595,
        0.7981007695198059,
        0.802143394947052,
        0.7994031310081482,
        0.8017771244049072,
        0.8015871644020081,
        0.8006918430328369,
        0.8027673959732056
    ],
    "date_trained": "2025-05-12 00:47:56"
}