{"accuracy": [0.6879971623420715, 0.7820006608963013, 0.8157641291618347, 0.8392944931983948, 0.8398247957229614, 0.8533380627632141, 0.8566377758979797, 0.8579145073890686, 0.861587405204773, 0.8711920380592346, 0.8732150793075562, 0.8748060464859009, 0.8816608786582947, 0.8785771727561951, 0.8873961567878723, 0.8862373232841492, 0.8891245722770691, 0.8922475576400757, 0.8937010169029236, 0.8966864943504333, 0.8975899815559387, 0.9004380106925964, 0.8998880386352539, 0.9049555063247681], "auc": [0.758267879486084, 0.8677214980125427, 0.9016702771186829, 0.9246127605438232, 0.9329582452774048, 0.9413169622421265, 0.9473729133605957, 0.947240948677063, 0.9495311975479126, 0.9566704034805298, 0.9581776261329651, 0.9595125913619995, 0.9599264860153198, 0.9625672698020935, 0.9655636548995972, 0.9642856121063232, 0.9656556248664856, 0.9676811695098877, 0.9685982465744019, 0.9696187973022461, 0.9696767926216125, 0.9699910879135132, 0.9709025025367737, 0.9715672731399536], "loss": [2.5389857292175293, 1.3063677549362183, 0.9136722087860107, 0.7389832139015198, 0.6512787938117981, 0.5978277921676636, 0.5472986102104187, 0.5642691254615784, 0.5405322313308716, 0.491958349943161, 0.4801503121852875, 0.47154688835144043, 0.4603504538536072, 0.44585636258125305, 0.4179646074771881, 0.43167296051979065, 0.4237651824951172, 0.40413978695869446, 0.395594984292984, 0.3851720988750458, 0.38607633113861084, 0.38220611214637756, 0.36708757281303406, 0.3705674111843109], "precision": [0.04418975114822388, 0.06955111771821976, 0.08482984453439713, 0.09978792071342468, 0.10196121782064438, 0.1100507378578186, 0.11366429179906845, 0.11486569792032242, 0.1177811548113823, 0.12676624953746796, 0.12915530800819397, 0.1317126750946045, 0.13761202991008759, 0.1354856938123703, 0.14538900554180145, 0.14315569400787354, 0.14690643548965454, 0.15066353976726532, 0.15187470614910126, 0.15661871433258057, 0.15812592208385468, 0.16138184070587158, 0.16153082251548767, 0.1679389327764511], "recall": [0.7131552696228027, 0.8061325550079346, 0.8456973433494568, 0.8842729926109314, 0.9050444960594177, 0.9010880589485168, 0.9149357080459595, 0.9179030656814575, 0.919881284236908, 0.9317507147789001, 0.937685489654541, 0.9485657811164856, 0.9416419267654419, 0.950543999671936, 0.9574678540229797, 0.9485657811164856, 0.9535113573074341, 0.9545004963874817, 0.9495549201965332, 0.9584569931030273, 0.9614243507385254, 0.9564787149429321, 0.9643917083740234, 0.9574678540229797], "val_accuracy": [0.8106877207756042, 0.7578067183494568, 0.7700743675231934, 0.7290892004966736, 0.7643122673034668, 0.7314126491546631, 0.7415427565574646, 0.7466542720794678, 0.7558550238609314, 0.7822490930557251, 0.7558550238609314, 0.767657995223999, 0.7555761933326721, 0.8042750954627991, 0.7511152625083923, 0.8006505370140076, 0.7866171002388, 0.7860594987869263, 0.7744423747062683, 0.7843866348266602, 0.7763010859489441, 0.7972118854522705, 0.7661709785461426, 0.7998141050338745], "val_auc": [0.8727760314941406, 0.8855947852134705, 0.9150720834732056, 0.9222681522369385, 0.9221000671386719, 0.9277035593986511, 0.9307724237442017, 0.9302300214767456, 0.9315288662910461, 0.931904137134552, 0.9327496290206909, 0.9342114925384521, 0.9343084096908569, 0.9259878993034363, 0.9333043098449707, 0.9310009479522705, 0.9357461929321289, 0.9380640387535095, 0.9369171261787415, 0.9359308481216431, 0.9354152679443359, 0.9366995096206665, 0.9397810697555542, 0.9375300407409668], "val_loss": [0.49950939416885376, 0.5527300834655762, 0.4662780165672302, 0.5588989853858948, 0.4730246961116791, 0.5573713779449463, 0.5419406294822693, 0.5235357284545898, 0.4830603301525116, 0.42628350853919983, 0.4925450384616852, 0.4392378330230713, 0.5187026858329773, 0.39394649863243103, 0.5630716681480408, 0.4357565641403198, 0.42614468932151794, 0.4497808516025543, 0.5127648115158081, 0.4876873195171356, 0.48673853278160095, 0.4290730059146881, 0.5747034549713135, 0.4397221803665161], "val_precision": [0.1387283205986023, 0.11909722536802292, 0.13231098651885986, 0.11856141686439514, 0.13124999403953552, 0.1201716735959053, 0.12384884059429169, 0.12629199028015137, 0.13046379387378693, 0.1420096457004547, 0.13046379387378693, 0.1367432177066803, 0.13082556426525116, 0.15229885280132294, 0.1277923732995987, 0.15381541848182678, 0.14559818804264069, 0.14500375092029572, 0.13979263603687286, 0.1448250114917755, 0.13950125873088837, 0.15239591896533966, 0.13598616421222687, 0.15298804640769958], "val_recall": [0.7572815418243408, 0.832524299621582, 0.9004854559898376, 0.9441747665405273, 0.917475700378418, 0.9514563083648682, 0.946601927280426, 0.9490291476249695, 0.9490291476249695, 0.9296116232872009, 0.9490291476249695, 0.9538834691047668, 0.9538834691047668, 0.9004854559898376, 0.9441747665405273, 0.9344660043716431, 0.9393203854560852, 0.9368932247161865, 0.9490291476249695, 0.9441747665405273, 0.9368932247161865, 0.9417475461959839, 0.9538834691047668, 0.9320388436317444], "learning_rate": [0.0020000000949949026, 0.0020000000949949026, 0.0020000000949949026, 0.0020000000949949026, 0.0020000000949949026, 0.0020000000949949026, 0.0020000000949949026, 0.0020000000949949026, 0.0020000000949949026, 0.0020000000949949026, 0.0020000000949949026, 0.0020000000949949026, 0.0020000000949949026, 0.0020000000949949026, 0.0020000000949949026, 0.0020000000949949026, 0.0020000000949949026, 0.0020000000949949026, 0.0020000000949949026, 0.0020000000949949026, 0.0020000000949949026, 0.0020000000949949026, 0.0020000000949949026, 0.0020000000949949026]}