{
    "best_epoch": 50,
    "best_training_loss": 0.26843830943107605,
    "epochs_trained": 50,
    "training_losses": [
        2.084925413131714,
        1.1687029600143433,
        0.8366094827651978,
        0.6612380146980286,
        0.6047727465629578,
        0.571821391582489,
        0.5295120477676392,
        0.5181723237037659,
        0.5053057670593262,
        0.48264965415000916,
        0.47488880157470703,
        0.4669373631477356,
        0.4500364065170288,
        0.451672226190567,
        0.44304144382476807,
        0.4260687530040741,
        0.4205678701400757,
        0.41632726788520813,
        0.4092227518558502,
        0.3996248245239258,
        0.3992084264755249,
        0.3907354772090912,
        0.36797791719436646,
        0.37645506858825684,
        0.358720064163208,
        0.3726997375488281,
        0.3511449992656708,
        0.3735256493091583,
        0.3410686254501343,
        0.36209094524383545,
        0.3315526843070984,
        0.3378104865550995,
        0.33535096049308777,
        0.3252972960472107,
        0.32492735981941223,
        0.3247128427028656,
        0.3327343463897705,
        0.3136342465877533,
        0.3140449821949005,
        0.3098876178264618,
        0.31189054250717163,
        0.28971582651138306,
        0.28699827194213867,
        0.2961789071559906,
        0.2900078296661377,
        0.28039827942848206,
        0.2713620662689209,
        0.28577721118927,
        0.2705872058868408,
        0.26843830943107605
    ],
    "final_loss": 0.26843830943107605,
    "training_accuracy": [
        0.7278208136558533,
        0.8008816838264465,
        0.8212893009185791,
        0.833484411239624,
        0.8421363234519958,
        0.8501016497612,
        0.8572566509246826,
        0.8599346280097961,
        0.8671995401382446,
        0.8693556189537048,
        0.8759613037109375,
        0.8749725222587585,
        0.87986159324646,
        0.8810838460922241,
        0.8834185004234314,
        0.8889254927635193,
        0.8874697685241699,
        0.888197660446167,
        0.8889667391777039,
        0.8888705968856812,
        0.892111599445343,
        0.8938694596290588,
        0.9005575776100159,
        0.8960942625999451,
        0.9023703336715698,
        0.9009832739830017,
        0.9034278392791748,
        0.8985937237739563,
        0.9063667058944702,
        0.9014776945114136,
        0.9094154834747314,
        0.9070396423339844,
        0.9082344770431519,
        0.9087837934494019,
        0.9107338786125183,
        0.9095940589904785,
        0.9068061709403992,
        0.9142358899116516,
        0.9150736331939697,
        0.9143595099449158,
        0.916076123714447,
        0.9218990206718445,
        0.9237393140792847,
        0.9214183688163757,
        0.920937716960907,
        0.9235332608222961,
        0.9271039366722107,
        0.9219127893447876,
        0.9256207346916199,
        0.9277082085609436
    ],
    "date_trained": "2025-05-07 19:38:21"
}