{"accuracy": [0.7278208136558533, 0.8008816838264465, 0.8212893009185791, 0.833484411239624, 0.8421363234519958, 0.8501016497612, 0.8572566509246826, 0.8599346280097961, 0.8671995401382446, 0.8693556189537048, 0.8759613037109375, 0.8749725222587585, 0.87986159324646, 0.8810838460922241, 0.8834185004234314, 0.8889254927635193, 0.8874697685241699, 0.888197660446167, 0.8889667391777039, 0.8888705968856812, 0.892111599445343, 0.8938694596290588, 0.9005575776100159, 0.8960942625999451, 0.9023703336715698, 0.9009832739830017, 0.9034278392791748, 0.8985937237739563, 0.9063667058944702, 0.9014776945114136, 0.9094154834747314, 0.9070396423339844, 0.9082344770431519, 0.9087837934494019, 0.9107338786125183, 0.9095940589904785, 0.9068061709403992, 0.9142358899116516, 0.9150736331939697, 0.9143595099449158, 0.916076123714447, 0.9218990206718445, 0.9237393140792847, 0.9214183688163757, 0.920937716960907, 0.9235332608222961, 0.9271039366722107, 0.9219127893447876, 0.9256207346916199, 0.9277082085609436], "auc": [0.7970892786979675, 0.8888784050941467, 0.910846471786499, 0.9289534687995911, 0.9376856684684753, 0.9443003535270691, 0.9503313899040222, 0.9524822235107422, 0.9549797177314758, 0.9576416611671448, 0.959260880947113, 0.9594721794128418, 0.962040901184082, 0.9620549082756042, 0.9630090594291687, 0.9649129509925842, 0.9660775661468506, 0.9661815762519836, 0.9671481847763062, 0.9675062894821167, 0.9679009318351746, 0.9693266749382019, 0.9712748527526855, 0.970274031162262, 0.9717407822608948, 0.9710748195648193, 0.9731456637382507, 0.9709818363189697, 0.9739548563957214, 0.9721188545227051, 0.9746955633163452, 0.9743613004684448, 0.9744652509689331, 0.9753601551055908, 0.9761829376220703, 0.9754471778869629, 0.9751448631286621, 0.9767542481422424, 0.9773173928260803, 0.9775193333625793, 0.9769588708877563, 0.9788259267807007, 0.9791603088378906, 0.9783106446266174, 0.9792912006378174, 0.9796893000602722, 0.9803492426872253, 0.979790210723877, 0.9807839393615723, 0.9805804491043091], "loss": [2.084925413131714, 1.1687029600143433, 0.8366094827651978, 0.6612380146980286, 0.6047727465629578, 0.571821391582489, 0.5295120477676392, 0.5181723237037659, 0.5053057670593262, 0.48264965415000916, 0.47488880157470703, 0.4669373631477356, 0.4500364065170288, 0.451672226190567, 0.44304144382476807, 0.4260687530040741, 0.4205678701400757, 0.41632726788520813, 0.4092227518558502, 0.3996248245239258, 0.3992084264755249, 0.3907354772090912, 0.36797791719436646, 0.37645506858825684, 0.358720064163208, 0.3726997375488281, 0.3511449992656708, 0.3735256493091583, 0.3410686254501343, 0.36209094524383545, 0.3315526843070984, 0.3378104865550995, 0.33535096049308777, 0.3252972960472107, 0.32492735981941223, 0.3247128427028656, 0.3327343463897705, 0.3136342465877533, 0.3140449821949005, 0.3098876178264618, 0.31189054250717163, 0.28971582651138306, 0.28699827194213867, 0.2961789071559906, 0.2900078296661377, 0.28039827942848206, 0.2713620662689209, 0.28577721118927, 0.2705872058868408, 0.26843830943107605], "precision": [0.06562831252813339, 0.09679877758026123, 0.10940766334533691, 0.11855136603116989, 0.12636853754520416, 0.13275834918022156, 0.1393669694662094, 0.14241908490657806, 0.14857500791549683, 0.15207581222057343, 0.15955543518066406, 0.15784047544002533, 0.16387571394443512, 0.16601714491844177, 0.16874752938747406, 0.1759306937456131, 0.17382872104644775, 0.17464065551757812, 0.1764524132013321, 0.17685747146606445, 0.18064787983894348, 0.18318895995616913, 0.19490574300289154, 0.18696360290050507, 0.19824840128421783, 0.1951742023229599, 0.19986224174499512, 0.19121390581130981, 0.20545049011707306, 0.19631347060203552, 0.2112998366355896, 0.20650118589401245, 0.20899438858032227, 0.21055150032043457, 0.21335285902023315, 0.21128292381763458, 0.20601770281791687, 0.22076942026615143, 0.22275660932064056, 0.2208789885044098, 0.22427035868167877, 0.2382749319076538, 0.24223260581493378, 0.2369445562362671, 0.23590703308582306, 0.24201726913452148, 0.25102996826171875, 0.2378830909729004, 0.24758976697921753, 0.2529621720314026], "recall": [0.7548530101776123, 0.8452578783035278, 0.8707709312438965, 0.8896284103393555, 0.9090405106544495, 0.9134775400161743, 0.920687735080719, 0.9273433089256287, 0.9223516583442688, 0.9345535039901733, 0.939545214176178, 0.9339988827705383, 0.938990592956543, 0.9450914859771729, 0.9445368647575378, 0.9462007880210876, 0.9445368647575378, 0.9434276223182678, 0.9500831961631775, 0.9545202255249023, 0.9495285749435425, 0.9500831961631775, 0.9633943438529968, 0.9545202255249023, 0.9667221307754517, 0.960066556930542, 0.9656128883361816, 0.9584026336669922, 0.9700499176979065, 0.9628397226333618, 0.9728230834007263, 0.9689406752586365, 0.9717137813568115, 0.9761508703231812, 0.9694952964782715, 0.9700499176979065, 0.9683859944343567, 0.9739323258399963, 0.9761508703231812, 0.9728230834007263, 0.9717137813568115, 0.980587899684906, 0.9772601127624512, 0.978924036026001, 0.979478657245636, 0.979478657245636, 0.980033278465271, 0.9772601127624512, 0.9828064441680908, 0.9828064441680908], "learning_rate": [0.0020000000949949026, 0.0020000000949949026, 0.0020000000949949026, 0.0020000000949949026, 0.0020000000949949026, 0.0020000000949949026, 0.0020000000949949026, 0.0020000000949949026, 0.0020000000949949026, 0.0020000000949949026, 0.0020000000949949026, 0.0020000000949949026, 0.0020000000949949026, 0.0020000000949949026, 0.0020000000949949026, 0.0020000000949949026, 0.0020000000949949026, 0.0020000000949949026, 0.0020000000949949026, 0.0020000000949949026, 0.0020000000949949026, 0.0020000000949949026, 0.0020000000949949026, 0.0020000000949949026, 0.0020000000949949026, 0.0020000000949949026, 0.0020000000949949026, 0.0020000000949949026, 0.0020000000949949026, 0.0020000000949949026, 0.0020000000949949026, 0.0020000000949949026, 0.0020000000949949026, 0.0020000000949949026, 0.0020000000949949026, 0.0020000000949949026, 0.0020000000949949026, 0.0020000000949949026, 0.0020000000949949026, 0.0020000000949949026, 0.0020000000949949026, 0.0020000000949949026, 0.0020000000949949026, 0.0020000000949949026, 0.0020000000949949026, 0.0020000000949949026, 0.0020000000949949026, 0.0020000000949949026, 0.0020000000949949026, 0.0020000000949949026]}