{
    "total_reward": -801.1336804414015,
    "avg_battery_power": -0.01509968463299063,
    "max_battery_power": 0.707123875617981,
    "peak_grid_import": 12.106070358246566,
    "peak_grid_export": 11.29950749999963,
    "export_energy_kwh": 1552.5851846563114,
    "export_revenue": 0,
    "price_power_correlation": -0.08438114069722834,
    "avg_night_price": 33.81838333333334,
    "avg_day_price": 39.369108333333514,
    "night_charges_energy_kwh": 5.975981942909231,
    "day_charges_energy_kwh": 19.785791757124624,
    "night_day_charge_ratio": 0.3020340058293271,
    "avg_soc": 0.8906738063884821,
    "min_soc": 0.5053508750755679,
    "max_soc": 0.9,
    "pct_time_in_preferred_range": 4.444444444444445,
    "pct_time_at_high_soc": 97.67361111111111,
    "violation_percentage": 0.0,
    "top3_peaks": [
        6.053035179123283,
        6.052695097371936,
        6.05100803912431
    ],
    "peak_rolling_average": 6.0522461052065095,
    "current_capacity_fee": 491.7449960480289,
    "fixed_grid_fee_total": 730.0,
    "months_in_episode": 2,
    "peak_reduction_due_to_discount": 6.053035179123283,
    "estimated_savings": 491.8091083037667,
    "night_peaks": 48,
    "day_peaks": 0,
    "actions_modified": 2257,
    "pct_modified_actions": 78.36805555555556,
    "avg_action_delta": 0.07048534610645016,
    "max_action_delta": 0.20442108809947968,
    "reward_components": {
        "reward_grid_cost": -1073.4523588125212,
        "reward_capacity_penalty": -526.6684431315967,
        "reward_battery_cost": -180.66316513528935,
        "reward_soc_reward": -4061.7818120537863,
        "reward_shaping": 268.7812594864305,
        "reward_arbitrage_bonus": 0.0,
        "reward_export_bonus": 1280.972616488383,
        "reward_night_charging": 23.903927771636923,
        "reward_action_mod_penalty": -464.83900240003214,
        "reward_morning_soc": -1146.7544989106543,
        "reward_night_peak_chain": 5.356043856590986
    },
    "reward_component_distributions": {
        "reward_grid_cost": {
            "min": -4.6977606025175795,
            "max": -0.0,
            "mean": -0.37272651347657004,
            "median": 0.0,
            "std": 0.8443903117694217,
            "p5": -2.5169181594906798,
            "p25": -0.3394537377229511,
            "p75": 0.0,
            "p95": 0.0,
            "zero_pct": 53.47222222222222,
            "total": -1073.4523588125212
        },
        "reward_capacity_penalty": {
            "min": -7.106070358246566,
            "max": -0.0,
            "mean": -0.18287098719847114,
            "median": 0.0,
            "std": 0.8549068116508489,
            "p5": -1.3687095268948037,
            "p25": -0.0,
            "p75": 0.0,
            "p95": 0.0,
            "zero_pct": 93.88888888888889,
            "total": -526.6684431315967
        },
        "reward_battery_cost": {
            "min": -0.8549040290527046,
            "max": -0.0,
            "mean": -0.06273026567197551,
            "median": 0.0,
            "std": 0.15109674168270965,
            "p5": -0.4392184727825224,
            "p25": -0.00012110238609706891,
            "p75": 0.0,
            "p95": 0.0,
            "zero_pct": 66.5625,
            "total": -180.66316513528935
        },
        "reward_soc_reward": {
            "min": -1.5750000000000002,
            "max": 4.923558927491888,
            "mean": -1.4103409069631674,
            "median": -1.5750000000000002,
            "std": 0.7107309681895001,
            "p5": -1.5750000000000002,
            "p25": -1.5750000000000002,
            "p75": -1.5749992244267212,
            "p95": -1.0546804996783845,
            "zero_pct": 0.0,
            "total": -4061.7818120537863
        },
        "reward_shaping": {
            "min": -6.360000000000026,
            "max": 6.615485138282821,
            "mean": 0.09332682621057094,
            "median": 0.14000000000000057,
            "std": 0.8948568577179424,
            "p5": -0.04068487886801677,
            "p25": 0.012523176855345885,
            "p75": 0.14000000000000057,
            "p95": 0.14000000000000057,
            "zero_pct": 0.0,
            "total": 268.7812594864305
        },
        "reward_arbitrage_bonus": {
            "min": 0,
            "max": 0,
            "mean": 0,
            "median": 0,
            "std": 0,
            "p5": 0,
            "p25": 0,
            "p75": 0,
            "p95": 0,
            "zero_pct": 100.0,
            "total": 0
        },
        "reward_export_bonus": {
            "min": 0.0,
            "max": 3.7309017530154747,
            "mean": 0.44478215850291136,
            "median": 0.03758478822002424,
            "std": 0.6284011061229854,
            "p5": 0.0,
            "p25": 0.0,
            "p75": 0.7581127549112188,
            "p95": 1.659802590739602,
            "zero_pct": 46.52777777777778,
            "total": 1280.972616488383
        },
        "reward_night_charging": {
            "min": 0.0,
            "max": 0.5911429971456528,
            "mean": 0.008299974920707266,
            "median": 0.0,
            "std": 0.05331123641437552,
            "p5": 0.0,
            "p25": 0.0,
            "p75": 0.0,
            "p95": 9.769962616701378e-15,
            "zero_pct": 94.93055555555556,
            "total": 23.903927771636923
        },
        "reward_action_mod_penalty": {
            "min": -0.613263264298439,
            "max": -0.0,
            "mean": -0.16140243138890017,
            "median": -0.15524473786354065,
            "std": 0.13697698422616106,
            "p5": -0.4103763297200203,
            "p25": -0.25397771783173084,
            "p75": -0.021834451916051777,
            "p95": 0.0,
            "zero_pct": 21.631944444444446,
            "total": -464.83900240003214
        },
        "reward_morning_soc": {
            "min": -3.25,
            "max": 0.0,
            "mean": -0.39817864545508824,
            "median": 0.0,
            "std": 1.0572733763546034,
            "p5": -3.25,
            "p25": 0.0,
            "p75": 0.0,
            "p95": 0.0,
            "zero_pct": 87.5,
            "total": -1146.7544989106543
        },
        "reward_night_peak_chain": {
            "min": 0.0,
            "max": 0.4926757887005806,
            "mean": 0.0018597374502052036,
            "median": 0.0,
            "std": 0.027492976505254865,
            "p5": 0.0,
            "p25": 0.0,
            "p75": 0.0,
            "p95": 0.0,
            "zero_pct": 99.44444444444444,
            "total": 5.356043856590986
        }
    }
}