{
    "total_reward": 93.45426461517998,
    "avg_battery_power": -0.03591723221124813,
    "max_battery_power": 6.313936710357666,
    "peak_grid_import": 12.621285649895668,
    "peak_grid_export": 8.947755754779815,
    "export_energy_kwh": 1163.7947292538092,
    "export_revenue": 0,
    "price_power_correlation": 0.4070992652184328,
    "avg_night_price": 34.81749193548385,
    "avg_day_price": 58.76215725806439,
    "night_charges_energy_kwh": 220.69262909617447,
    "day_charges_energy_kwh": 142.23548928578336,
    "night_day_charge_ratio": 1.5516003087861774,
    "avg_soc": 0.40685155189841,
    "min_soc": 0.1,
    "max_soc": 0.9,
    "pct_time_in_preferred_range": 38.877688172043015,
    "pct_time_at_high_soc": 14.78494623655914,
    "violation_percentage": 0.0,
    "top3_peaks": [
        7.773,
        7.370467586159706,
        6.566256636307621
    ],
    "peak_rolling_average": 7.236574740822442,
    "current_capacity_fee": 587.9716976918234,
    "fixed_grid_fee_total": 730.0,
    "months_in_episode": 2,
    "peak_reduction_due_to_discount": 4.848285649895669,
    "estimated_savings": 393.92320905402306,
    "night_peaks": 32,
    "day_peaks": 0,
    "actions_modified": 744,
    "pct_modified_actions": 25.0,
    "avg_action_delta": 0.21298550027627586,
    "max_action_delta": 0.7312207083058615,
    "reward_components": {
        "reward_grid_cost": -550.6881169501871,
        "reward_capacity_penalty": -447.80805655551933,
        "reward_battery_cost": -1572.0355052917237,
        "reward_soc_reward": 743.0152566585122,
        "reward_shaping": 2.096204326493849,
        "reward_arbitrage_bonus": 900.8248584452756,
        "reward_export_bonus": 508.24716128376593,
        "reward_night_charging": 882.7705163846979,
        "reward_action_mod_penalty": -187.75884311774814,
        "reward_solar_soc": 94.43358516320586,
        "reward_night_peak_chain": 0.0
    },
    "reward_component_distributions": {
        "reward_grid_cost": {
            "min": -2.7730384467456397,
            "max": -0.0,
            "mean": -0.18504305005046617,
            "median": -0.0011402275,
            "std": 0.3319330975666507,
            "p5": -0.7980429544893647,
            "p25": -0.25840077247525844,
            "p75": 0.0,
            "p95": 0.0,
            "zero_pct": 49.69758064516129,
            "total": -550.6881169501871
        },
        "reward_capacity_penalty": {
            "min": -3.810642824947834,
            "max": -0.0,
            "mean": -0.15047313728344064,
            "median": 0.0,
            "std": 0.4745778138754825,
            "p5": -1.1291519057750703,
            "p25": -0.0,
            "p75": 0.0,
            "p95": 0.0,
            "zero_pct": 86.52553763440861,
            "total": -447.80805655551933
        },
        "reward_battery_cost": {
            "min": -3.738515157448618,
            "max": -0.0,
            "mean": -0.5282377369931871,
            "median": -0.3173045715666376,
            "std": 0.6294013068631157,
            "p5": -1.792867983421801,
            "p25": -0.7956960532618198,
            "p75": -0.01986226827146357,
            "p95": 0.0,
            "zero_pct": 20.026881720430108,
            "total": -1572.0355052917237
        },
        "reward_soc_reward": {
            "min": -0.36000000000000004,
            "max": 1.49971783374855,
            "mean": 0.24966910505998297,
            "median": -0.019273719744897187,
            "std": 0.5169587546233564,
            "p5": -0.33,
            "p25": -0.04,
            "p75": 0.5680803311449566,
            "p95": 1.3464253387152718,
            "zero_pct": 0.0,
            "total": 743.0152566585122
        },
        "reward_shaping": {
            "min": -1.735411936669949,
            "max": 1.7411327306227538,
            "mean": 0.0007043697333648895,
            "median": 0.010000000000000009,
            "std": 0.25743689408247783,
            "p5": -0.18273234478658373,
            "p25": -0.028468463713699405,
            "p75": 0.03457986992505285,
            "p95": 0.15188998744341206,
            "zero_pct": 0.0,
            "total": 2.096204326493849
        },
        "reward_arbitrage_bonus": {
            "min": 0.0,
            "max": 5.524694621562958,
            "mean": 0.3026965250152136,
            "median": 0.0,
            "std": 0.7850363970720025,
            "p5": 0.0,
            "p25": 0.0,
            "p75": 0.12372649973258376,
            "p95": 1.9815990794450045,
            "zero_pct": 71.23655913978494,
            "total": 900.8248584452756
        },
        "reward_export_bonus": {
            "min": 0.0,
            "max": 2.149666066108932,
            "mean": 0.17078197623782462,
            "median": 0.0,
            "std": 0.2774004860776571,
            "p5": 0.0,
            "p25": 0.0,
            "p75": 0.26138875688441526,
            "p95": 0.6951857180200184,
            "zero_pct": 50.30241935483871,
            "total": 508.24716128376593
        },
        "reward_night_charging": {
            "min": 0.0,
            "max": 3.6512309312820435,
            "mean": 0.2966298778174387,
            "median": 0.0,
            "std": 0.663667388695783,
            "p5": 0.0,
            "p25": 0.0,
            "p75": 0.012286342680454254,
            "p95": 1.9241365790367126,
            "zero_pct": 73.45430107526882,
            "total": 882.7705163846979
        },
        "reward_action_mod_penalty": {
            "min": -0.8774648499670339,
            "max": -0.0,
            "mean": -0.06309100911214659,
            "median": 0.0,
            "std": 0.1411163159915399,
            "p5": -0.3746092736721039,
            "p25": -0.00028574743984520755,
            "p75": 0.0,
            "p95": 0.0,
            "zero_pct": 75.0,
            "total": -187.75884311774814
        },
        "reward_morning_soc": {
            "min": 0,
            "max": 0,
            "mean": 0,
            "median": 0,
            "std": 0,
            "p5": 0,
            "p25": 0,
            "p75": 0,
            "p95": 0,
            "zero_pct": 100.0,
            "total": 0
        },
        "reward_night_peak_chain": {
            "min": 0,
            "max": 0,
            "mean": 0,
            "median": 0,
            "std": 0,
            "p5": 0,
            "p25": 0,
            "p75": 0,
            "p95": 0,
            "zero_pct": 100.0,
            "total": 0
        }
    }
}