{
    "total_reward": -518974.4428851843,
    "avg_battery_power": -0.012496815797535544,
    "max_battery_power": 0.04667240660637617,
    "peak_grid_import": 12.05559339363873,
    "peak_grid_export": 2.058542425,
    "export_energy_kwh": 42.0047787018724,
    "export_revenue": 0,
    "price_power_correlation": 0.007075449429849287,
    "avg_night_price": 28.219979838709616,
    "avg_day_price": 76.8684173387098,
    "night_charges_energy_kwh": 3.005612497328835,
    "day_charges_energy_kwh": 6.611115229506646,
    "night_day_charge_ratio": 0.4546301785686964,
    "avg_soc": 0.7976678629457828,
    "min_soc": 0.5000266832772798,
    "max_soc": 0.9,
    "pct_time_in_preferred_range": 28.561827956989248,
    "pct_time_at_high_soc": 62.298387096774185,
    "violation_percentage": 0.0,
    "top3_peaks": [
        10.025077989427373,
        8.499692370764912,
        8.327
    ],
    "peak_rolling_average": 8.950590120064094,
    "current_capacity_fee": 727.2354472552076,
    "fixed_grid_fee_total": 730.0,
    "months_in_episode": 2,
    "peak_reduction_due_to_discount": 2.030515404211357,
    "estimated_savings": 164.97937659217277,
    "night_peaks": 72,
    "day_peaks": 4,
    "actions_modified": 1593,
    "pct_modified_actions": 53.528225806451616,
    "avg_action_delta": 0.007370704708576855,
    "max_action_delta": 0.018156981095671654,
    "reward_components": {
        "reward_grid_cost": -2467.5309378430416,
        "reward_capacity_penalty": -6915949.679588466,
        "reward_battery_cost": -21.31151103222169,
        "reward_soc_reward": -1889.2249452617466,
        "reward_shaping": 31.196610377843918,
        "reward_arbitrage_bonus": 8.331666335235107,
        "reward_export_bonus": 70.26268995623718,
        "reward_night_charging": 12.02244998931534,
        "reward_action_mod_penalty": -70.36270981744448,
        "reward_solar_soc": 0.1454183185705915,
        "reward_night_peak_chain": 0.2761441293023381,
        "reward_solar_preparation": 1.454183185705915,
        "reward_peak_shaving_success": 109.1202753093291,
        "reward_perfect_arbitrage": 0.6547964516749907
    },
    "reward_component_distributions": {
        "reward_grid_cost": {
            "min": -3.8615681843750003,
            "max": -0.0,
            "mean": -0.8291434602967211,
            "median": -0.6644775381539417,
            "std": 0.7470452237530634,
            "p5": -2.345205039595505,
            "p25": -1.17621365625,
            "p75": -0.27326069746346704,
            "p95": 0.0,
            "zero_pct": 9.946236559139784,
            "total": -2467.5309378430416
        },
        "reward_capacity_penalty": {
            "min": -58968.343352765354,
            "max": -0.0,
            "mean": -2323.9078224423597,
            "median": 0.0,
            "std": 7152.200563260168,
            "p5": -17366.003760448602,
            "p25": -0.0,
            "p75": 0.0,
            "p95": 0.0,
            "zero_pct": 79.43548387096774,
            "total": -6915949.679588466
        },
        "reward_battery_cost": {
            "min": -0.0393052091676509,
            "max": -0.0,
            "mean": -0.007161126018891701,
            "median": 0.0,
            "std": 0.009809423020680285,
            "p5": -0.027441600050224224,
            "p25": -0.014405889847215516,
            "p75": 0.0,
            "p95": 0.0,
            "zero_pct": 51.84811827956989,
            "total": -21.31151103222169
        },
        "reward_soc_reward": {
            "min": -1.225,
            "max": 0.46141357390644594,
            "mean": -0.6348202101013828,
            "median": -1.0750000000000002,
            "std": 0.6309898062876266,
            "p5": -1.225,
            "p25": -1.1500000000000001,
            "p75": 0.05568821309862482,
            "p95": 0.3718118075700496,
            "zero_pct": 0.0,
            "total": -1889.2249452617466
        },
        "reward_shaping": {
            "min": -4.475000000000007,
            "max": 4.507557496742822,
            "mean": 0.010482731981802742,
            "median": 0.025000000000000355,
            "std": 0.24741141704253303,
            "p5": -0.00481924280751489,
            "p25": -0.002695363205279133,
            "p75": 0.025000000000000355,
            "p95": 0.025000000000000355,
            "zero_pct": 0.0,
            "total": 31.196610377843918
        },
        "reward_arbitrage_bonus": {
            "min": 0.0,
            "max": 0.05455887294374406,
            "mean": 0.0027996190642591095,
            "median": 0.0,
            "std": 0.008710460318250854,
            "p5": 0.0,
            "p25": 0.0,
            "p75": 0.0,
            "p95": 0.026161164860241115,
            "zero_pct": 87.29838709677419,
            "total": 8.331666335235107
        },
        "reward_export_bonus": {
            "min": 0.0,
            "max": 1.3222088198892206,
            "mean": 0.02360977485088616,
            "median": 0.0,
            "std": 0.10203112572240328,
            "p5": 0.0,
            "p25": 0.0,
            "p75": 0.0,
            "p95": 0.17556046038337494,
            "zero_pct": 90.05376344086021,
            "total": 70.26268995623718
        },
        "reward_night_charging": {
            "min": 0.0,
            "max": 0.07145195733755827,
            "mean": 0.004039801743721553,
            "median": 0.0,
            "std": 0.011492220031140893,
            "p5": 0.0,
            "p25": 0.0,
            "p75": 0.0,
            "p95": 0.03479876148048788,
            "zero_pct": 85.2486559139785,
            "total": 12.02244998931534
        },
        "reward_action_mod_penalty": {
            "min": -0.10894188657402992,
            "max": -0.0,
            "mean": -0.023643383675216564,
            "median": -0.012815978843718767,
            "std": 0.026766426318761923,
            "p5": -0.07332001905888319,
            "p25": -0.04409839538857341,
            "p75": 0.0,
            "p95": 0.0,
            "zero_pct": 46.471774193548384,
            "total": -70.36270981744448
        },
        "reward_morning_soc": {
            "min": 0,
            "max": 0,
            "mean": 0,
            "median": 0,
            "std": 0,
            "p5": 0,
            "p25": 0,
            "p75": 0,
            "p95": 0,
            "zero_pct": 100.0,
            "total": 0
        },
        "reward_night_peak_chain": {
            "min": 0.0,
            "max": 0.016567124985158443,
            "mean": 9.279036602901146e-05,
            "median": 0.0,
            "std": 0.0009059333003715327,
            "p5": 0.0,
            "p25": 0.0,
            "p75": 0.0,
            "p95": 0.0,
            "zero_pct": 98.38709677419355,
            "total": 0.2761441293023381
        }
    }
}