{
    "rl_agent": {
        "strategy_name": "RL Agent",
        "bill": {
            "energy_consumption_kwh": 600.0440140691353,
            "energy_export_kwh": 2536.3305414439587,
            "spot_cost_sek": 169.19441763018173,
            "energy_tax_sek": 329.2741527204371,
            "grid_fee_sek": 37.502750879320956,
            "vat_sek": 0.0,
            "export_revenue_sek": 1521.7983248663747,
            "net_energy_cost_sek": -985.8270036364349,
            "capacity_fee_sek": 526.6325972231278,
            "fixed_grid_fee_sek": 359.72404730617603,
            "total_bill_sek": 57.37182036977339,
            "battery_degradation_cost_sek": 156.84217947690445,
            "top_3_peaks_kw": [
                6.746586481088247,
                6.50169285231364,
                6.196616564067446
            ],
            "average_peak_kw": 6.481631965823111
        }
    },
    "no_battery": {
        "strategy_name": "No Battery",
        "bill": {
            "energy_consumption_kwh": 586.5779555256015,
            "energy_export_kwh": 2548.2025130716243,
            "spot_cost_sek": 168.85209136443,
            "energy_tax_sek": 321.88465309467273,
            "grid_fee_sek": 36.661122220350094,
            "vat_sek": 0.0,
            "export_revenue_sek": 1528.9215078429756,
            "net_energy_cost_sek": -1001.5236411635228,
            "capacity_fee_sek": 519.0793136783855,
            "fixed_grid_fee_sek": 359.72404730617603,
            "total_bill_sek": -122.72028017896133,
            "battery_degradation_cost_sek": 0.0,
            "top_3_peaks_kw": [
                6.7121859025,
                6.430937471875,
                6.022882053750001
            ],
            "average_peak_kw": 6.3886684760416665
        }
    },
    "time_of_use": {
        "strategy_name": "Time Of Use",
        "bill": {
            "energy_consumption_kwh": 590.472094426033,
            "energy_export_kwh": 2556.0988693682734,
            "spot_cost_sek": 168.65555306394842,
            "energy_tax_sek": 324.0215618162839,
            "grid_fee_sek": 36.90450590162706,
            "vat_sek": 0.0,
            "export_revenue_sek": 1533.6593216209646,
            "net_energy_cost_sek": -1004.0777008391052,
            "capacity_fee_sek": 544.4217302434895,
            "fixed_grid_fee_sek": 359.72404730617603,
            "total_bill_sek": -84.08073104440099,
            "battery_degradation_cost_sek": 15.851192245038686,
            "top_3_peaks_kw": [
                6.95860205,
                6.7121859025,
                6.430937471875
            ],
            "average_peak_kw": 6.700575141458333
        }
    },
    "price_based": {
        "strategy_name": "Price Based",
        "bill": {
            "energy_consumption_kwh": 604.3163569972669,
            "energy_export_kwh": 2574.0504406003315,
            "spot_cost_sek": 191.9444419579833,
            "energy_tax_sek": 331.6186009022495,
            "grid_fee_sek": 37.76977231232918,
            "vat_sek": 0.0,
            "export_revenue_sek": 1544.4302643601995,
            "net_energy_cost_sek": -983.0974491876375,
            "capacity_fee_sek": 641.0061933471354,
            "fixed_grid_fee_sek": 359.72404730617603,
            "total_bill_sek": 50.25605295882509,
            "battery_degradation_cost_sek": 32.623261493151126,
            "top_3_peaks_kw": [
                10.52479761075,
                6.7121859025,
                6.430937471875
            ],
            "average_peak_kw": 7.889306995041667
        }
    },
    "solar_following": {
        "strategy_name": "Solar Following",
        "bill": {
            "energy_consumption_kwh": 903.7104272199398,
            "energy_export_kwh": 2893.797878195722,
            "spot_cost_sek": 269.56794304505144,
            "energy_tax_sek": 495.91109693694165,
            "grid_fee_sek": 56.48190170124624,
            "vat_sek": 0.0,
            "export_revenue_sek": 1736.2787269174382,
            "net_energy_cost_sek": -914.3177852341989,
            "capacity_fee_sek": 709.7557099005209,
            "fixed_grid_fee_sek": 359.72404730617603,
            "total_bill_sek": 453.38949854079675,
            "battery_degradation_cost_sek": 298.2275265682988,
            "top_3_peaks_kw": [
                10.52479761075,
                7.95860205,
                7.7229650125
            ],
            "average_peak_kw": 8.735454891083334
        }
    },
    "peak_shaving": {
        "strategy_name": "Peak Shaving",
        "bill": {
            "energy_consumption_kwh": 655.3038974385704,
            "energy_export_kwh": 2629.9315856898725,
            "spot_cost_sek": 189.14861347159714,
            "energy_tax_sek": 359.59801371941603,
            "grid_fee_sek": 40.95649358991065,
            "vat_sek": 0.0,
            "export_revenue_sek": 1577.9589514139261,
            "net_energy_cost_sek": -988.2558306330022,
            "capacity_fee_sek": 707.6497835130208,
            "fixed_grid_fee_sek": 359.72404730617603,
            "total_bill_sek": 146.82275672524426,
            "battery_degradation_cost_sek": 67.70475653904967,
            "top_3_peaks_kw": [
                9.872343283749998,
                8.2105,
                8.0457641075
            ],
            "average_peak_kw": 8.709535797083333
        }
    }
}