{
    "total_reward": -1166.0968586138797,
    "avg_battery_power": 0.011627168354649118,
    "max_battery_power": 1.2225577235221863,
    "peak_grid_import": 11.989,
    "peak_grid_export": 11.2995075,
    "export_energy_kwh": 1558.4026544016713,
    "export_revenue": 0,
    "price_power_correlation": 0.023682625620621567,
    "avg_night_price": 33.81838333333334,
    "avg_day_price": 39.369108333333514,
    "night_charges_energy_kwh": 0,
    "day_charges_energy_kwh": 0,
    "night_day_charge_ratio": Infinity,
    "avg_soc": 0.10197924969439297,
    "min_soc": 0.1,
    "max_soc": 0.48736839794941494,
    "pct_time_in_preferred_range": 0.9027777777777777,
    "pct_time_at_high_soc": 0.0,
    "violation_percentage": 0.0,
    "top3_peaks": [
        5.9945,
        5.9945,
        5.9945
    ],
    "peak_rolling_average": 5.9944999999999995,
    "current_capacity_fee": 487.05312499999997,
    "fixed_grid_fee_total": 730.0,
    "months_in_episode": 2,
    "peak_reduction_due_to_discount": 5.9945,
    "estimated_savings": 487.053125,
    "night_peaks": 48,
    "day_peaks": 0,
    "actions_modified": 2851,
    "pct_modified_actions": 98.99305555555556,
    "avg_action_delta": 0.12746056378349047,
    "max_action_delta": 0.21187439560890198,
    "reward_components": {
        "reward_grid_cost": -1050.0534489273348,
        "reward_capacity_penalty": -522.2587633399996,
        "reward_battery_cost": -793.0952730329083,
        "reward_soc_reward": -80.79574391880006,
        "reward_shaping": 390.89387898329403,
        "reward_arbitrage_bonus": 0.0,
        "reward_export_bonus": 1289.4060004697062,
        "reward_night_charging": 0.0,
        "reward_action_mod_penalty": -10895.065236372697,
        "reward_morning_soc": 0.0,
        "reward_night_peak_chain": 0.0
    },
    "reward_component_distributions": {
        "reward_grid_cost": {
            "min": -4.65233145,
            "max": -0.0,
            "mean": -0.36460189198865844,
            "median": 0.0,
            "std": 0.8401767574589911,
            "p5": -2.475716365137667,
            "p25": -0.2967660852629911,
            "p75": 0.0,
            "p95": 0.0,
            "zero_pct": 53.05555555555556,
            "total": -1050.0534489273348
        },
        "reward_capacity_penalty": {
            "min": -6.989000000000001,
            "max": -0.0,
            "mean": -0.18133984838194445,
            "median": 0.0,
            "std": 0.8533101653680545,
            "p5": -1.0960499999999989,
            "p25": -0.0,
            "p75": 0.0,
            "p95": 0.0,
            "zero_pct": 93.88888888888889,
            "total": -522.2587633399996
        },
        "reward_battery_cost": {
            "min": -28.955314504472838,
            "max": -0.0,
            "mean": -0.2753803031364265,
            "median": 0.0,
            "std": 2.6885572050238364,
            "p5": -0.0,
            "p25": -0.0,
            "p75": 0.0,
            "p95": 0.0,
            "zero_pct": 98.95833333333334,
            "total": -793.0952730329083
        },
        "reward_soc_reward": {
            "min": -0.04999999999999999,
            "max": 4.819548542134499,
            "mean": -0.02805407774958467,
            "median": -0.04999999999999999,
            "std": 0.26807792706729444,
            "p5": -0.04999999999999999,
            "p25": -0.04999999999999999,
            "p75": -0.04999999999999999,
            "p95": -0.04999999999999999,
            "zero_pct": 0.0,
            "total": -80.79574391880006
        },
        "reward_shaping": {
            "min": -6.570203915406641,
            "max": 0.23987023579446892,
            "mean": 0.13572704131365304,
            "median": 0.14000000000000057,
            "std": 0.12669885156592073,
            "p5": 0.14000000000000057,
            "p25": 0.14000000000000057,
            "p75": 0.14000000000000057,
            "p95": 0.14000000000000057,
            "zero_pct": 0.0,
            "total": 390.89387898329403
        },
        "reward_arbitrage_bonus": {
            "min": 0,
            "max": 0,
            "mean": 0,
            "median": 0,
            "std": 0,
            "p5": 0,
            "p25": 0,
            "p75": 0,
            "p95": 0,
            "zero_pct": 100.0,
            "total": 0
        },
        "reward_export_bonus": {
            "min": 0.0,
            "max": 3.7346977733812503,
            "mean": 0.44771041682975876,
            "median": 0.040007511186578124,
            "std": 0.6331438260307123,
            "p5": 0.0,
            "p25": 0.0,
            "p75": 0.7629298093448751,
            "p95": 1.6636931263521604,
            "zero_pct": 46.94444444444444,
            "total": 1289.4060004697062
        },
        "reward_night_charging": {
            "min": 0,
            "max": 0,
            "mean": 0,
            "median": 0,
            "std": 0,
            "p5": 0,
            "p25": 0,
            "p75": 0,
            "p95": 0,
            "zero_pct": 100.0,
            "total": 0
        },
        "reward_action_mod_penalty": {
            "min": -6.356231868267059,
            "max": -0.0,
            "mean": -3.7830087626294087,
            "median": -3.7969129532575607,
            "std": 0.8062823959772091,
            "p5": -5.04390361905098,
            "p25": -4.263344630599022,
            "p75": -3.3770688995718956,
            "p95": -2.557617288082838,
            "zero_pct": 1.0069444444444444,
            "total": -10895.065236372697
        },
        "reward_morning_soc": {
            "min": 0,
            "max": 0,
            "mean": 0,
            "median": 0,
            "std": 0,
            "p5": 0,
            "p25": 0,
            "p75": 0,
            "p95": 0,
            "zero_pct": 100.0,
            "total": 0
        },
        "reward_night_peak_chain": {
            "min": 0,
            "max": 0,
            "mean": 0,
            "median": 0,
            "std": 0,
            "p5": 0,
            "p25": 0,
            "p75": 0,
            "p95": 0,
            "zero_pct": 100.0,
            "total": 0
        }
    }
}