{
    "total_reward": -126.2951029990409,
    "avg_battery_power": -0.03458907042848543,
    "max_battery_power": 4.623582065105438,
    "peak_grid_import": 12.786,
    "peak_grid_export": 4.335408884884643,
    "export_energy_kwh": 174.47416909131016,
    "export_revenue": 250.54635838430374,
    "price_power_correlation": -0.170474010793085,
    "avg_night_price": 48.77523214285708,
    "avg_day_price": 88.0496473214284,
    "night_charges_energy_kwh": 27.399193972568455,
    "day_charges_energy_kwh": 222.99624670072126,
    "night_day_charge_ratio": 0.12286840867478975,
    "avg_soc": 0.37590531558991475,
    "min_soc": 0.1,
    "max_soc": 0.9,
    "pct_time_in_preferred_range": 37.46279761904761,
    "pct_time_at_high_soc": 11.011904761904761,
    "violation_percentage": 0.0,
    "top3_peaks": [
        11.442804896831513,
        10.780166501402855,
        10.039
    ],
    "peak_rolling_average": 10.753990466078122,
    "current_capacity_fee": 873.7617253688474,
    "fixed_grid_fee_total": 730.0,
    "months_in_episode": 2,
    "peak_reduction_due_to_discount": 1.3431951031684868,
    "estimated_savings": 109.13460213243955,
    "night_peaks": 64,
    "day_peaks": 8,
    "actions_modified": 697,
    "pct_modified_actions": 25.930059523809522,
    "avg_action_delta": 0.19137406452317118,
    "max_action_delta": 0.7670444245049992,
    "reward_components": {
        "reward_grid_cost": -999.3500085732497,
        "reward_capacity_penalty": -685.3732309142164,
        "reward_battery_cost": -1073.2108513097166,
        "reward_soc_reward": 533.2920170978354,
        "reward_shaping": 8.59627335817901,
        "reward_arbitrage_bonus": 210.79989468403355,
        "reward_export_bonus": 100.2185433537215,
        "reward_night_charging": 109.59677589027382,
        "reward_action_mod_penalty": -158.23036646411856,
        "reward_solar_soc": 34.47466614190489,
        "reward_night_peak_chain": 0.0
    },
    "reward_component_distributions": {
        "reward_grid_cost": {
            "min": -2.403013912760546,
            "max": -0.0,
            "mean": -0.3717819972370715,
            "median": -0.2439459365611265,
            "std": 0.4148312651912047,
            "p5": -1.1923048811017447,
            "p25": -0.5543157765396187,
            "p75": -0.014430663771754185,
            "p95": -0.0,
            "zero_pct": 22.470238095238095,
            "total": -999.3500085732497
        },
        "reward_capacity_penalty": {
            "min": -3.893,
            "max": -0.0,
            "mean": -0.25497516031034917,
            "median": 0.0,
            "std": 0.678497382141522,
            "p5": -2.051192861653864,
            "p25": -0.0,
            "p75": 0.0,
            "p95": -0.0,
            "zero_pct": 79.72470238095238,
            "total": -685.3732309142164
        },
        "reward_battery_cost": {
            "min": -2.737647275391378,
            "max": -0.0,
            "mean": -0.39925998932653173,
            "median": -0.2863779659199186,
            "std": 0.4398138224475797,
            "p5": -1.2578371084760875,
            "p25": -0.6038997080759145,
            "p75": -0.008123266693436056,
            "p95": -0.0,
            "zero_pct": 22.730654761904763,
            "total": -1073.2108513097166
        },
        "reward_soc_reward": {
            "min": -0.36000000000000004,
            "max": 1.49963567083843,
            "mean": 0.1983973277893732,
            "median": -0.030257612372298483,
            "std": 0.4715906830366345,
            "p5": -0.32752358379156987,
            "p25": -0.05100461162856232,
            "p75": 0.3667598448423455,
            "p95": 1.2913885064560198,
            "zero_pct": 0.0,
            "total": 533.2920170978354
        },
        "reward_shaping": {
            "min": -1.5939799575417628,
            "max": 1.6276989915860036,
            "mean": 0.0031980183624178184,
            "median": 0.010000000000000009,
            "std": 0.2566260726092528,
            "p5": -0.11549783763353692,
            "p25": -0.021388337358556858,
            "p75": 0.028108518985138064,
            "p95": 0.11427101241342284,
            "zero_pct": 0.0,
            "total": 8.59627335817901
        },
        "reward_arbitrage_bonus": {
            "min": 0.0,
            "max": 3.0294791236519814,
            "mean": 0.07842257986757199,
            "median": 0.0,
            "std": 0.2758702335075322,
            "p5": 0.0,
            "p25": 0.0,
            "p75": 0.0,
            "p95": 0.5850000493228437,
            "zero_pct": 83.66815476190477,
            "total": 210.79989468403355
        },
        "reward_export_bonus": {
            "min": 0.0,
            "max": 0.801009742796837,
            "mean": 0.03728368428337854,
            "median": 0.0,
            "std": 0.09976443474789262,
            "p5": 0.0,
            "p25": 0.0,
            "p75": 0.0,
            "p95": 0.27040188902009443,
            "zero_pct": 77.52976190476191,
            "total": 100.2185433537215
        },
        "reward_night_charging": {
            "min": 0.0,
            "max": 2.4650275707244873,
            "mean": 0.04077261007822686,
            "median": 0.0,
            "std": 0.21314670262020166,
            "p5": 0.0,
            "p25": 0.0,
            "p75": 0.0,
            "p95": 0.14238861668854957,
            "zero_pct": 92.55952380952381,
            "total": 109.59677589027382
        },
        "reward_action_mod_penalty": {
            "min": -0.9204533094059991,
            "max": -0.0,
            "mean": -0.058865463714329824,
            "median": 0.0,
            "std": 0.12943348960779355,
            "p5": -0.32240915179252627,
            "p25": -0.02371993105662496,
            "p75": 0.0,
            "p95": -0.0,
            "zero_pct": 74.06994047619048,
            "total": -158.23036646411856
        },
        "reward_morning_soc": {
            "min": 0,
            "max": 0,
            "mean": 0,
            "median": 0,
            "std": 0,
            "p5": 0,
            "p25": 0,
            "p75": 0,
            "p95": 0,
            "zero_pct": 100.0,
            "total": 0
        },
        "reward_night_peak_chain": {
            "min": 0,
            "max": 0,
            "mean": 0,
            "median": 0,
            "std": 0,
            "p5": 0,
            "p25": 0,
            "p75": 0,
            "p95": 0,
            "zero_pct": 100.0,
            "total": 0
        }
    }
}