{
    "total_reward": -184.2722295038141,
    "avg_battery_power": -0.037604096980315804,
    "max_battery_power": 2.774648070335388,
    "peak_grid_import": 11.562099171638488,
    "peak_grid_export": 2.3290985,
    "export_energy_kwh": 5.318139782229016,
    "export_revenue": 0,
    "price_power_correlation": 0.2525489028833323,
    "avg_night_price": 57.6337298387096,
    "avg_day_price": 92.77206249999976,
    "night_charges_energy_kwh": 131.65049418416808,
    "day_charges_energy_kwh": 70.20939137257899,
    "night_day_charge_ratio": 1.8751123120486919,
    "avg_soc": 0.6891559269781644,
    "min_soc": 0.1,
    "max_soc": 0.9,
    "pct_time_in_preferred_range": 35.85349462365591,
    "pct_time_at_high_soc": 50.772849462365585,
    "violation_percentage": 0.0,
    "top3_peaks": [
        10.003,
        9.22552046585083,
        8.926073520700001
    ],
    "peak_rolling_average": 9.38486466218361,
    "current_capacity_fee": 762.5202538024183,
    "fixed_grid_fee_total": 730.0,
    "months_in_episode": 2,
    "peak_reduction_due_to_discount": 1.559099171638488,
    "estimated_savings": 126.67680769562716,
    "night_peaks": 94,
    "day_peaks": 4,
    "actions_modified": 1201,
    "pct_modified_actions": 40.35618279569893,
    "avg_action_delta": 0.24904570434507703,
    "max_action_delta": 0.6740451455116272,
    "reward_components": {
        "reward_grid_cost": -1867.8049940332442,
        "reward_capacity_penalty": -891.6181015009887,
        "reward_battery_cost": -843.302330806635,
        "reward_soc_reward": 429.53533818894044,
        "reward_shaping": 2.831992012793667,
        "reward_arbitrage_bonus": 490.2599415314765,
        "reward_export_bonus": 1.7824710977981884,
        "reward_night_charging": 526.6019767366723,
        "reward_action_mod_penalty": -357.54962635133927,
        "reward_solar_soc": 14.965501837432384,
        "reward_night_peak_chain": 0.0
    },
    "reward_component_distributions": {
        "reward_grid_cost": {
            "min": -3.2463182534096027,
            "max": -0.0,
            "mean": -0.627622645844503,
            "median": -0.5500232872364926,
            "std": 0.41407162635759553,
            "p5": -1.483689228471814,
            "p25": -0.7808174221795149,
            "p75": -0.3418159829198191,
            "p95": -0.13061345774302877,
            "zero_pct": 0.8064516129032258,
            "total": -1867.8049940332442
        },
        "reward_capacity_penalty": {
            "min": -3.281049585819244,
            "max": -0.0,
            "mean": -0.29960285668716,
            "median": 0.0,
            "std": 0.6549824324711416,
            "p5": -1.9630367603500005,
            "p25": -0.0,
            "p75": 0.0,
            "p95": 0.0,
            "zero_pct": 76.1760752688172,
            "total": -891.6181015009887
        },
        "reward_battery_cost": {
            "min": -1.6428837258564801,
            "max": -0.0,
            "mean": -0.2833677186850248,
            "median": -0.18753591366112232,
            "std": 0.3286520608697207,
            "p5": -0.9437070269149876,
            "p25": -0.4939584520761855,
            "p75": 0.0,
            "p95": 0.0,
            "zero_pct": 32.090053763440864,
            "total": -843.302330806635
        },
        "reward_soc_reward": {
            "min": -0.36000000000000004,
            "max": 1.4993055154716521,
            "mean": 0.14433311095058982,
            "median": -0.04051804286501377,
            "std": 0.5702138855009176,
            "p5": -0.35999999302304764,
            "p25": -0.3299999999951677,
            "p75": 0.5226186173602599,
            "p95": 1.3339025341636397,
            "zero_pct": 0.0,
            "total": 429.53533818894044
        },
        "reward_shaping": {
            "min": -1.6225684551396924,
            "max": 1.7406539147828475,
            "mean": 0.0009516102193527546,
            "median": 0.010000000000000009,
            "std": 0.2152758167147644,
            "p5": -0.10124629310051897,
            "p25": -0.020195558416488207,
            "p75": 0.010000000000000009,
            "p95": 0.10190686686918034,
            "zero_pct": 0.0,
            "total": 2.831992012793667
        },
        "reward_arbitrage_bonus": {
            "min": 0.0,
            "max": 2.4278170615434647,
            "mean": 0.16473788357912517,
            "median": 0.0,
            "std": 0.3746862350462685,
            "p5": 0.0,
            "p25": 0.0,
            "p75": 4.799494135454552e-13,
            "p95": 1.0442724823951721,
            "zero_pct": 74.49596774193549,
            "total": 490.2599415314765
        },
        "reward_export_bonus": {
            "min": 0.0,
            "max": 0.18652585337250002,
            "mean": 0.0005989486215719721,
            "median": 0.0,
            "std": 0.009013160575939344,
            "p5": 0.0,
            "p25": 0.0,
            "p75": 0.0,
            "p95": 0.0,
            "zero_pct": 99.19354838709677,
            "total": 1.7824710977981884
        },
        "reward_night_charging": {
            "min": 0.0,
            "max": 2.449706494808197,
            "mean": 0.17694958895721521,
            "median": 0.0,
            "std": 0.3943875505848403,
            "p5": 0.0,
            "p25": 0.0,
            "p75": 1.4654943925052066e-14,
            "p95": 1.0832272097468376,
            "zero_pct": 74.8991935483871,
            "total": 526.6019767366723
        },
        "reward_action_mod_penalty": {
            "min": -0.8088541746139527,
            "max": -0.0,
            "mean": -0.12014436369332653,
            "median": 0.0,
            "std": 0.18567151255096775,
            "p5": -0.5484765350818634,
            "p25": -0.19852746242307068,
            "p75": 0.0,
            "p95": 0.0,
            "zero_pct": 59.64381720430107,
            "total": -357.54962635133927
        },
        "reward_morning_soc": {
            "min": 0,
            "max": 0,
            "mean": 0,
            "median": 0,
            "std": 0,
            "p5": 0,
            "p25": 0,
            "p75": 0,
            "p95": 0,
            "zero_pct": 100.0,
            "total": 0
        },
        "reward_night_peak_chain": {
            "min": 0,
            "max": 0,
            "mean": 0,
            "median": 0,
            "std": 0,
            "p5": 0,
            "p25": 0,
            "p75": 0,
            "p95": 0,
            "zero_pct": 100.0,
            "total": 0
        }
    }
}