{
    "total_reward": -637.5744910897147,
    "avg_battery_power": -0.04826205470424383,
    "max_battery_power": 6.753680109977722,
    "peak_grid_import": 15.863867856502534,
    "peak_grid_export": 8.035036811949158,
    "export_energy_kwh": 301.821341143515,
    "export_revenue": 0,
    "price_power_correlation": 0.21347246699033923,
    "avg_night_price": 48.77523214285708,
    "avg_day_price": 88.0496473214284,
    "night_charges_energy_kwh": 327.2824726760131,
    "day_charges_energy_kwh": 101.34026052197441,
    "night_day_charge_ratio": 3.2295404707889603,
    "avg_soc": 0.23261347732746224,
    "min_soc": 0.1,
    "max_soc": 0.8999999999999884,
    "pct_time_in_preferred_range": 28.050595238095237,
    "pct_time_at_high_soc": 2.7157738095238098,
    "violation_percentage": 0.0,
    "top3_peaks": [
        8.104859063625335,
        7.931933928251267,
        7.5698231468200685
    ],
    "peak_rolling_average": 7.868872046232224,
    "current_capacity_fee": 639.3458537563682,
    "fixed_grid_fee_total": 730.0,
    "months_in_episode": 2,
    "peak_reduction_due_to_discount": 7.759008792877198,
    "estimated_savings": 630.4194644212723,
    "night_peaks": 66,
    "day_peaks": 0,
    "actions_modified": 1338,
    "pct_modified_actions": 49.776785714285715,
    "avg_action_delta": 0.3718667914215757,
    "max_action_delta": 1.0,
    "reward_components": {
        "reward_grid_cost": -3754.242365806432,
        "reward_capacity_penalty": -1059.7558592704067,
        "reward_battery_cost": -1854.5273269292838,
        "reward_soc_reward": 545.9660177023854,
        "reward_shaping": 2.0758337143415693,
        "reward_arbitrage_bonus": 466.5428893329355,
        "reward_export_bonus": 46.11288393237169,
        "reward_night_charging": 1309.1298907040525,
        "reward_action_mod_penalty": -591.5854394314217,
        "reward_solar_soc": 26.963567449711263,
        "reward_night_peak_chain": 88.53719362764805
    },
    "reward_component_distributions": {
        "reward_grid_cost": {
            "min": -12.321519414565694,
            "max": -0.0,
            "mean": -1.3966675468029863,
            "median": -0.8348177671874999,
            "std": 1.7379582484484233,
            "p5": -5.036425817292227,
            "p25": -2.1931278593630164,
            "p75": 0.0,
            "p95": -0.0,
            "zero_pct": 27.232142857142854,
            "total": -3754.242365806432
        },
        "reward_capacity_penalty": {
            "min": -5.431933928251267,
            "max": -0.0,
            "mean": -0.39425441193095506,
            "median": 0.0,
            "std": 0.9552172754202511,
            "p5": -2.8029249999999997,
            "p25": -0.0,
            "p75": 0.0,
            "p95": -0.0,
            "zero_pct": 76.71130952380952,
            "total": -1059.7558592704067
        },
        "reward_battery_cost": {
            "min": -3.998889538802599,
            "max": -0.0,
            "mean": -0.6899283210302392,
            "median": -0.2584011443418843,
            "std": 0.8799079487911876,
            "p5": -2.5649786760148254,
            "p25": -1.142390482078774,
            "p75": 0.0,
            "p95": -0.0,
            "zero_pct": 46.35416666666667,
            "total": -1854.5273269292838
        },
        "reward_soc_reward": {
            "min": -0.4049999999999214,
            "max": 1.49987775629217,
            "mean": 0.20311235777618558,
            "median": -0.04368546526836739,
            "std": 0.45137355629784476,
            "p5": -0.075,
            "p25": -0.045,
            "p75": 0.3086694067119776,
            "p95": 1.2788568008199315,
            "zero_pct": 0.0,
            "total": 545.9660177023854
        },
        "reward_shaping": {
            "min": -1.9468411136029238,
            "max": 2.126714863925495,
            "mean": 0.0007722595663473449,
            "median": 0.0020000000000000018,
            "std": 0.343117492910901,
            "p5": -0.29283837162254034,
            "p25": 0.0020000000000000018,
            "p75": 0.04939629591747863,
            "p95": 0.21117186770205473,
            "zero_pct": 0.0,
            "total": 2.0758337143415693
        },
        "reward_arbitrage_bonus": {
            "min": 0.0,
            "max": 5.909470096230507,
            "mean": 0.1735650629958837,
            "median": 0.0,
            "std": 0.6439601431106584,
            "p5": 0.0,
            "p25": 0.0,
            "p75": 0.0,
            "p95": 0.8345215618610385,
            "zero_pct": 82.29166666666666,
            "total": 466.5428893329355
        },
        "reward_export_bonus": {
            "min": 0.0,
            "max": 0.4456277286600311,
            "mean": 0.017155090748650164,
            "median": 0.0,
            "std": 0.04572956633566717,
            "p5": 0.0,
            "p25": 0.0,
            "p75": 0.0032052156857905194,
            "p95": 0.107328845889175,
            "zero_pct": 72.76785714285714,
            "total": 46.11288393237169
        },
        "reward_night_charging": {
            "min": 0.0,
            "max": 5.0,
            "mean": 0.4870274891012099,
            "median": 0.0,
            "std": 1.0679756126665167,
            "p5": 0.0,
            "p25": 0.0,
            "p75": 0.0,
            "p95": 3.1022318303585052,
            "zero_pct": 76.48809523809523,
            "total": 1309.1298907040525
        },
        "reward_action_mod_penalty": {
            "min": -1.2000000000000002,
            "max": -0.0,
            "mean": -0.22008386883609418,
            "median": 0.0,
            "std": 0.2725791036569133,
            "p5": -0.7240138220787049,
            "p25": -0.43332256078720094,
            "p75": 0.0,
            "p95": -0.0,
            "zero_pct": 50.22321428571429,
            "total": -591.5854394314217
        },
        "reward_morning_soc": {
            "min": 0,
            "max": 0,
            "mean": 0,
            "median": 0,
            "std": 0,
            "p5": 0,
            "p25": 0,
            "p75": 0,
            "p95": 0,
            "zero_pct": 100.0,
            "total": 0
        },
        "reward_night_peak_chain": {
            "min": 0.0,
            "max": 1.645311415195465,
            "mean": 0.03293794405790478,
            "median": 0.0,
            "std": 0.1807461102297463,
            "p5": 0.0,
            "p25": 0.0,
            "p75": 0.0,
            "p95": 0.0,
            "zero_pct": 95.98214285714286,
            "total": 88.53719362764805
        }
    }
}