{
    "total_reward": 176.47139935529367,
    "avg_battery_power": -0.06804351820067396,
    "max_battery_power": 10.0,
    "peak_grid_import": 16.991,
    "peak_grid_export": 10.0135089255,
    "export_energy_kwh": 383.12622214059195,
    "export_revenue": 0,
    "price_power_correlation": 0.3641301673274598,
    "avg_night_price": 28.219979838709616,
    "avg_day_price": 76.8684173387098,
    "night_charges_energy_kwh": 495.9025232093451,
    "day_charges_energy_kwh": 121.54346281746713,
    "night_day_charge_ratio": 4.080042741205152,
    "avg_soc": 0.47343276071266865,
    "min_soc": 0.1,
    "max_soc": 0.9,
    "pct_time_in_preferred_range": 27.385752688172044,
    "pct_time_at_high_soc": 29.67069892473118,
    "violation_percentage": 0.0,
    "top3_peaks": [
        10.015,
        9.980708191871642,
        9.164044128417968
    ],
    "peak_rolling_average": 9.719917440096538,
    "current_capacity_fee": 789.7432920078437,
    "fixed_grid_fee_total": 730.0,
    "months_in_episode": 2,
    "peak_reduction_due_to_discount": 6.975999999999999,
    "estimated_savings": 566.8,
    "night_peaks": 64,
    "day_peaks": 0,
    "actions_modified": 1449,
    "pct_modified_actions": 48.689516129032256,
    "avg_action_delta": 0.5436848355406,
    "max_action_delta": 1.0,
    "reward_components": {
        "reward_grid_cost": -4152.738754322717,
        "reward_capacity_penalty": -1427.3348306483604,
        "reward_battery_cost": -2662.263025755884,
        "reward_soc_reward": 91.42025112972075,
        "reward_shaping": -3.288670953957178,
        "reward_arbitrage_bonus": 1331.556017431982,
        "reward_export_bonus": 69.69585097155323,
        "reward_night_charging": 1983.6100928373803,
        "reward_action_mod_penalty": -935.4758592512732,
        "reward_solar_soc": 30.961817674105987,
        "reward_night_peak_chain": 269.1619665536881
    },
    "reward_component_distributions": {
        "reward_grid_cost": {
            "min": -7.6584543140624985,
            "max": -0.0,
            "mean": -1.3954095276622012,
            "median": -1.0489718622936723,
            "std": 1.3978693535788251,
            "p5": -4.239580366044822,
            "p25": -2.0268446984301782,
            "p75": -0.0460635421875,
            "p95": 0.0,
            "zero_pct": 20.29569892473118,
            "total": -4152.738754322717
        },
        "reward_capacity_penalty": {
            "min": -5.9955,
            "max": -0.0,
            "mean": -0.47961519847055106,
            "median": 0.0,
            "std": 1.0806959365684479,
            "p5": -2.9000000000000004,
            "p25": -0.2227796518292947,
            "p75": 0.0,
            "p95": 0.0,
            "zero_pct": 71.90860215053763,
            "total": -1427.3348306483604
        },
        "reward_battery_cost": {
            "min": -5.921052631578949,
            "max": -0.0,
            "mean": -0.8945776296222742,
            "median": -0.16893477542142044,
            "std": 1.195280961573138,
            "p5": -3.1348765190494694,
            "p25": -1.6686066838079379,
            "p75": 0.0,
            "p95": 0.0,
            "zero_pct": 33.568548387096776,
            "total": -2662.263025755884
        },
        "reward_soc_reward": {
            "min": -0.42750000000000005,
            "max": 0.9997008026761984,
            "mean": 0.030719170406492493,
            "median": -0.045,
            "std": 0.3580883582955237,
            "p5": -0.38250000000000006,
            "p25": -0.2003438317183297,
            "p75": 0.10977857136185268,
            "p95": 0.8333168707456013,
            "zero_pct": 0.0,
            "total": 91.42025112972075
        },
        "reward_shaping": {
            "min": -2.076396342350155,
            "max": 2.0995583401681346,
            "mean": -0.0011050641646360771,
            "median": 0.0020000000000000018,
            "std": 0.3821629666155387,
            "p5": -0.33187422100832803,
            "p25": -0.0007015796750424602,
            "p75": 0.04091297601793446,
            "p95": 0.27220833136791,
            "zero_pct": 0.0,
            "total": -3.288670953957178
        },
        "reward_arbitrage_bonus": {
            "min": 0.0,
            "max": 10.0,
            "mean": 0.447431457470424,
            "median": 0.0,
            "std": 1.4118144872466456,
            "p5": 0.0,
            "p25": 0.0,
            "p75": 0.0,
            "p95": 4.179718345403671,
            "zero_pct": 75.97446236559139,
            "total": 1331.556017431982
        },
        "reward_export_bonus": {
            "min": 0.0,
            "max": 1.231301111515182,
            "mean": 0.02341930476194665,
            "median": 0.0,
            "std": 0.08518558200999646,
            "p5": 0.0,
            "p25": 0.0,
            "p75": 0.0,
            "p95": 0.16929704450622465,
            "zero_pct": 79.70430107526882,
            "total": 69.69585097155323
        },
        "reward_night_charging": {
            "min": 0.0,
            "max": 5.0,
            "mean": 0.6665356494749258,
            "median": 0.0,
            "std": 1.5106852589257902,
            "p5": 0.0,
            "p25": 0.0,
            "p75": 2.642735807967256e-09,
            "p95": 4.868287295103073,
            "zero_pct": 71.16935483870968,
            "total": 1983.6100928373803
        },
        "reward_action_mod_penalty": {
            "min": -1.2000000000000002,
            "max": -0.0,
            "mean": -0.31434000646884175,
            "median": 0.0,
            "std": 0.4194430234928439,
            "p5": -1.1999948525181012,
            "p25": -0.6147059381008149,
            "p75": 0.0,
            "p95": 0.0,
            "zero_pct": 51.31048387096774,
            "total": -935.4758592512732
        },
        "reward_morning_soc": {
            "min": 0,
            "max": 0,
            "mean": 0,
            "median": 0,
            "std": 0,
            "p5": 0,
            "p25": 0,
            "p75": 0,
            "p95": 0,
            "zero_pct": 100.0,
            "total": 0
        },
        "reward_night_peak_chain": {
            "min": 0.0,
            "max": 2.5,
            "mean": 0.09044420919142747,
            "median": 0.0,
            "std": 0.3469190749084149,
            "p5": 0.0,
            "p25": 0.0,
            "p75": 0.0,
            "p95": 0.9729413501918316,
            "zero_pct": 90.96102150537635,
            "total": 269.1619665536881
        }
    }
}