{
    "total_reward": -1045.9758172376426,
    "avg_battery_power": -0.030705957037268063,
    "max_battery_power": 5.557146668434143,
    "peak_grid_import": 12.843759509325027,
    "peak_grid_export": 9.356914561937714,
    "export_energy_kwh": 1174.9147922362401,
    "export_revenue": 0,
    "price_power_correlation": 0.34940938419986944,
    "avg_night_price": 34.81749193548385,
    "avg_day_price": 58.76215725806439,
    "night_charges_energy_kwh": 199.55449330535203,
    "day_charges_energy_kwh": 120.10543896545055,
    "night_day_charge_ratio": 1.6614942256091811,
    "avg_soc": 0.490273850344986,
    "min_soc": 0.1,
    "max_soc": 0.9,
    "pct_time_in_preferred_range": 25.638440860215056,
    "pct_time_at_high_soc": 29.133064516129032,
    "violation_percentage": 0.0,
    "top3_peaks": [
        7.604,
        7.539443324727188,
        6.4218797546625135
    ],
    "peak_rolling_average": 7.1884410264632335,
    "current_capacity_fee": 584.0608334001378,
    "fixed_grid_fee_total": 730.0,
    "months_in_episode": 2,
    "peak_reduction_due_to_discount": 5.239759509325027,
    "estimated_savings": 425.73046013265844,
    "night_peaks": 16,
    "day_peaks": 0,
    "actions_modified": 1041,
    "pct_modified_actions": 34.979838709677416,
    "avg_action_delta": 0.28382180337977236,
    "max_action_delta": 1.0,
    "reward_components": {
        "reward_grid_cost": -2767.7443409639795,
        "reward_capacity_penalty": -439.23347110831565,
        "reward_battery_cost": -1386.2552899961236,
        "reward_soc_reward": 75.76247085832988,
        "reward_shaping": 0.20365877870422477,
        "reward_arbitrage_bonus": 739.3117961707944,
        "reward_export_bonus": 123.05387379503473,
        "reward_night_charging": 798.2179732214081,
        "reward_action_mod_penalty": -351.68595081259014,
        "reward_solar_soc": 106.59310560673475,
        "reward_night_peak_chain": 0.0
    },
    "reward_component_distributions": {
        "reward_grid_cost": {
            "min": -13.463905400000002,
            "max": -0.0,
            "mean": -0.9300216199475744,
            "median": 0.0,
            "std": 1.6461417686037445,
            "p5": -4.121304197758068,
            "p25": -1.3449801781111121,
            "p75": 0.0,
            "p95": 0.0,
            "zero_pct": 50.30241935483871,
            "total": -2767.7443409639795
        },
        "reward_capacity_penalty": {
            "min": -3.9218797546625135,
            "max": -0.0,
            "mean": -0.1475918921734932,
            "median": 0.0,
            "std": 0.4626214748254308,
            "p5": -1.1115644192397593,
            "p25": -0.0,
            "p75": 0.0,
            "p95": 0.0,
            "zero_pct": 86.12231182795699,
            "total": -439.23347110831565
        },
        "reward_battery_cost": {
            "min": -3.2904157905202163,
            "max": -0.0,
            "mean": -0.46581158938041795,
            "median": -0.25141818546935135,
            "std": 0.5812722824707408,
            "p5": -1.6246000978311426,
            "p25": -0.7352474942607315,
            "p75": 0.0,
            "p95": 0.0,
            "zero_pct": 26.377688172043012,
            "total": -1386.2552899961236
        },
        "reward_soc_reward": {
            "min": -0.41850000000000004,
            "max": 1.1972744876267079,
            "mean": 0.025457819508847408,
            "median": -0.054543520949010035,
            "std": 0.3647110569629461,
            "p5": -0.39599999999989166,
            "p25": -0.10499999999999998,
            "p75": -0.002753666387386295,
            "p95": 0.8883348035075231,
            "zero_pct": 0.0,
            "total": 75.76247085832988
        },
        "reward_shaping": {
            "min": -1.6736243665577875,
            "max": 1.7208571049220256,
            "mean": 6.843372940335095e-05,
            "median": 0.0020000000000000018,
            "std": 0.27402301292560777,
            "p5": -0.1608373126317066,
            "p25": -0.01951098004989754,
            "p75": 0.029559152997986823,
            "p95": 0.13767361241650508,
            "zero_pct": 0.0,
            "total": 0.20365877870422477
        },
        "reward_arbitrage_bonus": {
            "min": 0.0,
            "max": 4.545014426112175,
            "mean": 0.2484246626917992,
            "median": 0.0,
            "std": 0.6199045305465128,
            "p5": 0.0,
            "p25": 0.0,
            "p75": 0.0008948524232704758,
            "p95": 1.515008332207799,
            "zero_pct": 70.59811827956989,
            "total": 739.3117961707944
        },
        "reward_export_bonus": {
            "min": 0.0,
            "max": 0.37913874955191423,
            "mean": 0.04134874791499827,
            "median": 0.0012564712272744181,
            "std": 0.06209284087800333,
            "p5": 0.0,
            "p25": 0.0,
            "p75": 0.06883021509579676,
            "p95": 0.1583299582725568,
            "zero_pct": 49.69758064516129,
            "total": 123.05387379503473
        },
        "reward_night_charging": {
            "min": 0.0,
            "max": 4.993875622749329,
            "mean": 0.26821840498031185,
            "median": 0.0,
            "std": 0.6752569622064039,
            "p5": 0.0,
            "p25": 0.0,
            "p75": 0.0,
            "p95": 1.8987106159329414,
            "zero_pct": 75.73924731182797,
            "total": 798.2179732214081
        },
        "reward_action_mod_penalty": {
            "min": -1.2000000000000002,
            "max": -0.0,
            "mean": -0.11817404261175732,
            "median": 0.0,
            "std": 0.23517647963923283,
            "p5": -0.6486205101013184,
            "p25": -0.1255283609032631,
            "p75": 0.0,
            "p95": 0.0,
            "zero_pct": 65.02016129032258,
            "total": -351.68595081259014
        },
        "reward_morning_soc": {
            "min": 0,
            "max": 0,
            "mean": 0,
            "median": 0,
            "std": 0,
            "p5": 0,
            "p25": 0,
            "p75": 0,
            "p95": 0,
            "zero_pct": 100.0,
            "total": 0
        },
        "reward_night_peak_chain": {
            "min": 0,
            "max": 0,
            "mean": 0,
            "median": 0,
            "std": 0,
            "p5": 0,
            "p25": 0,
            "p75": 0,
            "p95": 0,
            "zero_pct": 100.0,
            "total": 0
        }
    }
}