{
    "total_reward": -5.161062871484069,
    "avg_battery_power": -0.0740115917172669,
    "max_battery_power": 10.0,
    "peak_grid_import": 16.72,
    "peak_grid_export": 9.041290587425232,
    "export_energy_kwh": 344.80581858496333,
    "export_revenue": 0,
    "price_power_correlation": 0.21863032042705663,
    "avg_night_price": 28.219979838709616,
    "avg_day_price": 76.8684173387098,
    "night_charges_energy_kwh": 335.73909916758754,
    "day_charges_energy_kwh": 319.0860866526767,
    "night_day_charge_ratio": 1.0521897168554313,
    "avg_soc": 0.5225890497564033,
    "min_soc": 0.1,
    "max_soc": 0.9,
    "pct_time_in_preferred_range": 35.215053763440864,
    "pct_time_at_high_soc": 31.317204301075268,
    "violation_percentage": 0.0,
    "top3_peaks": [
        11.972999999999999,
        10.015,
        9.286
    ],
    "peak_rolling_average": 10.424666666666667,
    "current_capacity_fee": 847.0041666666667,
    "fixed_grid_fee_total": 730.0,
    "months_in_episode": 2,
    "peak_reduction_due_to_discount": 4.747,
    "estimated_savings": 385.69374999999997,
    "night_peaks": 25,
    "day_peaks": 0,
    "actions_modified": 1148,
    "pct_modified_actions": 38.575268817204304,
    "avg_action_delta": 0.5295102050126153,
    "max_action_delta": 1.0,
    "reward_components": {
        "reward_grid_cost": -1135.6945615862148,
        "reward_capacity_penalty": -1218.8455192083456,
        "reward_battery_cost": -2820.1743752812267,
        "reward_soc_reward": 379.5007227716284,
        "reward_shaping": 5.828040606319105,
        "reward_arbitrage_bonus": 1355.8409264729528,
        "reward_export_bonus": 235.08815208018135,
        "reward_night_charging": 1342.9563966703502,
        "reward_action_mod_penalty": -721.1565229282758,
        "reward_solar_soc": 30.677462425082922,
        "reward_night_peak_chain": 0.0
    },
    "reward_component_distributions": {
        "reward_grid_cost": {
            "min": -1.86524154875,
            "max": -0.0,
            "mean": -0.38161779623192743,
            "median": -0.32005671023117177,
            "std": 0.3582741289029737,
            "p5": -1.1318283916712553,
            "p25": -0.5514533511153693,
            "p75": -0.08496019684629444,
            "p95": 0.0,
            "zero_pct": 17.473118279569892,
            "total": -1135.6945615862148
        },
        "reward_capacity_penalty": {
            "min": -5.859999999999999,
            "max": -0.0,
            "mean": -0.4095583061855997,
            "median": 0.0,
            "std": 0.9323863648992138,
            "p5": -2.7524999999999995,
            "p25": -0.1370576647184789,
            "p75": 0.0,
            "p95": 0.0,
            "zero_pct": 72.64784946236558,
            "total": -1218.8455192083456
        },
        "reward_battery_cost": {
            "min": -5.921052631578949,
            "max": -0.0,
            "mean": -0.9476392390057881,
            "median": -0.4048742885934189,
            "std": 1.1853470917170972,
            "p5": -3.0968194141199716,
            "p25": -1.6675808499199585,
            "p75": 0.0,
            "p95": 0.0,
            "zero_pct": 27.016129032258064,
            "total": -2820.1743752812267
        },
        "reward_soc_reward": {
            "min": -0.36000000000000004,
            "max": 1.4999449322471432,
            "mean": 0.127520404157133,
            "median": -0.04645449515429334,
            "std": 0.4894917215267649,
            "p5": -0.33,
            "p25": -0.20562405298862224,
            "p75": 0.2915143570841394,
            "p95": 1.24264328942682,
            "zero_pct": 0.0,
            "total": 379.5007227716284
        },
        "reward_shaping": {
            "min": -2.213232580794457,
            "max": 2.2875478503977837,
            "mean": 0.001958346977929834,
            "median": 0.010000000000000009,
            "std": 0.3548047263361438,
            "p5": -0.3156036993863291,
            "p25": -0.033525202629854506,
            "p75": 0.05186576456607869,
            "p95": 0.26769315655196024,
            "zero_pct": 0.0,
            "total": 5.828040606319105
        },
        "reward_arbitrage_bonus": {
            "min": 0.0,
            "max": 8.026270046830177,
            "mean": 0.4555917091642986,
            "median": 0.0,
            "std": 1.1798128997166666,
            "p5": 0.0,
            "p25": 0.0,
            "p75": 0.0,
            "p95": 2.5,
            "zero_pct": 76.1760752688172,
            "total": 1355.8409264729528
        },
        "reward_export_bonus": {
            "min": 0.0,
            "max": 2.733827657385943,
            "mean": 0.07899467475812547,
            "median": 0.0,
            "std": 0.2718173351985822,
            "p5": 0.0,
            "p25": 0.0,
            "p75": 0.0,
            "p95": 0.5729605853386116,
            "zero_pct": 82.52688172043011,
            "total": 235.08815208018135
        },
        "reward_night_charging": {
            "min": 0.0,
            "max": 5.0,
            "mean": 0.4512622300639618,
            "median": 0.0,
            "std": 1.2164127780756229,
            "p5": 0.0,
            "p25": 0.0,
            "p75": 0.0,
            "p95": 3.8990186899900436,
            "zero_pct": 81.45161290322581,
            "total": 1342.9563966703502
        },
        "reward_action_mod_penalty": {
            "min": -1.2000000000000002,
            "max": -0.0,
            "mean": -0.24232410044632915,
            "median": 0.0,
            "std": 0.393630880354255,
            "p5": -1.19999999996078,
            "p25": -0.37964515600759097,
            "p75": 0.0,
            "p95": 0.0,
            "zero_pct": 61.424731182795696,
            "total": -721.1565229282758
        },
        "reward_morning_soc": {
            "min": 0,
            "max": 0,
            "mean": 0,
            "median": 0,
            "std": 0,
            "p5": 0,
            "p25": 0,
            "p75": 0,
            "p95": 0,
            "zero_pct": 100.0,
            "total": 0
        },
        "reward_night_peak_chain": {
            "min": 0,
            "max": 0,
            "mean": 0,
            "median": 0,
            "std": 0,
            "p5": 0,
            "p25": 0,
            "p75": 0,
            "p95": 0,
            "zero_pct": 100.0,
            "total": 0
        }
    }
}