{
    "total_reward": -679.2111316079651,
    "avg_battery_power": 0.009656799168245807,
    "max_battery_power": 1.7277605831623077,
    "peak_grid_import": 11.989,
    "peak_grid_export": 11.542609583162308,
    "export_energy_kwh": 1563.1139507373873,
    "export_revenue": 0,
    "price_power_correlation": 0.02469997278649683,
    "avg_night_price": 33.81838333333334,
    "avg_day_price": 39.369108333333514,
    "night_charges_energy_kwh": 2.6218711637193337,
    "day_charges_energy_kwh": 12.871690565370955,
    "night_day_charge_ratio": 0.20369283664828164,
    "avg_soc": 0.10943672612744013,
    "min_soc": 0.1,
    "max_soc": 0.5064162143336778,
    "pct_time_in_preferred_range": 6.25,
    "pct_time_at_high_soc": 0.0,
    "violation_percentage": 0.0,
    "top3_peaks": [
        5.9945,
        5.9945,
        5.9945
    ],
    "peak_rolling_average": 5.9944999999999995,
    "current_capacity_fee": 487.05312499999997,
    "fixed_grid_fee_total": 730.0,
    "months_in_episode": 2,
    "peak_reduction_due_to_discount": 5.9945,
    "estimated_savings": 487.053125,
    "night_peaks": 48,
    "day_peaks": 0,
    "actions_modified": 2400,
    "pct_modified_actions": 83.33333333333334,
    "avg_action_delta": 0.08609898068290622,
    "max_action_delta": 0.26897573471069336,
    "reward_components": {
        "reward_grid_cost": -1059.2010015884448,
        "reward_capacity_penalty": -524.8261174174485,
        "reward_battery_cost": -862.8014982015299,
        "reward_soc_reward": 72.84538691665894,
        "reward_shaping": 328.6387693103238,
        "reward_arbitrage_bonus": 0.0,
        "reward_export_bonus": 1293.966129837697,
        "reward_night_charging": 52.437423274386674,
        "reward_action_mod_penalty": -6060.768200374258,
        "reward_morning_soc": -6.223549606572649,
        "reward_night_peak_chain": 15.771280389009574
    },
    "reward_component_distributions": {
        "reward_grid_cost": {
            "min": -4.65233145,
            "max": -0.0,
            "mean": -0.3677781255515437,
            "median": 0.0,
            "std": 0.8417093970172862,
            "p5": -2.516829550375385,
            "p25": -0.2967660852629911,
            "p75": 0.0,
            "p95": 0.0,
            "zero_pct": 53.68055555555556,
            "total": -1059.2010015884448
        },
        "reward_capacity_penalty": {
            "min": -6.989000000000001,
            "max": -0.0,
            "mean": -0.18223129076994746,
            "median": 0.0,
            "std": 0.8580484446902402,
            "p5": -1.0960499999999989,
            "p25": -0.0,
            "p75": 0.0,
            "p95": 0.0,
            "zero_pct": 93.88888888888889,
            "total": -524.8261174174485
        },
        "reward_battery_cost": {
            "min": -10.23016134767156,
            "max": -0.0,
            "mean": -0.29958385354219785,
            "median": 0.0,
            "std": 0.9576629420895277,
            "p5": -2.0829769655247214,
            "p25": -0.0,
            "p75": 0.0,
            "p95": 0.0,
            "zero_pct": 82.04861111111111,
            "total": -862.8014982015299
        },
        "reward_soc_reward": {
            "min": -0.04999999999999999,
            "max": 4.965988870637564,
            "mean": 0.025293537123842982,
            "median": -0.04999999999999999,
            "std": 0.43582623572426504,
            "p5": -0.04999999999999999,
            "p25": -0.04999999999999999,
            "p75": -0.04999999999999999,
            "p95": 0.18346597537774034,
            "zero_pct": 0.0,
            "total": 72.84538691665894
        },
        "reward_shaping": {
            "min": -6.552385069094598,
            "max": 6.574332213472914,
            "mean": 0.11411068378831374,
            "median": 0.14000000000000057,
            "std": 1.0321652201972458,
            "p5": -0.024126759708279027,
            "p25": 0.14000000000000057,
            "p75": 0.14000000000000057,
            "p95": 0.14000000000000057,
            "zero_pct": 0.0,
            "total": 328.6387693103238
        },
        "reward_arbitrage_bonus": {
            "min": 0,
            "max": 0,
            "mean": 0,
            "median": 0,
            "std": 0,
            "p5": 0,
            "p25": 0,
            "p75": 0,
            "p95": 0,
            "zero_pct": 100.0,
            "total": 0
        },
        "reward_export_bonus": {
            "min": 0.0,
            "max": 3.7346977733812503,
            "mean": 0.4492937950825333,
            "median": 0.05492070200235,
            "std": 0.633314667034512,
            "p5": 0.0,
            "p25": 0.0,
            "p75": 0.7722137277304182,
            "p95": 1.677021980154708,
            "zero_pct": 46.31944444444444,
            "total": 1293.966129837697
        },
        "reward_night_charging": {
            "min": 0.0,
            "max": 3.436945006251335,
            "mean": 0.018207438636939816,
            "median": 0.0,
            "std": 0.1684337968999947,
            "p5": 0.0,
            "p25": 0.0,
            "p75": 0.0,
            "p95": 0.0,
            "zero_pct": 97.46527777777779,
            "total": 52.437423274386674
        },
        "reward_action_mod_penalty": {
            "min": -8.0692720413208,
            "max": -0.0,
            "mean": -2.1044334029077287,
            "median": -2.0750542357563972,
            "std": 1.6104957593188685,
            "p5": -4.884951621294022,
            "p25": -3.129535596817732,
            "p75": -0.7304565561935306,
            "p95": 0.0,
            "zero_pct": 16.666666666666664,
            "total": -6060.768200374258
        },
        "reward_morning_soc": {
            "min": -0.6428874171178565,
            "max": 0.0,
            "mean": -0.002160954724504392,
            "median": 0.0,
            "std": 0.03412149907019055,
            "p5": 0.0,
            "p25": 0.0,
            "p75": 0.0,
            "p95": 0.0,
            "zero_pct": 99.58333333333333,
            "total": -6.223549606572649
        },
        "reward_night_peak_chain": {
            "min": 0.0,
            "max": 14.858601614832878,
            "mean": 0.005476139023961658,
            "median": 0.0,
            "std": 0.27707405311664285,
            "p5": 0.0,
            "p25": 0.0,
            "p75": 0.0,
            "p95": 0.0,
            "zero_pct": 99.86111111111111,
            "total": 15.771280389009574
        }
    }
}