{
    "total_reward": -789.3627185933962,
    "avg_battery_power": -0.016206565924260924,
    "max_battery_power": 0.5679759010672569,
    "peak_grid_import": 12.280919538497924,
    "peak_grid_export": 11.299507499997617,
    "export_energy_kwh": 1562.6549112606845,
    "export_revenue": 0,
    "price_power_correlation": 0.23847781556322062,
    "avg_night_price": 33.81838333333334,
    "avg_day_price": 39.369108333333514,
    "night_charges_energy_kwh": 18.861804335093797,
    "day_charges_energy_kwh": 15.073861977398089,
    "night_day_charge_ratio": 1.2512920951097595,
    "avg_soc": 0.8753861296272003,
    "min_soc": 0.5051037549591538,
    "max_soc": 0.9,
    "pct_time_in_preferred_range": 8.854166666666668,
    "pct_time_at_high_soc": 93.75,
    "violation_percentage": 0.0,
    "top3_peaks": [
        6.140459769248962,
        6.029494202478041,
        5.994509249275307
    ],
    "peak_rolling_average": 6.054821073667437,
    "current_capacity_fee": 491.95421223547925,
    "fixed_grid_fee_total": 730.0,
    "months_in_episode": 2,
    "peak_reduction_due_to_discount": 6.140459769248962,
    "estimated_savings": 498.9123562514782,
    "night_peaks": 32,
    "day_peaks": 0,
    "actions_modified": 1288,
    "pct_modified_actions": 44.72222222222222,
    "avg_action_delta": 0.03552677584553596,
    "max_action_delta": 0.11546371877193451,
    "reward_components": {
        "reward_grid_cost": -1085.9975379835555,
        "reward_capacity_penalty": -533.5169963190864,
        "reward_battery_cost": -751.649840915418,
        "reward_soc_reward": -3363.293779401724,
        "reward_shaping": 124.0895701121165,
        "reward_arbitrage_bonus": 0.0,
        "reward_export_bonus": 1298.6074854248095,
        "reward_night_charging": 377.23608670187605,
        "reward_action_mod_penalty": -1261.5510718262683,
        "reward_morning_soc": -1582.3304381190935,
        "reward_night_peak_chain": 57.812841318082064
    },
    "reward_component_distributions": {
        "reward_grid_cost": {
            "min": -4.776893921740114,
            "max": -0.0,
            "mean": -0.37708247846651227,
            "median": 0.0,
            "std": 0.846313688545871,
            "p5": -2.5194261111631184,
            "p25": -0.30782410413215194,
            "p75": 0.0,
            "p95": 0.0,
            "zero_pct": 55.59027777777777,
            "total": -1085.9975379835555
        },
        "reward_capacity_penalty": {
            "min": -7.280919538497924,
            "max": -0.0,
            "mean": -0.18524895705523836,
            "median": 0.0,
            "std": 0.8682594667285333,
            "p5": -1.0960499999999995,
            "p25": -0.0,
            "p75": 0.0,
            "p95": 0.0,
            "zero_pct": 93.78472222222223,
            "total": -533.5169963190864
        },
        "reward_battery_cost": {
            "min": -2.0178091222126233,
            "max": -0.0,
            "mean": -0.26098952809563125,
            "median": -0.08487395814154297,
            "std": 0.35511768600467464,
            "p5": -1.0071656995103695,
            "p25": -0.4354413884575479,
            "p75": 0.0,
            "p95": 0.0,
            "zero_pct": 29.82638888888889,
            "total": -751.649840915418
        },
        "reward_soc_reward": {
            "min": -1.5750000000000002,
            "max": 4.9270892148692305,
            "mean": -1.1678103400700577,
            "median": -1.5543013387649158,
            "std": 1.1164483767357352,
            "p5": -1.5750000000000002,
            "p25": -1.5750000000000002,
            "p75": -1.3532385110918626,
            "p95": 1.8284346447808881,
            "zero_pct": 0.0,
            "total": -3363.293779401724
        },
        "reward_shaping": {
            "min": -6.360000000000026,
            "max": 6.576537914271847,
            "mean": 0.04308665628892925,
            "median": 0.009999999999952214,
            "std": 1.0289199906416595,
            "p5": -0.05140918470404107,
            "p25": -0.00932709441764783,
            "p75": 0.14000000000000057,
            "p95": 0.14000000000000057,
            "zero_pct": 0.0,
            "total": 124.0895701121165
        },
        "reward_arbitrage_bonus": {
            "min": 0,
            "max": 0,
            "mean": 0,
            "median": 0,
            "std": 0,
            "p5": 0,
            "p25": 0,
            "p75": 0,
            "p95": 0,
            "zero_pct": 100.0,
            "total": 0
        },
        "reward_export_bonus": {
            "min": 0.0,
            "max": 3.71011555256544,
            "mean": 0.4509053768836146,
            "median": 0.06886503976267944,
            "std": 0.6306334451926904,
            "p5": 0.0,
            "p25": 0.0,
            "p75": 0.7629297858523032,
            "p95": 1.672794214495124,
            "zero_pct": 44.40972222222222,
            "total": 1298.6074854248095
        },
        "reward_night_charging": {
            "min": 0.0,
            "max": 2.3948784917593002,
            "mean": 0.1309847523270402,
            "median": 0.0,
            "std": 0.38286311905469195,
            "p5": 0.0,
            "p25": 0.0,
            "p75": 0.0,
            "p95": 1.133995917625725,
            "zero_pct": 79.58333333333333,
            "total": 377.23608670187605
        },
        "reward_action_mod_penalty": {
            "min": -3.4639115631580353,
            "max": -0.0,
            "mean": -0.43803856660634277,
            "median": 0.0,
            "std": 0.6883698556401884,
            "p5": -1.9168735183775425,
            "p25": -0.7036656886339188,
            "p75": 0.0,
            "p95": 0.0,
            "zero_pct": 55.27777777777778,
            "total": -1261.5510718262683
        },
        "reward_morning_soc": {
            "min": -4.55,
            "max": 0.0,
            "mean": -0.5494202910135758,
            "median": 0.0,
            "std": 1.463450402824616,
            "p5": -4.549999999824352,
            "p25": 0.0,
            "p75": 0.0,
            "p95": 0.0,
            "zero_pct": 87.5,
            "total": -1582.3304381190935
        },
        "reward_night_peak_chain": {
            "min": 0.0,
            "max": 2.683356637135148,
            "mean": 0.02007390323544516,
            "median": 0.0,
            "std": 0.1626086907642589,
            "p5": 0.0,
            "p25": 0.0,
            "p75": 0.0,
            "p95": 0.0,
            "zero_pct": 97.95138888888889,
            "total": 57.812841318082064
        }
    }
}