{
    "total_reward": -358.2121705501999,
    "avg_battery_power": -0.019536392699510716,
    "max_battery_power": 10.0,
    "peak_grid_import": 16.787,
    "peak_grid_export": 8.544147146072083,
    "export_energy_kwh": 137.41708520636797,
    "export_revenue": 0,
    "price_power_correlation": 0.10839987528033865,
    "avg_night_price": 28.219979838709616,
    "avg_day_price": 76.8684173387098,
    "night_charges_energy_kwh": 150.00444488074635,
    "day_charges_energy_kwh": 93.62506119004023,
    "night_day_charge_ratio": 1.6021826098064407,
    "avg_soc": 0.34642277245808634,
    "min_soc": 0.1,
    "max_soc": 0.9,
    "pct_time_in_preferred_range": 14.415322580645162,
    "pct_time_at_high_soc": 21.538978494623656,
    "violation_percentage": 0.0,
    "top3_peaks": [
        10.015,
        9.675082067012788,
        8.3935
    ],
    "peak_rolling_average": 9.361194022337596,
    "current_capacity_fee": 760.5970143149297,
    "fixed_grid_fee_total": 730.0,
    "months_in_episode": 2,
    "peak_reduction_due_to_discount": 6.7719999999999985,
    "estimated_savings": 550.2249999999999,
    "night_peaks": 4,
    "day_peaks": 0,
    "actions_modified": 1932,
    "pct_modified_actions": 64.91935483870968,
    "avg_action_delta": 0.49828217118829615,
    "max_action_delta": 1.0,
    "reward_components": {
        "reward_grid_cost": -1014.8886227019965,
        "reward_capacity_penalty": -884.7435382637634,
        "reward_battery_cost": -1063.3501400476614,
        "reward_soc_reward": -133.9794975952297,
        "reward_shaping": 15.359894244249137,
        "reward_arbitrage_bonus": 352.805951481265,
        "reward_export_bonus": 74.93023231370265,
        "reward_night_charging": 600.0177795229854,
        "reward_action_mod_penalty": -1151.4051657695707,
        "reward_solar_soc": 12.257583267055452,
        "reward_night_peak_chain": 0.0
    },
    "reward_component_distributions": {
        "reward_grid_cost": {
            "min": -1.5446272737500002,
            "max": -0.0,
            "mean": -0.3410244027896491,
            "median": -0.28824766524544654,
            "std": 0.31618386934109466,
            "p5": -0.9780862922658963,
            "p25": -0.5004525936651054,
            "p75": -0.04875655639345483,
            "p95": 0.0,
            "zero_pct": 13.709677419354838,
            "total": -1014.8886227019965
        },
        "reward_capacity_penalty": {
            "min": -5.8934999999999995,
            "max": -0.0,
            "mean": -0.29729285559938223,
            "median": 0.0,
            "std": 0.7430173066668101,
            "p5": -2.072,
            "p25": -0.0,
            "p75": 0.0,
            "p95": 0.0,
            "zero_pct": 76.51209677419355,
            "total": -884.7435382637634
        },
        "reward_battery_cost": {
            "min": -5.921052631578949,
            "max": -0.0,
            "mean": -0.3573085148009621,
            "median": 0.0,
            "std": 0.7360085252384436,
            "p5": -1.790394381350478,
            "p25": -0.4478802003432065,
            "p75": 0.0,
            "p95": 0.0,
            "zero_pct": 60.08064516129033,
            "total": -1063.3501400476614
        },
        "reward_soc_reward": {
            "min": -0.3960000000000001,
            "max": 0.7993761620425681,
            "mean": -0.04501999247151424,
            "median": -0.06,
            "std": 0.22621067760940927,
            "p5": -0.35100000000000003,
            "p25": -0.09000000000000002,
            "p75": -0.029999999999999995,
            "p95": 0.4847386740809489,
            "zero_pct": 0.0,
            "total": -133.9794975952297
        },
        "reward_shaping": {
            "min": -1.8869692373960212,
            "max": 1.8271074152049833,
            "mean": 0.005161254786374145,
            "median": 0.010000000000000009,
            "std": 0.2787632011491839,
            "p5": -0.165195383340985,
            "p25": 0.010000000000000009,
            "p75": 0.010000000000000009,
            "p95": 0.12838577984722233,
            "zero_pct": 0.0,
            "total": 15.359894244249137
        },
        "reward_arbitrage_bonus": {
            "min": 0.0,
            "max": 6.692864820361137,
            "mean": 0.11855038692246803,
            "median": 0.0,
            "std": 0.5372347501183639,
            "p5": 0.0,
            "p25": 0.0,
            "p75": 0.0,
            "p95": 0.8167639747262001,
            "zero_pct": 87.26478494623656,
            "total": 352.805951481265
        },
        "reward_export_bonus": {
            "min": 0.0,
            "max": 2.0908572949736333,
            "mean": 0.02517816946024953,
            "median": 0.0,
            "std": 0.1242919383594998,
            "p5": 0.0,
            "p25": 0.0,
            "p75": 0.0,
            "p95": 0.14750534225339998,
            "zero_pct": 86.29032258064517,
            "total": 74.93023231370265
        },
        "reward_night_charging": {
            "min": 0.0,
            "max": 5.0,
            "mean": 0.20161887752788488,
            "median": 0.0,
            "std": 0.6540498299258761,
            "p5": 0.0,
            "p25": 0.0,
            "p75": 0.0,
            "p95": 1.8171721696853638,
            "zero_pct": 85.01344086021506,
            "total": 600.0177795229854
        },
        "reward_action_mod_penalty": {
            "min": -1.2000000000000002,
            "max": -0.0,
            "mean": -0.3868968970999893,
            "median": -0.2739179760217667,
            "std": 0.40092183559158984,
            "p5": -1.1510865878706895,
            "p25": -0.7425106465816498,
            "p75": 0.0,
            "p95": 0.0,
            "zero_pct": 35.08064516129033,
            "total": -1151.4051657695707
        },
        "reward_morning_soc": {
            "min": 0,
            "max": 0,
            "mean": 0,
            "median": 0,
            "std": 0,
            "p5": 0,
            "p25": 0,
            "p75": 0,
            "p95": 0,
            "zero_pct": 100.0,
            "total": 0
        },
        "reward_night_peak_chain": {
            "min": 0,
            "max": 0,
            "mean": 0,
            "median": 0,
            "std": 0,
            "p5": 0,
            "p25": 0,
            "p75": 0,
            "p95": 0,
            "zero_pct": 100.0,
            "total": 0
        }
    }
}